{
"type": "FeatureCollection",
"name": "MG_burned_Cana_2023",
"crs": { "type": "name", "properties": { "name": "urn:ogc:def:crs:EPSG::4674" } },
"features": [
{ "type": "Feature", "properties": { "ID": 14, "Area_ha": 12838841.16, "x": 6094719.995, "y": 8309308.942, "CD_GEOCOD": "3140852", "NM_MUNICI": "Matias Cardoso", "NM_MESO": "Norte", "NM_MICRO": "JANUÁRIA" }, "geometry": { "type": "MultiPolygon", "coordinates": [ [ [ [ 6094780.666302383877337, 8309366.725309237837791 ], [ 6094775.105040890164673, 8309245.807347869500518 ], [ 6094659.323137558065355, 8309251.158391144126654 ], [ 6094664.883799375966191, 8309372.076005491428077 ], [ 6094780.666302383877337, 8309366.725309237837791 ] ] ] ] } },
{ "type": "Feature", "properties": { "ID": 14, "Area_ha": 12838841.16, "x": 6079007.663, "y": 8293295.659, "CD_GEOCOD": "3135050", "NM_MUNICI": "Jaíba", "NM_MESO": "Norte", "NM_MICRO": "JANAÚBA" }, "geometry": { "type": "MultiPolygon", "coordinates": [ [ [ [ 6078976.704816385172307, 8293558.602515479549766 ], [ 6078975.320947395637631, 8293528.385028860531747 ], [ 6079033.172712135128677, 8293525.722884687595069 ], [ 6079030.404751132242382, 8293465.287830575369298 ], [ 6079377.51429424341768, 8293449.311456174589694 ], [ 6079371.976270187646151, 8293328.440341778099537 ], [ 6079314.124998570419848, 8293331.103598367422819 ], [ 6079312.740508326329291, 8293300.885866146534681 ], [ 6079139.186880918219686, 8293308.874907428398728 ], [ 6079128.111912209540606, 8293067.134126901626587 ], [ 6079157.037218373268843, 8293065.802538594231009 ], [ 6079150.114395934157073, 8292914.714492260478437 ], [ 6079034.413917778991163, 8292920.04105790425092 ], [ 6079035.798378861509264, 8292950.258578896522522 ], [ 6078977.948054286651313, 8292952.92160489782691 ], [ 6078987.638082295656204, 8293164.443994717672467 ], [ 6078727.309157957322896, 8293176.424501441419125 ], [ 6078739.762979570776224, 8293448.380239049904048 ], [ 6078768.688762475736439, 8293447.049406301230192 ], [ 6078771.456090809777379, 8293507.484073580242693 ], [ 6078800.381947687827051, 8293506.153247794136405 ], [ 6078801.765613770112395, 8293536.370604972355068 ], [ 6078830.691506812348962, 8293535.039764829911292 ], [ 6078832.075186772271991, 8293565.257144818082452 ], [ 6078976.704816385172307, 8293558.602515479549766 ] ] ] ] } },
{ "type": "Feature", "properties": { "ID": 14, "Area_ha": 12838841.16, "x": 6079644.441, "y": 8292316.596, "CD_GEOCOD": "3135050", "NM_MUNICI": "Jaíba", "NM_MESO": "Norte", "NM_MICRO": "JANAÚBA" }, "geometry": { "type": "MultiPolygon", "coordinates": [ [ [ [ 6079706.447235038504004, 8292404.584770923480392 ], [ 6079698.132220476865768, 8292223.276746486313641 ], [ 6079582.435202675871551, 8292228.608045509085059 ], [ 6079590.749309242703021, 8292409.915557837113738 ], [ 6079706.447235038504004, 8292404.584770923480392 ] ] ] ] } },
{ "type": "Feature", "properties": { "ID": 16, "Area_ha": 6241148.83, "x": 5810639.435, "y": 8108455.962, "CD_GEOCOD": "3147006", "NM_MUNICI": "Paracatu", "NM_MESO": "Noroeste", "NM_MICRO": "PARACATU" }, "geometry": { "type": "MultiPolygon", "coordinates": [ [ [ [ 5810736.477263437584043, 8108603.249034821987152 ], [ 5810735.315298610366881, 8108573.204468980431557 ], [ 5810763.997404757887125, 8108572.092176651582122 ], [ 5810755.862858146429062, 8108361.780123633332551 ], [ 5810727.18104287609458, 8108362.89252489618957 ], [ 5810724.8568084705621, 8108302.80340342503041 ], [ 5810610.129864576272666, 8108307.252739421091974 ], [ 5810611.291824513114989, 8108337.297237614169717 ], [ 5810525.246475898660719, 8108340.633779712952673 ], [ 5810526.40829324349761, 8108370.67823183350265 ], [ 5810497.726465764455497, 8108371.790318265557289 ], [ 5810503.535075893625617, 8108522.012510078027844 ], [ 5810532.217111144214869, 8108520.900501431897283 ], [ 5810533.378820957615972, 8108550.94495715200901 ], [ 5810590.742969986051321, 8108548.720852928236127 ], [ 5810593.066502052359283, 8108608.809828407131135 ], [ 5810736.477263437584043, 8108603.249034821987152 ] ] ] ] } },
{ "type": "Feature", "properties": { "ID": 16, "Area_ha": 6241148.83, "x": 5823836.375, "y": 8105195.788, "CD_GEOCOD": "3147006", "NM_MUNICI": "Paracatu", "NM_MESO": "Noroeste", "NM_MICRO": "PARACATU" }, "geometry": { "type": "MultiPolygon", "coordinates": [ [ [ [ 5823878.72254057507962, 8105320.422647040337324 ], [ 5823876.356837065890431, 8105260.319138115271926 ], [ 5823905.034363436512649, 8105259.187195865437388 ], [ 5823903.851442720741034, 8105229.135426567867398 ], [ 5823932.528925904072821, 8105228.003429109230638 ], [ 5823931.345945334993303, 8105197.951644649729133 ], [ 5823960.023385329172015, 8105196.819591984152794 ], [ 5823954.108000997453928, 8105046.560600372031331 ], [ 5823839.399064383469522, 8105051.088890775106847 ], [ 5823841.764939694665372, 8105111.192359019070864 ], [ 5823784.410295510664582, 8105113.456204578280449 ], [ 5823785.593122567981482, 8105143.507908060215414 ], [ 5823756.915756510570645, 8105144.639755928888917 ], [ 5823758.098523715510964, 8105174.69144425727427 ], [ 5823729.421114467084408, 8105175.82323691714555 ], [ 5823730.603821823373437, 8105205.874910089187324 ], [ 5823701.92636938765645, 8105207.006647544912994 ], [ 5823706.656850120052695, 8105327.213283472694457 ], [ 5823878.72254057507962, 8105320.422647040337324 ] ] ] ] } },
{ "type": "Feature", "properties": { "ID": 16, "Area_ha": 6241148.83, "x": 5834136.933, "y": 8099443.227, "CD_GEOCOD": "3136306", "NM_MUNICI": "João Pinheiro", "NM_MESO": "Noroeste", "NM_MICRO": "PARACATU" }, "geometry": { "type": "MultiPolygon", "coordinates": [ [ [ [ 5834189.743578965775669, 8099552.124624076299369 ], [ 5834186.139297381043434, 8099461.952213037759066 ], [ 5834214.80878397077322, 8099460.802947146818042 ], [ 5834210.002649840898812, 8099340.57301140204072 ], [ 5834066.65603634994477, 8099346.319265678524971 ], [ 5834075.065115628764033, 8099556.721100795082748 ], [ 5834189.743578965775669, 8099552.124624076299369 ] ] ] ] } },
{ "type": "Feature", "properties": { "ID": 16, "Area_ha": 6241148.83, "x": 5834463.409, "y": 8099157.646, "CD_GEOCOD": "3136306", "NM_MUNICI": "João Pinheiro", "NM_MESO": "Noroeste", "NM_MICRO": "PARACATU" }, "geometry": { "type": "MultiPolygon", "coordinates": [ [ [ [ 5834466.824498798698187, 8099300.169639065861702 ], [ 5834465.622524787671864, 8099270.112013595178723 ], [ 5834637.637821979820728, 8099263.212880020029843 ], [ 5834632.828738924115896, 8099142.982001088559628 ], [ 5834575.490647016093135, 8099145.281998266465962 ], [ 5834569.479295578785241, 8098994.993575054220855 ], [ 5834426.135082377120852, 8099000.743276587687433 ], [ 5834427.337180715985596, 8099030.800879877060652 ], [ 5834369.999400796368718, 8099033.100451961159706 ], [ 5834371.201397135853767, 8099063.158023954369128 ], [ 5834313.863527336157858, 8099065.457406030036509 ], [ 5834323.478165406733751, 8099305.917750800959766 ], [ 5834466.824498798698187, 8099300.169639065861702 ] ] ] ] } },
{ "type": "Feature", "properties": { "ID": 16, "Area_ha": 6241148.83, "x": 5813317.927, "y": 8097068.171, "CD_GEOCOD": "3147006", "NM_MUNICI": "Paracatu", "NM_MESO": "Noroeste", "NM_MICRO": "PARACATU" }, "geometry": { "type": "MultiPolygon", "coordinates": [ [ [ [ 5813391.939278220757842, 8097125.457016530446708 ], [ 5813387.246157676912844, 8097005.27294815890491 ], [ 5813243.915826308541, 8097010.884789144620299 ], [ 5813248.608110882341862, 8097131.068545862101018 ], [ 5813391.939278220757842, 8097125.457016530446708 ] ] ] ] } },
{ "type": "Feature", "properties": { "ID": 16, "Area_ha": 6241148.83, "x": 5812874.189, "y": 8096076.644, "CD_GEOCOD": "3147006", "NM_MUNICI": "Paracatu", "NM_MESO": "Noroeste", "NM_MICRO": "PARACATU" }, "geometry": { "type": "MultiPolygon", "coordinates": [ [ [ [ 5812998.166635823436081, 8096599.220351312309504 ], [ 5812996.993602438829839, 8096569.174546889960766 ], [ 5813025.659057137556374, 8096568.05234063602984 ], [ 5813024.485963966697454, 8096538.006521251983941 ], [ 5813053.15137530490756, 8096536.884259855374694 ], [ 5813051.978222345933318, 8096506.838425506837666 ], [ 5813080.64359032548964, 8096505.716108968481421 ], [ 5813079.470377577468753, 8096475.670259658247232 ], [ 5813108.135702196508646, 8096474.547887973487377 ], [ 5813106.962429658509791, 8096444.502023700624704 ], [ 5813135.6277109188959, 8096443.379596871323884 ], [ 5813120.372988181188703, 8096052.783214708790183 ], [ 5813063.04351132363081, 8096055.028433793224394 ], [ 5813051.307877986691892, 8095754.570060431957245 ], [ 5812821.993254398927093, 8095763.550599504262209 ], [ 5812814.953019176609814, 8095583.276352412998676 ], [ 5812499.648010403849185, 8095595.621484712697566 ], [ 5812504.339732004329562, 8095715.803628729656339 ], [ 5812533.003998769447207, 8095714.681604156270623 ], [ 5812535.349835425615311, 8095774.772710968740284 ], [ 5812621.342877388931811, 8095771.406493140384555 ], [ 5812627.20778196118772, 8095921.634504363872111 ], [ 5812713.201437340117991, 8095918.268163803964853 ], [ 5812716.720540851354599, 8096008.405118000693619 ], [ 5812774.049887619912624, 8096006.160786477848887 ], [ 5812789.298554411157966, 8096396.754723200574517 ], [ 5812760.633338185027242, 8096397.876706339418888 ], [ 5812767.669909102842212, 8096578.150772496126592 ], [ 5812882.331768160685897, 8096573.662976229563355 ], [ 5812883.504634311422706, 8096603.708718355745077 ], [ 5812998.166635823436081, 8096599.220351312309504 ] ] ] ] } },
{ "type": "Feature", "properties": { "ID": 16, "Area_ha": 6241148.83, "x": 5829313.147, "y": 8094548.475, "CD_GEOCOD": "3136306", "NM_MUNICI": "João Pinheiro", "NM_MESO": "Noroeste", "NM_MICRO": "PARACATU" }, "geometry": { "type": "MultiPolygon", "coordinates": [ [ [ [ 5829409.997907713986933, 8094896.657373647205532 ], [ 5829384.842753967270255, 8094265.506472252309322 ], [ 5829356.180497705936432, 8094266.652223924174905 ], [ 5829354.982473342679441, 8094236.597442369908094 ], [ 5829183.009153754450381, 8094243.471216193400323 ], [ 5829187.800136286765337, 8094363.689965268597007 ], [ 5829216.462527652271092, 8094362.5444988142699 ], [ 5829223.648702505044639, 8094542.872737843543291 ], [ 5829252.311343485489488, 8094541.727327089756727 ], [ 5829266.682214912027121, 8094902.384068213403225 ], [ 5829409.997907713986933, 8094896.657373647205532 ] ] ] ] } },
{ "type": "Feature", "properties": { "ID": 16, "Area_ha": 6241148.83, "x": 5840850.09, "y": 8093815.721, "CD_GEOCOD": "3108552", "NM_MUNICI": "Brasilândia de Minas", "NM_MESO": "Noroeste", "NM_MICRO": "PARACATU" }, "geometry": { "type": "MultiPolygon", "coordinates": [ [ [ [ 5840911.800385403446853, 8093921.951837313361466 ], [ 5840908.155846913345158, 8093831.768148920498788 ], [ 5840936.817502745427191, 8093830.606456306762993 ], [ 5840931.957690141163766, 8093710.361484011635184 ], [ 5840788.650232727639377, 8093716.169873218983412 ], [ 5840791.079757328145206, 8093776.292196901515126 ], [ 5840762.418177250772715, 8093777.45372374728322 ], [ 5840767.276835736818612, 8093897.698315252549946 ], [ 5840795.938583366572857, 8093896.536852817982435 ], [ 5840797.153243384324014, 8093926.598018578253686 ], [ 5840911.800385403446853, 8093921.951837313361466 ] ] ] ] } },
{ "type": "Feature", "properties": { "ID": 16, "Area_ha": 6241148.83, "x": 5840313.741, "y": 8093199.006, "CD_GEOCOD": "3108552", "NM_MUNICI": "Brasilândia de Minas", "NM_MESO": "Noroeste", "NM_MICRO": "PARACATU" }, "geometry": { "type": "MultiPolygon", "coordinates": [ [ [ [ 5840341.727662684395909, 8093312.736295820213854 ], [ 5840340.513240632601082, 8093282.675386475399137 ], [ 5840426.495906826108694, 8093279.191529352217913 ], [ 5840417.993552088737488, 8093068.764845877885818 ], [ 5840303.351167206652462, 8093073.410360097885132 ], [ 5840304.565677462145686, 8093103.471248373389244 ], [ 5840247.244391584768891, 8093105.793735650368035 ], [ 5840248.458799447864294, 8093135.854592454619706 ], [ 5840219.798112199641764, 8093137.015760589390993 ], [ 5840221.012459577061236, 8093167.076602015644312 ], [ 5840192.351728820241988, 8093168.237714453600347 ], [ 5840198.42297744192183, 8093318.541851792484522 ], [ 5840341.727662684395909, 8093312.736295820213854 ] ] ] ] } },
{ "type": "Feature", "properties": { "ID": 16, "Area_ha": 6241148.83, "x": 5781770.585, "y": 8094207.343, "CD_GEOCOD": "3147006", "NM_MUNICI": "Paracatu", "NM_MESO": "Noroeste", "NM_MICRO": "PARACATU" }, "geometry": { "type": "MultiPolygon", "coordinates": [ [ [ [ 5781821.598418418318033, 8094307.936816427856684 ], [ 5781820.468632573261857, 8094277.907617393881083 ], [ 5781849.130884242244065, 8094276.826526413671672 ], [ 5781848.00103927962482, 8094246.797312919981778 ], [ 5781933.987659811973572, 8094243.553757263347507 ], [ 5781929.467605083249509, 8094123.436728720553219 ], [ 5781614.185104839503765, 8094135.328680884093046 ], [ 5781618.7033187514171, 8094255.445050788111985 ], [ 5781676.027757851406932, 8094253.28335412312299 ], [ 5781678.286928476765752, 8094313.341601994819939 ], [ 5781821.598418418318033, 8094307.936816427856684 ] ] ] ] } },
{ "type": "Feature", "properties": { "ID": 16, "Area_ha": 6241148.83, "x": 5825517.184, "y": 8084170.669, "CD_GEOCOD": "3136306", "NM_MUNICI": "João Pinheiro", "NM_MESO": "Noroeste", "NM_MICRO": "PARACATU" }, "geometry": { "type": "MultiPolygon", "coordinates": [ [ [ [ 5825642.606901574879885, 8084632.119133261032403 ], [ 5825640.208676719106734, 8084572.013678383082151 ], [ 5825668.857392240315676, 8084570.867351906374097 ], [ 5825667.658210348337889, 8084540.814609673805535 ], [ 5825696.306882202625275, 8084539.668227630667388 ], [ 5825695.107639976777136, 8084509.615470278076828 ], [ 5825752.404894761741161, 8084507.322555283084512 ], [ 5825750.006187225691974, 8084447.216979409568012 ], [ 5825778.654728079214692, 8084446.07043066713959 ], [ 5825777.455304842442274, 8084416.017627933993936 ], [ 5825806.103802026249468, 8084414.871023629792035 ], [ 5825804.904318449087441, 8084384.818205767311156 ], [ 5825833.552771964110434, 8084383.671545892953873 ], [ 5825832.353228045627475, 8084353.618712907657027 ], [ 5825861.001637890003622, 8084352.471997458487749 ], [ 5825858.602411106228828, 8084292.36630189511925 ], [ 5825887.25073520001024, 8084291.219515091739595 ], [ 5825886.051052331924438, 8084261.166652511805296 ], [ 5825943.347611580044031, 8084258.872927974909544 ], [ 5825940.948022725060582, 8084198.767141644842923 ], [ 5825969.596215797588229, 8084197.620188118889928 ], [ 5825968.396351888775826, 8084167.567280160263181 ], [ 5826025.692649091593921, 8084165.273222176358104 ], [ 5826023.292698142118752, 8084105.167345074936748 ], [ 5826051.940760187804699, 8084104.02022481802851 ], [ 5826047.140470735728741, 8083983.808415412902832 ], [ 5826018.492577032186091, 8083984.955598840489984 ], [ 5826017.292501084506512, 8083954.902663947083056 ], [ 5825988.644647875800729, 8083956.049823380075395 ], [ 5825987.44459574855864, 8083925.996904941275716 ], [ 5825958.796783031895757, 8083927.144040380604565 ], [ 5825957.596754726953804, 8083897.091138401068747 ], [ 5825900.301208691671491, 8083899.385321502573788 ], [ 5825899.101246297359467, 8083869.332451765425503 ], [ 5825813.158041561953723, 8083872.7734753806144 ], [ 5825811.958187171258032, 8083842.720653677359223 ], [ 5825468.18572994414717, 8083856.481356645934284 ], [ 5825466.986362363211811, 8083826.428725032135844 ], [ 5825352.395660683512688, 8083831.014415909536183 ], [ 5825353.594859908334911, 8083861.066984401084483 ], [ 5825239.003964399918914, 8083865.65197553858161 ], [ 5825240.202977017499506, 8083895.704481577500701 ], [ 5825154.259662406519055, 8083899.142759818583727 ], [ 5825155.45853051263839, 8083929.195219185203314 ], [ 5825126.810713703744113, 8083930.341216579079628 ], [ 5825128.009521475061774, 8083960.393660832196474 ], [ 5825070.713798911310732, 8083962.685504711233079 ], [ 5825071.912504262290895, 8083992.737918072380126 ], [ 5825014.616691160947084, 8083995.02957125287503 ], [ 5825015.815294094383717, 8084025.081953726708889 ], [ 5824987.16734307166189, 8084026.227704862132668 ], [ 5824988.365885675884783, 8084056.280072227120399 ], [ 5824959.717890976928174, 8084057.425767805427313 ], [ 5824964.511710617691278, 8084177.635180772282183 ], [ 5824993.159873646683991, 8084176.489548284560442 ], [ 5824994.358325029723346, 8084206.541918952018023 ], [ 5825023.006528550758958, 8084205.396262457594275 ], [ 5825024.205003768205643, 8084235.448649564757943 ], [ 5825052.853247777558863, 8084234.302969060838223 ], [ 5825054.051746831275523, 8084264.355372600257397 ], [ 5825111.348314240574837, 8084262.063923804089427 ], [ 5825112.546879204921424, 8084292.116359552368522 ], [ 5825141.195202603004873, 8084290.970591260120273 ], [ 5825142.393791399896145, 8084321.023043446242809 ], [ 5825171.042155287228525, 8084319.877251148223877 ], [ 5825172.240767914801836, 8084349.929719777777791 ], [ 5825200.889172287657857, 8084348.783903475850821 ], [ 5825202.087808744050562, 8084378.836388542316854 ], [ 5825230.736253605224192, 8084377.690548243932426 ], [ 5825233.133555924519897, 8084437.795551914721727 ], [ 5825261.782083346508443, 8084436.649703392758965 ], [ 5825262.980749207548797, 8084466.702222002670169 ], [ 5825320.277883432805538, 8084464.410437185317278 ], [ 5825321.476615193299949, 8084494.462988013401628 ], [ 5825350.125221994705498, 8084493.317051724530756 ], [ 5825351.323977578431368, 8084523.369618997909129 ], [ 5825379.972624864429235, 8084522.223658706992865 ], [ 5825381.171404269523919, 8084552.276242426596582 ], [ 5825409.820092039182782, 8084551.130258141085505 ], [ 5825411.018895263783634, 8084581.182858303189278 ], [ 5825468.31635017413646, 8084578.890801977366209 ], [ 5825469.515219293534756, 8084608.943434367887676 ], [ 5825526.812751985155046, 8084606.651250508613884 ], [ 5825528.011686993762851, 8084636.703915133140981 ], [ 5825642.606901574879885, 8084632.119133261032403 ] ] ] ] } },
{ "type": "Feature", "properties": { "ID": 16, "Area_ha": 6241148.83, "x": 5826462.514, "y": 8081253.272, "CD_GEOCOD": "3136306", "NM_MUNICI": "João Pinheiro", "NM_MESO": "Noroeste", "NM_MICRO": "PARACATU" }, "geometry": { "type": "MultiPolygon", "coordinates": [ [ [ [ 5827202.038129184395075, 8082011.010899133048952 ], [ 5827199.631913532502949, 8081950.903724821284413 ], [ 5827228.276957843452692, 8081949.753747086971998 ], [ 5827213.837621640414, 8081589.110567734576762 ], [ 5827242.4821587363258, 8081587.960360455326736 ], [ 5827237.668292693793774, 8081467.745925527065992 ], [ 5827209.02392415702343, 8081468.896196043118834 ], [ 5827207.820454049855471, 8081438.842604796402156 ], [ 5827150.531796459108591, 8081441.143057961016893 ], [ 5827149.328392342664301, 8081411.089499002322555 ], [ 5827092.039812637493014, 8081413.389824453741312 ], [ 5827090.836474513635039, 8081383.336297781206667 ], [ 5826861.682428864762187, 8081392.536132768727839 ], [ 5826850.854597101919353, 8081122.055560709908605 ], [ 5827080.005608281120658, 8081112.854587814770639 ], [ 5827075.191414382308722, 8080992.640511907637119 ], [ 5827017.904008382000029, 8080994.941120596602559 ], [ 5827016.700498482212424, 8080964.88763489946723 ], [ 5826988.056835234165192, 8080966.037895287387073 ], [ 5826985.649844869039953, 8080905.930957515724003 ], [ 5826957.006264325231314, 8080907.081209673546255 ], [ 5826955.80278386361897, 8080877.027757589705288 ], [ 5826927.159243870526552, 8080878.177985709160566 ], [ 5826925.95578727312386, 8080848.12455010227859 ], [ 5826897.312287836335599, 8080849.274754178710282 ], [ 5826896.108855105005205, 8080819.221335044130683 ], [ 5826838.821935740299523, 8080821.521655274555087 ], [ 5826837.618569031357765, 8080791.468268412165344 ], [ 5826808.975149103440344, 8080792.618384563364089 ], [ 5826807.771806264296174, 8080762.565014166757464 ], [ 5826779.12842689268291, 8080763.715106276795268 ], [ 5826777.92510792426765, 8080733.661752346903086 ], [ 5826691.995086677372456, 8080737.111837008967996 ], [ 5826690.791875895112753, 8080707.058531140908599 ], [ 5826662.148574437014759, 8080708.20849547162652 ], [ 5826660.945387528277934, 8080678.15520607214421 ], [ 5826575.015600025653839, 8080681.604907377623022 ], [ 5826573.812521308660507, 8080651.551666032522917 ], [ 5826516.52607262507081, 8080653.85129926353693 ], [ 5826515.323059942573309, 8080623.79809017572552 ], [ 5826429.393501396290958, 8080627.247288561426103 ], [ 5826428.19059691298753, 8080597.194127517752349 ], [ 5826370.9043008685112, 8080599.493425456807017 ], [ 5826369.701462426222861, 8080569.440296670421958 ], [ 5826255.129019781947136, 8080574.038477541878819 ], [ 5826265.952390206046402, 8080844.51609222125262 ], [ 5826036.804392914287746, 8080853.709404621273279 ], [ 5826035.602206522598863, 8080823.656459957361221 ], [ 5825978.315275522880256, 8080825.954421198926866 ], [ 5825977.113155171275139, 8080795.901508765295148 ], [ 5825862.539442609064281, 8080800.49701626598835 ], [ 5825869.750879063270986, 8080980.814122036099434 ], [ 5825554.670255661010742, 8080993.447439128533006 ], [ 5825551.066010607406497, 8080903.289403959177434 ], [ 5825493.77885667514056, 8080905.585947429761291 ], [ 5825492.577489446848631, 8080875.533301923424006 ], [ 5825320.716242228634655, 8080882.422070759348571 ], [ 5825326.721631292253733, 8081032.684831742197275 ], [ 5825355.365387241356075, 8081031.536882068030536 ], [ 5825357.767499398440123, 8081091.642022650688887 ], [ 5825443.699010550044477, 8081088.198029235936701 ], [ 5825444.900165691040456, 8081118.250647841021419 ], [ 5825502.18791610468179, 8081115.954484585672617 ], [ 5825503.389137284830213, 8081146.007135409861803 ], [ 5825532.033052245154977, 8081144.859009799547493 ], [ 5825533.234297315590084, 8081174.911677059717476 ], [ 5825590.522206733003259, 8081172.615337879396975 ], [ 5825591.723517838865519, 8081202.668037357740104 ], [ 5825620.367512298747897, 8081201.519823791459203 ], [ 5825621.568847290240228, 8081231.572539713233709 ], [ 5825678.8569157095626, 8081229.276024625636637 ], [ 5825680.058316731825471, 8081259.328772770240903 ], [ 5825737.346463053487241, 8081257.032129902392626 ], [ 5825738.547930103726685, 8081287.084910264238715 ], [ 5825795.836154324933887, 8081284.788139613345265 ], [ 5825797.037687401287258, 8081314.840952210128307 ], [ 5825825.681839260272682, 8081313.692522914148867 ], [ 5825826.883396216668189, 8081343.745351953431964 ], [ 5825884.171779427677393, 8081341.448405424132943 ], [ 5825885.373402405530214, 8081371.501266698352993 ], [ 5825942.661863513290882, 8081369.204192401841283 ], [ 5825943.863552510738373, 8081399.257085906341672 ], [ 5825972.507822809740901, 8081398.108504795469344 ], [ 5825973.709535681642592, 8081428.161414751783013 ], [ 5826030.998155771754682, 8081425.864164596423507 ], [ 5826032.199934659525752, 8081455.917106794193387 ], [ 5826089.488632641732693, 8081453.61972888186574 ], [ 5826090.690477539785206, 8081483.672703319229186 ], [ 5826147.979253413155675, 8081481.375197659246624 ], [ 5826149.1811643242836, 8081511.428204337134957 ], [ 5826177.825592004694045, 8081510.279407549649477 ], [ 5826179.027526782825589, 8081540.332430684939027 ], [ 5826236.316461628302932, 8081538.034749202430248 ], [ 5826237.518462412059307, 8081568.087804582901299 ], [ 5826266.162969577126205, 8081566.938919886015356 ], [ 5826267.364994226023555, 8081596.991991723887622 ], [ 5826324.654088038951159, 8081594.69413442350924 ], [ 5826325.856178689748049, 8081624.747238514944911 ], [ 5826383.145350388251245, 8081622.449253489263356 ], [ 5826384.347507037222385, 8081652.50238982681185 ], [ 5826441.636756619438529, 8081650.204277076758444 ], [ 5826442.838979264721274, 8081680.257445674389601 ], [ 5826500.128306727856398, 8081677.959205203689635 ], [ 5826501.330595368519425, 8081708.012406061403453 ], [ 5826529.975298837758601, 8081706.863241881132126 ], [ 5826531.177611336112022, 8081736.916459199972451 ], [ 5826588.467097753658891, 8081734.61804295796901 ], [ 5826589.669476240873337, 8081764.671292538754642 ], [ 5826646.959040536545217, 8081762.372748587280512 ], [ 5826648.161485011689365, 8081792.426030432805419 ], [ 5826676.806306896731257, 8081791.27671451959759 ], [ 5826678.008775223046541, 8081821.330012834630907 ], [ 5826735.298498465679586, 8081819.031293127685785 ], [ 5826736.501032776199281, 8081849.08462371584028 ], [ 5826765.145934133790433, 8081847.935219926759601 ], [ 5826766.348492292687297, 8081877.988566978834569 ], [ 5826823.638374477624893, 8081875.689671538770199 ], [ 5826824.840998616069555, 8081905.743050863966346 ], [ 5826853.485979441553354, 8081904.593559212982655 ], [ 5826854.688627426512539, 8081934.646955013275146 ], [ 5826911.978668549098074, 8081932.347883841954172 ], [ 5826913.1813825070858, 8081962.401311920024455 ], [ 5826999.116558598354459, 8081958.952453917823732 ], [ 5827000.31938065867871, 8081989.005930078215897 ], [ 5827057.609574320726097, 8081986.706523919478059 ], [ 5827058.812462351284921, 8082016.760032361373305 ], [ 5827202.038129184395075, 8082011.010899133048952 ] ] ] ] } },
{ "type": "Feature", "properties": { "ID": 16, "Area_ha": 6241148.83, "x": 5874224.946, "y": 8016321.259, "CD_GEOCOD": "3136306", "NM_MUNICI": "João Pinheiro", "NM_MESO": "Noroeste", "NM_MICRO": "PARACATU" }, "geometry": { "type": "MultiPolygon", "coordinates": [ [ [ [ 5874454.943718676455319, 8016623.039934383705258 ], [ 5874447.038550877943635, 8016442.558811571449041 ], [ 5874332.831650431267917, 8016447.576713934540749 ], [ 5874322.291737200692296, 8016206.935794987715781 ], [ 5874350.843116511590779, 8016205.681248590350151 ], [ 5874348.207857616245747, 8016145.520994557067752 ], [ 5874376.759147994220257, 8016144.266374130733311 ], [ 5874370.170444360002875, 8015993.865671740844846 ], [ 5874255.966143403202295, 8015998.88423824030906 ], [ 5874257.283748546615243, 8016028.96431084536016 ], [ 5874114.528113998472691, 8016035.236514484509826 ], [ 5874115.845481956377625, 8016065.316505329683423 ], [ 5874058.743128400295973, 8016067.825066942721605 ], [ 5874060.060389881953597, 8016097.905025611631572 ], [ 5874002.957941992208362, 8016100.413390296511352 ], [ 5874010.860581960529089, 8016280.892962390556931 ], [ 5874039.412068197503686, 8016279.638899683952332 ], [ 5874040.729150736704469, 8016309.718847957439721 ], [ 5874069.280678736045957, 8016308.464760805480182 ], [ 5874075.866019151173532, 8016458.864597930572927 ], [ 5874104.417763158679008, 8016457.610552446916699 ], [ 5874108.368866002187133, 8016547.850514808669686 ], [ 5874136.920738885179162, 8016546.596477945335209 ], [ 5874138.237778042443097, 8016576.676483676768839 ], [ 5874166.789692684076726, 8016575.422422383911908 ], [ 5874169.423800087533891, 8016635.582469534128904 ], [ 5874454.943718676455319, 8016623.039934383705258 ] ] ] ] } },
{ "type": "Feature", "properties": { "ID": 16, "Area_ha": 6241148.83, "x": 5833856.66, "y": 8012501.886, "CD_GEOCOD": "3136306", "NM_MUNICI": "João Pinheiro", "NM_MESO": "Noroeste", "NM_MICRO": "PARACATU" }, "geometry": { "type": "MultiPolygon", "coordinates": [ [ [ [ 5833954.63397610373795, 8012610.156592664308846 ], [ 5833949.595316435210407, 8012489.927502942271531 ], [ 5833921.049345816485584, 8012491.127259171567857 ], [ 5833917.270288228988647, 8012400.955496756359935 ], [ 5833888.724446722306311, 8012402.155259179882705 ], [ 5833887.46476758364588, 8012372.098022243008018 ], [ 5833773.281558748334646, 8012376.896724225953221 ], [ 5833783.357079866342247, 8012617.354135976172984 ], [ 5833954.63397610373795, 8012610.156592664308846 ] ] ] ] } },
{ "type": "Feature", "properties": { "ID": 4, "Area_ha": 9054090.08, "x": 5522894.704, "y": 7946936.749, "CD_GEOCOD": "3103751", "NM_MUNICI": "Araporã", "NM_MESO": "Triângulo Mineiro e Alto Paranaíba", "NM_MICRO": "UBERLÂNDIA" }, "geometry": { "type": "MultiPolygon", "coordinates": [ [ [ [ 5522892.913251934573054, 7947105.217917213216424 ], [ 5522892.093693140894175, 7947075.299034685827792 ], [ 5522948.992596660740674, 7947073.738571875728667 ], [ 5522944.894181679002941, 7946924.144058525562286 ], [ 5523087.140300277620554, 7946920.241914890706539 ], [ 5523083.860464650206268, 7946800.566105331294239 ], [ 5522941.615241970866919, 7946804.468443961814046 ], [ 5522940.795478193089366, 7946774.549539783969522 ], [ 5522826.999458275735378, 7946777.670685520395637 ], [ 5522831.916792741976678, 7946957.183873428963125 ], [ 5522718.119679101742804, 7946960.304106017574668 ], [ 5522721.396954646334052, 7947079.979404367506504 ], [ 5522778.295872133225203, 7947078.419450935907662 ], [ 5522779.115251762792468, 7947108.338294475339353 ], [ 5522892.913251934573054, 7947105.217917213216424 ] ] ] ] } },
{ "type": "Feature", "properties": { "ID": 4, "Area_ha": 9054090.08, "x": 5524681.754, "y": 7940606.66, "CD_GEOCOD": "3142809", "NM_MUNICI": "Monte Alegre de Minas", "NM_MESO": "Triângulo Mineiro e Alto Paranaíba", "NM_MICRO": "UBERLÂNDIA" }, "geometry": { "type": "MultiPolygon", "coordinates": [ [ [ [ 5524715.480739482678473, 7940916.985889854840934 ], [ 5524713.83059108722955, 7940857.146670611575246 ], [ 5524742.27072096336633, 7940856.361474738456309 ], [ 5524740.620436402969062, 7940796.522235106676817 ], [ 5524769.060475258156657, 7940795.736977137625217 ], [ 5524768.23527068272233, 7940765.817347232252359 ], [ 5524796.675263436511159, 7940765.032036932185292 ], [ 5524795.850002354942262, 7940735.112397044897079 ], [ 5524824.28994900919497, 7940734.327034412883222 ], [ 5524823.464631420560181, 7940704.407384538091719 ], [ 5524851.904531971551478, 7940703.621969577856362 ], [ 5524846.952113648876548, 7940524.104007264599204 ], [ 5524960.710625819861889, 7940520.961687238886952 ], [ 5524959.885002505965531, 7940491.041987019591033 ], [ 5524988.324582679197192, 7940490.256290828809142 ], [ 5524985.021793840453029, 7940370.577448741532862 ], [ 5524615.309496362693608, 7940380.788687355816364 ], [ 5524614.484354327432811, 7940350.869103332981467 ], [ 5524500.726864103227854, 7940354.009614734910429 ], [ 5524509.800812807865441, 7940683.124597546644509 ], [ 5524452.92107218131423, 7940684.694383004680276 ], [ 5524456.219983241520822, 7940804.372474075295031 ], [ 5524484.660033843480051, 7940803.587641696445644 ], [ 5524486.309509777463973, 7940863.42670548800379 ], [ 5524514.749649052508175, 7940862.641850079409778 ], [ 5524515.57441458106041, 7940892.561391423456371 ], [ 5524544.01459760311991, 7940891.776503223925829 ], [ 5524544.839396478608251, 7940921.696054127067327 ], [ 5524715.480739482678473, 7940916.985889854840934 ] ] ] ] } },
{ "type": "Feature", "properties": { "ID": 4, "Area_ha": 9054090.08, "x": 5524822.781, "y": 7939846.46, "CD_GEOCOD": "3142809", "NM_MUNICI": "Monte Alegre de Minas", "NM_MESO": "Triângulo Mineiro e Alto Paranaíba", "NM_MICRO": "UBERLÂNDIA" }, "geometry": { "type": "MultiPolygon", "coordinates": [ [ [ [ 5524888.144255675375462, 7939954.058963499031961 ], [ 5524885.666960304602981, 7939864.299908809363842 ], [ 5524914.105599140748382, 7939863.514092511497438 ], [ 5524910.802196697331965, 7939743.835310879163444 ], [ 5524740.17142472974956, 7939748.549804552458227 ], [ 5524745.95036970730871, 7939957.987259805202484 ], [ 5524888.144255675375462, 7939954.058963499031961 ] ] ] ] } },
{ "type": "Feature", "properties": { "ID": 4, "Area_ha": 9054090.08, "x": 5524564.588, "y": 7939573.745, "CD_GEOCOD": "3142809", "NM_MUNICI": "Monte Alegre de Minas", "NM_MESO": "Triângulo Mineiro e Alto Paranaíba", "NM_MICRO": "UBERLÂNDIA" }, "geometry": { "type": "MultiPolygon", "coordinates": [ [ [ [ 5524623.115763354115188, 7939632.013554565608501 ], [ 5524619.813788242638111, 7939512.335156949236989 ], [ 5524506.061336288228631, 7939515.476932464167476 ], [ 5524509.362592197023332, 7939635.155173828825355 ], [ 5524623.115763354115188, 7939632.013554565608501 ] ] ] ] } },
{ "type": "Feature", "properties": { "ID": 4, "Area_ha": 9054090.08, "x": 5544241.859, "y": 7930034.727, "CD_GEOCOD": "3142809", "NM_MUNICI": "Monte Alegre de Minas", "NM_MESO": "Triângulo Mineiro e Alto Paranaíba", "NM_MICRO": "UBERLÂNDIA" }, "geometry": { "type": "MultiPolygon", "coordinates": [ [ [ [ 5544300.427706254646182, 7930092.943491556681693 ], [ 5544296.985240639187396, 7929973.236992819234729 ], [ 5544183.290230680257082, 7929976.510315105319023 ], [ 5544186.731973716057837, 7930096.216652004979551 ], [ 5544300.427706254646182, 7930092.943491556681693 ] ] ] ] } },
{ "type": "Feature", "properties": { "ID": 4, "Area_ha": 9054090.08, "x": 5539252.141, "y": 7929638.634, "CD_GEOCOD": "3142809", "NM_MUNICI": "Monte Alegre de Minas", "NM_MESO": "Triângulo Mineiro e Alto Paranaíba", "NM_MICRO": "UBERLÂNDIA" }, "geometry": { "type": "MultiPolygon", "coordinates": [ [ [ [ 5539032.604201812297106, 7929914.439254189841449 ], [ 5539030.047040694393218, 7929824.664961850270629 ], [ 5539200.588168693706393, 7929819.800535053946078 ], [ 5539197.177370043471456, 7929700.10123567469418 ], [ 5539396.140699288807809, 7929694.423845594748855 ], [ 5539395.287653713487089, 7929664.498950156383216 ], [ 5539452.134217901155353, 7929662.876433938741684 ], [ 5539451.281070088036358, 7929632.951518274843693 ], [ 5539536.550771716982126, 7929630.5173932723701 ], [ 5539535.697476495057344, 7929600.59244735725224 ], [ 5539564.12066276371479, 7929599.780976832844317 ], [ 5539559.853782190941274, 7929450.156194495968521 ], [ 5539531.430821769870818, 7929450.967715149745345 ], [ 5539529.724076525308192, 7929391.117821043357253 ], [ 5539387.60970782674849, 7929395.174883309751749 ], [ 5539388.46286054328084, 7929425.099780326709151 ], [ 5539331.617014178074896, 7929426.722285927273333 ], [ 5539332.470064648427069, 7929456.647162726148963 ], [ 5539275.624123061075807, 7929458.269477277062833 ], [ 5539276.477071287110448, 7929488.194333854131401 ], [ 5539248.054053492844105, 7929489.005416983738542 ], [ 5539248.906944647431374, 7929518.930263363756239 ], [ 5539220.483880462124944, 7929519.741293724626303 ], [ 5539221.336714546196163, 7929549.666129907593131 ], [ 5539164.490492180921137, 7929551.288042336702347 ], [ 5539167.901348168030381, 7929670.98730515409261 ], [ 5539025.784867566078901, 7929675.04113775677979 ], [ 5539027.489772506989539, 7929734.890667922794819 ], [ 5538885.372809772379696, 7929738.943331697955728 ], [ 5538889.633734857663512, 7929888.566903626546264 ], [ 5538918.057355658151209, 7929887.756506438367069 ], [ 5538918.909550155512989, 7929917.681230311281979 ], [ 5539032.604201812297106, 7929914.439254189841449 ] ] ] ] } },
{ "type": "Feature", "properties": { "ID": 4, "Area_ha": 9054090.08, "x": 5463049.183, "y": 7929490.181, "CD_GEOCOD": "3112604", "NM_MUNICI": "Capinópolis", "NM_MESO": "Triângulo Mineiro e Alto Paranaíba", "NM_MICRO": "ITUIUTABA" }, "geometry": { "type": "MultiPolygon", "coordinates": [ [ [ [ 5463107.86112080514431, 7929563.536957435309887 ], [ 5463104.197240157984197, 7929414.037276899442077 ], [ 5462990.505648629739881, 7929416.825799657031894 ], [ 5462994.168626624159515, 7929566.325308138504624 ], [ 5463107.86112080514431, 7929563.536957435309887 ] ] ] ] } },
{ "type": "Feature", "properties": { "ID": 4, "Area_ha": 9054090.08, "x": 5489309.404, "y": 7925999.626, "CD_GEOCOD": "3111804", "NM_MUNICI": "Canápolis", "NM_MESO": "Triângulo Mineiro e Alto Paranaíba", "NM_MICRO": "UBERLÂNDIA" }, "geometry": { "type": "MultiPolygon", "coordinates": [ [ [ [ 5489381.999547716230154, 7926057.598331054672599 ], [ 5489378.896961144171655, 7925937.965666418895125 ], [ 5489236.808711314573884, 7925941.653819265775383 ], [ 5489239.91039352118969, 7926061.286302201449871 ], [ 5489381.999547716230154, 7926057.598331054672599 ] ] ] ] } },
{ "type": "Feature", "properties": { "ID": 4, "Area_ha": 9054090.08, "x": 5489170.668, "y": 7925584.231, "CD_GEOCOD": "3111804", "NM_MUNICI": "Canápolis", "NM_MESO": "Triângulo Mineiro e Alto Paranaíba", "NM_MICRO": "UBERLÂNDIA" }, "geometry": { "type": "MultiPolygon", "coordinates": [ [ [ [ 5489229.053750166669488, 7925642.572591189295053 ], [ 5489225.951463458128273, 7925522.940091664902866 ], [ 5489112.283376114442945, 7925525.890351431444287 ], [ 5489115.384939191862941, 7925645.522705646231771 ], [ 5489229.053750166669488, 7925642.572591189295053 ] ] ] ] } },
{ "type": "Feature", "properties": { "ID": 4, "Area_ha": 9054090.08, "x": 5552550.772, "y": 7922320.733, "CD_GEOCOD": "3169604", "NM_MUNICI": "Tupaciguara", "NM_MESO": "Triângulo Mineiro e Alto Paranaíba", "NM_MICRO": "UBERLÂNDIA" }, "geometry": { "type": "MultiPolygon", "coordinates": [ [ [ [ 5552299.606408655643463, 7922491.969749618321657 ], [ 5552298.729758135974407, 7922462.040144606493413 ], [ 5552355.554548307321966, 7922460.373537950217724 ], [ 5552354.67779494728893, 7922430.443912293761969 ], [ 5552581.976542732678354, 7922423.775689005851746 ], [ 5552582.853658695705235, 7922453.70539669226855 ], [ 5552696.503183704800904, 7922450.370297273620963 ], [ 5552695.625886439345777, 7922420.440548563376069 ], [ 5552780.862881010398269, 7922417.938743129372597 ], [ 5552779.985435566864908, 7922388.008963499218225 ], [ 5552865.22228283341974, 7922385.506741483695805 ], [ 5552859.956538031809032, 7922205.927876055240631 ], [ 5552689.484464002773166, 7922210.932303610257804 ], [ 5552685.097367713227868, 7922061.283552972599864 ], [ 5552571.450199829414487, 7922064.619185722433031 ], [ 5552575.836389482021332, 7922214.267731236293912 ], [ 5552462.188294832594693, 7922217.602472938597202 ], [ 5552464.819318312220275, 7922307.391475496813655 ], [ 5552294.346322683617473, 7922312.392117409966886 ], [ 5552295.223034154623747, 7922342.321723133325577 ], [ 5552181.574163943529129, 7922345.654586036689579 ], [ 5552182.450681917369366, 7922375.584150621667504 ], [ 5552154.038415894843638, 7922376.417248925194144 ], [ 5552157.544184605590999, 7922496.135464845225215 ], [ 5552299.606408655643463, 7922491.969749618321657 ] ] ] ] } },
{ "type": "Feature", "properties": { "ID": 4, "Area_ha": 9054090.08, "x": 5558890.547, "y": 7919262.119, "CD_GEOCOD": "3169604", "NM_MUNICI": "Tupaciguara", "NM_MESO": "Triângulo Mineiro e Alto Paranaíba", "NM_MICRO": "UBERLÂNDIA" }, "geometry": { "type": "MultiPolygon", "coordinates": [ [ [ [ 5558978.258601539768279, 7919478.828017491847277 ], [ 5558977.370002936571836, 7919448.895946180447936 ], [ 5559091.001317733898759, 7919445.51785259693861 ], [ 5559086.557231768034399, 7919295.857286755926907 ], [ 5559058.149631949141622, 7919296.701926376670599 ], [ 5559057.26082312874496, 7919266.769823207519948 ], [ 5559028.853267431259155, 7919267.61443027947098 ], [ 5559026.186903118155897, 7919177.818151126615703 ], [ 5558997.779482333920896, 7919178.662746386602521 ], [ 5558996.001935223117471, 7919118.798580396920443 ], [ 5558967.594603958539665, 7919119.643153479322791 ], [ 5558965.81709829159081, 7919059.779007725417614 ], [ 5558909.002613532356918, 7919061.468066591769457 ], [ 5558907.225240115076303, 7919001.603961810469627 ], [ 5558793.596618491224945, 7919004.981647407636046 ], [ 5558794.485129765234888, 7919034.913658400066197 ], [ 5558766.077925769612193, 7919035.757962124422193 ], [ 5558771.408461996354163, 7919215.349963244982064 ], [ 5558714.593505393713713, 7919217.038317563012242 ], [ 5558716.370070545934141, 7919276.9022754766047 ], [ 5558687.9624995412305, 7919277.746367529034615 ], [ 5558691.515300277620554, 7919397.474240395240486 ], [ 5558861.96179664414376, 7919392.409293059259653 ], [ 5558864.627084765583277, 7919482.205382961779833 ], [ 5558978.258601539768279, 7919478.828017491847277 ] ] ] ] } },
{ "type": "Feature", "properties": { "ID": 4, "Area_ha": 9054090.08, "x": 5411579.283, "y": 7922152.821, "CD_GEOCOD": "3159803", "NM_MUNICI": "Santa Vitória", "NM_MESO": "Triângulo Mineiro e Alto Paranaíba", "NM_MICRO": "ITUIUTABA" }, "geometry": { "type": "MultiPolygon", "coordinates": [ [ [ [ 5411702.371981594711542, 7922262.929145735688508 ], [ 5411698.447536374442279, 7922083.616622311063111 ], [ 5411670.035728584975004, 7922084.238883038982749 ], [ 5411669.381667865440249, 7922054.353468493558466 ], [ 5411442.087533823214471, 7922059.330069410614669 ], [ 5411444.702273722738028, 7922178.871480553410947 ], [ 5411473.114224831573665, 7922178.249586274847388 ], [ 5411474.421630858443677, 7922238.020304343663156 ], [ 5411588.069787996821105, 7922235.532358864322305 ], [ 5411588.723658447153866, 7922265.417747741565108 ], [ 5411702.371981594711542, 7922262.929145735688508 ] ] ] ] } },
{ "type": "Feature", "properties": { "ID": 4, "Area_ha": 9054090.08, "x": 5412000.569, "y": 7921874.78, "CD_GEOCOD": "3159803", "NM_MUNICI": "Santa Vitória", "NM_MESO": "Triângulo Mineiro e Alto Paranaíba", "NM_MICRO": "ITUIUTABA" }, "geometry": { "type": "MultiPolygon", "coordinates": [ [ [ [ 5412037.425181649625301, 7921986.489600912667811 ], [ 5412036.115819660946727, 7921926.718569980934262 ], [ 5412092.938957152888179, 7921925.47281258367002 ], [ 5412089.664940427057445, 7921776.045150766149163 ], [ 5411919.19687479082495, 7921779.782136836089194 ], [ 5411923.778533215634525, 7921988.98053920455277 ], [ 5412037.425181649625301, 7921986.489600912667811 ] ] ] ] } },
{ "type": "Feature", "properties": { "ID": 4, "Area_ha": 9054090.08, "x": 5395858.669, "y": 7920448.528, "CD_GEOCOD": "3159803", "NM_MUNICI": "Santa Vitória", "NM_MESO": "Triângulo Mineiro e Alto Paranaíba", "NM_MICRO": "ITUIUTABA" }, "geometry": { "type": "MultiPolygon", "coordinates": [ [ [ [ 5395919.147282254882157, 7920569.130934823304415 ], [ 5395917.888126648962498, 7920509.368328606709838 ], [ 5395946.297547163441777, 7920508.769346408545971 ], [ 5395945.667910968884826, 7920478.888035221025348 ], [ 5395974.077285286039114, 7920478.289002700708807 ], [ 5395971.558472002856433, 7920358.763723682612181 ], [ 5395943.149278866127133, 7920359.362785573117435 ], [ 5395942.519599008373916, 7920329.481471933424473 ], [ 5395828.882998589426279, 7920331.87731902860105 ], [ 5395829.512497259303927, 7920361.75860330555588 ], [ 5395772.694101019762456, 7920362.956254286691546 ], [ 5395773.32350037060678, 7920392.837523397058249 ], [ 5395744.914255595766008, 7920393.436277072876692 ], [ 5395748.060894941911101, 7920542.842578561976552 ], [ 5395804.879836524836719, 7920541.645101608708501 ], [ 5395805.509228792972863, 7920571.526375111192465 ], [ 5395919.147282254882157, 7920569.130934823304415 ] ] ] ] } },
{ "type": "Feature", "properties": { "ID": 4, "Area_ha": 9054090.08, "x": 5394717.294, "y": 7919606.261, "CD_GEOCOD": "3159803", "NM_MUNICI": "Santa Vitória", "NM_MESO": "Triângulo Mineiro e Alto Paranaíba", "NM_MICRO": "ITUIUTABA" }, "geometry": { "type": "MultiPolygon", "coordinates": [ [ [ [ 5394763.929455381818116, 7919696.623890222981572 ], [ 5394762.673400732688606, 7919636.861840888857841 ], [ 5394791.081498394720256, 7919636.264358257874846 ], [ 5394788.569103371351957, 7919516.740224394015968 ], [ 5394674.93743228726089, 7919519.130014033988118 ], [ 5394675.565362852066755, 7919549.01101896725595 ], [ 5394647.157397506758571, 7919549.608351569622755 ], [ 5394650.29669320397079, 7919699.013332256115973 ], [ 5394763.929455381818116, 7919696.623890222981572 ] ] ] ] } },
{ "type": "Feature", "properties": { "ID": 4, "Area_ha": 9054090.08, "x": 5421682.398, "y": 7918572.938, "CD_GEOCOD": "3159803", "NM_MUNICI": "Santa Vitória", "NM_MESO": "Triângulo Mineiro e Alto Paranaíba", "NM_MICRO": "ITUIUTABA" }, "geometry": { "type": "MultiPolygon", "coordinates": [ [ [ [ 5421770.973406464792788, 7918720.463760237209499 ], [ 5421768.288372049108148, 7918600.910844534635544 ], [ 5421711.475312761962414, 7918602.187690168619156 ], [ 5421707.448026187717915, 7918422.858397191390395 ], [ 5421593.822984308935702, 7918425.411760028451681 ], [ 5421596.507153697311878, 7918544.964498724788427 ], [ 5421653.32003933750093, 7918543.687965836375952 ], [ 5421657.346558551304042, 7918723.017154417932034 ], [ 5421770.973406464792788, 7918720.463760237209499 ] ] ] ] } },
{ "type": "Feature", "properties": { "ID": 4, "Area_ha": 9054090.08, "x": 5423102.105, "y": 7917673.147, "CD_GEOCOD": "3159803", "NM_MUNICI": "Santa Vitória", "NM_MESO": "Triângulo Mineiro e Alto Paranaíba", "NM_MICRO": "ITUIUTABA" }, "geometry": { "type": "MultiPolygon", "coordinates": [ [ [ [ 5423718.893946766853333, 7918138.311508217826486 ], [ 5423717.544854420237243, 7918078.533954037353396 ], [ 5423745.950590163469315, 7918077.892373954877257 ], [ 5423745.275984615087509, 7918048.003588356077671 ], [ 5423773.681674029678106, 7918047.361957411281765 ], [ 5423773.007013777270913, 7918017.473163518123329 ], [ 5423801.412656865082681, 7918016.831481707282364 ], [ 5423800.7379419086501, 7917986.942679523490369 ], [ 5424027.982688760384917, 7917981.80761381238699 ], [ 5424023.256882183253765, 7917772.58554626442492 ], [ 5423767.609395255334675, 7917778.362796623259783 ], [ 5423765.585134077817202, 7917688.696401821449399 ], [ 5423737.179988982155919, 7917689.338127015158534 ], [ 5423736.505261925980449, 7917659.449335727840662 ], [ 5423679.695059543475509, 7917660.732672769576311 ], [ 5423679.020413869060576, 7917630.843896750360727 ], [ 5423536.995117732323706, 7917634.051525819115341 ], [ 5423535.646251999773085, 7917574.274050975218415 ], [ 5423450.431334854103625, 7917576.198159298859537 ], [ 5423449.757024073041975, 7917546.309444768354297 ], [ 5423336.137302409857512, 7917548.874351661652327 ], [ 5423335.463163755834103, 7917518.985668081790209 ], [ 5423307.058276279829443, 7917519.626795100979507 ], [ 5423306.384173654951155, 7917489.73811892606318 ], [ 5423221.169641500338912, 7917491.661265404894948 ], [ 5423220.495665641501546, 7917461.772612325847149 ], [ 5423192.090865015052259, 7917462.413582952693105 ], [ 5423191.41692519094795, 7917432.524937279522419 ], [ 5423163.012168963439763, 7917433.165872734040022 ], [ 5423162.338265172205865, 7917403.277234460227191 ], [ 5423077.124126772396266, 7917405.199806212447584 ], [ 5423076.450349755585194, 7917375.311191029846668 ], [ 5422991.236338729038835, 7917377.233399104326963 ], [ 5422990.562688491307199, 7917347.34480700083077 ], [ 5422933.753433695062995, 7917348.626079617999494 ], [ 5422933.079864867962897, 7917318.737502755597234 ], [ 5422819.461525116115808, 7917321.299563059583306 ], [ 5422818.788128444924951, 7917291.411017106845975 ], [ 5422676.765408786013722, 7917294.612663638778031 ], [ 5422676.092229647561908, 7917264.724156415089965 ], [ 5422477.260698999278247, 7917269.204709377139807 ], [ 5422477.933560536243021, 7917299.093161774799228 ], [ 5422421.12445231154561, 7917300.372916885651648 ], [ 5422423.142708787694573, 7917390.03822447732091 ], [ 5422224.309846703894436, 7917394.515847746282816 ], [ 5422224.982262644916773, 7917424.40422793943435 ], [ 5422168.172774022445083, 7917425.683146024122834 ], [ 5422168.845089914277196, 7917455.571510128676891 ], [ 5422083.630713611841202, 7917457.489541120827198 ], [ 5422086.319339659065008, 7917577.042899251915514 ], [ 5422114.724314194172621, 7917576.403629899024963 ], [ 5422115.396492795087397, 7917606.291976151056588 ], [ 5422172.206529689952731, 7917605.01332403998822 ], [ 5422173.551040416583419, 7917664.790046522393823 ], [ 5422372.386774141341448, 7917660.313518611714244 ], [ 5422373.059333077631891, 7917690.201933976262808 ], [ 5422515.085054923780262, 7917687.00316265784204 ], [ 5422514.41226917039603, 7917657.114708146080375 ], [ 5423025.703850626014173, 7917645.590085829608142 ], [ 5423030.418870767578483, 7917854.810245484113693 ], [ 5423058.824266946874559, 7917854.169634906575084 ], [ 5423060.171422298066318, 7917913.946835113689303 ], [ 5423315.820760714821517, 7917908.179545480757952 ], [ 5423320.538367948494852, 7918117.400226539932191 ], [ 5423604.596271166577935, 7918110.988590156659484 ], [ 5423605.27063124999404, 7918140.877335614524782 ], [ 5423718.893946766853333, 7918138.311508217826486 ] ] ] ] } },
{ "type": "Feature", "properties": { "ID": 4, "Area_ha": 9054090.08, "x": 5499264.524, "y": 7911484.315, "CD_GEOCOD": "3111804", "NM_MUNICI": "Canápolis", "NM_MESO": "Triângulo Mineiro e Alto Paranaíba", "NM_MICRO": "UBERLÂNDIA" }, "geometry": { "type": "MultiPolygon", "coordinates": [ [ [ [ 5499302.101595053449273, 7911968.606443791650236 ], [ 5499300.507397909648716, 7911908.783212192356586 ], [ 5499328.903765270486474, 7911908.02568469196558 ], [ 5499324.917851996608078, 7911758.467554674483836 ], [ 5499381.710128059610724, 7911756.952277950942516 ], [ 5499376.926122236065567, 7911577.482401933521032 ], [ 5499490.509567976929247, 7911574.451109524816275 ], [ 5499489.712012997828424, 7911544.539425568655133 ], [ 5499518.107826030813158, 7911543.781485499814153 ], [ 5499514.917313783429563, 7911424.13470995426178 ], [ 5499571.708572171628475, 7911422.618626549839973 ], [ 5499565.326290085911751, 7911183.324914349243045 ], [ 5499536.931025726720691, 7911184.0830515967682 ], [ 5499535.335436038672924, 7911124.259639318101108 ], [ 5499222.988453917205334, 7911132.596508299931884 ], [ 5499223.785753380507231, 7911162.50811286456883 ], [ 5499195.390520753338933, 7911163.26574223395437 ], [ 5499196.187763665802777, 7911193.177337277680635 ], [ 5499167.792484351433814, 7911193.934914307668805 ], [ 5499168.589670715853572, 7911223.846499834209681 ], [ 5499140.194344719871879, 7911224.604024530388415 ], [ 5499140.991474535316229, 7911254.515600543469191 ], [ 5499055.805353047326207, 7911256.787888342514634 ], [ 5499056.602335250005126, 7911286.699436355382204 ], [ 5499028.206913589499891, 7911287.456770197488368 ], [ 5499029.003839248791337, 7911317.368308692239225 ], [ 5498972.212901416234672, 7911318.882828620262444 ], [ 5498976.196909236721694, 7911468.440424592234194 ], [ 5499004.592606376856565, 7911467.68323237542063 ], [ 5499010.170073568820953, 7911677.063919890671968 ], [ 5499038.566088245250285, 7911676.306749270297587 ], [ 5499040.956402728334069, 7911766.041353246197104 ], [ 5499069.352552824653685, 7911765.284167263656855 ], [ 5499070.946131796576083, 7911825.107253696769476 ], [ 5499156.134848327375948, 7911822.835492704994977 ], [ 5499159.322420356795192, 7911942.481773190200329 ], [ 5499187.718838981352746, 7911941.724470341578126 ], [ 5499188.515749970450997, 7911971.63604902010411 ], [ 5499302.101595053449273, 7911968.606443791650236 ] ] ] ] } },
{ "type": "Feature", "properties": { "ID": 4, "Area_ha": 9054090.08, "x": 5424931.113, "y": 7913018.426, "CD_GEOCOD": "3129103", "NM_MUNICI": "Gurinhatã", "NM_MESO": "Triângulo Mineiro e Alto Paranaíba", "NM_MICRO": "ITUIUTABA" }, "geometry": { "type": "MultiPolygon", "coordinates": [ [ [ [ 5424888.782744032330811, 7913327.132064215838909 ], [ 5424884.035971693694592, 7913117.907651646994054 ], [ 5424997.628764186054468, 7913115.328134800307453 ], [ 5424996.950434521771967, 7913085.438899784348905 ], [ 5425110.543029511347413, 7913082.858661913312972 ], [ 5425107.828889712691307, 7912963.30159155651927 ], [ 5425051.032957872375846, 7912964.591859661974013 ], [ 5425046.962012445554137, 7912785.256335521116853 ], [ 5424876.575830176472664, 7912789.126388749107718 ], [ 5424877.932303892448545, 7912848.904804106801748 ], [ 5424849.534512487240136, 7912849.549646387808025 ], [ 5424850.890857784077525, 7912909.328044267371297 ], [ 5424822.492974472232163, 7912909.972827712073922 ], [ 5424829.273684056475759, 7913208.864712286740541 ], [ 5424772.477005270309746, 7913210.153992547653615 ], [ 5424775.188663063570857, 7913329.710671234875917 ], [ 5424888.782744032330811, 7913327.132064215838909 ] ] ] ] } },
{ "type": "Feature", "properties": { "ID": 4, "Area_ha": 9054090.08, "x": 5424361.956, "y": 7912708.681, "CD_GEOCOD": "3129103", "NM_MUNICI": "Gurinhatã", "NM_MESO": "Triângulo Mineiro e Alto Paranaíba", "NM_MICRO": "ITUIUTABA" }, "geometry": { "type": "MultiPolygon", "coordinates": [ [ [ [ 5424393.814789106138051, 7912800.083113087341189 ], [ 5424393.1373111307621, 7912770.194038424640894 ], [ 5424421.53498178627342, 7912769.549862187355757 ], [ 5424420.857448983006179, 7912739.660779231227934 ], [ 5424449.255073193460703, 7912739.016552029177547 ], [ 5424446.544666482135653, 7912619.46018439438194 ], [ 5424304.557445032522082, 7912622.681046522222459 ], [ 5424305.912212416529655, 7912682.459152635186911 ], [ 5424277.514674252830446, 7912683.103180028498173 ], [ 5424280.22391483746469, 7912802.65935557987541 ], [ 5424393.814789106138051, 7912800.083113087341189 ] ] ] ] } },
{ "type": "Feature", "properties": { "ID": 4, "Area_ha": 9054090.08, "x": 5424560.81, "y": 7911946.654, "CD_GEOCOD": "3129103", "NM_MUNICI": "Gurinhatã", "NM_MESO": "Triângulo Mineiro e Alto Paranaíba", "NM_MICRO": "ITUIUTABA" }, "geometry": { "type": "MultiPolygon", "coordinates": [ [ [ [ 5424632.444209505803883, 7912047.055279826745391 ], [ 5424627.697163375094533, 7911837.831176415085793 ], [ 5424514.112145336344838, 7911840.409976838156581 ], [ 5424514.790140937082469, 7911870.299104333855212 ], [ 5424486.393838493153453, 7911870.943688780069351 ], [ 5424490.461342548020184, 7912050.278397442772985 ], [ 5424632.444209505803883, 7912047.055279826745391 ] ] ] ] } },
{ "type": "Feature", "properties": { "ID": 4, "Area_ha": 9054090.08, "x": 5494645.251, "y": 7910216.574, "CD_GEOCOD": "3111804", "NM_MUNICI": "Canápolis", "NM_MESO": "Triângulo Mineiro e Alto Paranaíba", "NM_MICRO": "UBERLÂNDIA" }, "geometry": { "type": "MultiPolygon", "coordinates": [ [ [ [ 5494712.035996669903398, 7910324.554093740880489 ], [ 5494711.245542090386152, 7910294.643934043124318 ], [ 5494739.639451592229307, 7910293.892768211662769 ], [ 5494734.105645010247827, 7910084.52157824113965 ], [ 5494620.53127565048635, 7910087.526239309459925 ], [ 5494622.112053390592337, 7910147.346507461741567 ], [ 5494565.324679649434984, 7910148.848542677238584 ], [ 5494566.114961040206254, 7910178.758658014237881 ], [ 5494537.721226905472577, 7910179.509601793251932 ], [ 5494541.672242407687008, 7910329.060128428041935 ], [ 5494712.035996669903398, 7910324.554093740880489 ] ] ] ] } },
{ "type": "Feature", "properties": { "ID": 4, "Area_ha": 9054090.08, "x": 5569458.062, "y": 7906189.766, "CD_GEOCOD": "3170206", "NM_MUNICI": "Uberlândia", "NM_MESO": "Triângulo Mineiro e Alto Paranaíba", "NM_MICRO": "UBERLÂNDIA" }, "geometry": { "type": "MultiPolygon", "coordinates": [ [ [ [ 5569497.857816222123802, 7906338.74788111820817 ], [ 5569496.946402260102332, 7906308.811748074367642 ], [ 5569582.109933503903449, 7906306.215250866487622 ], [ 5569581.198369946330786, 7906276.279086107388139 ], [ 5569666.361752329394221, 7906273.682169022038579 ], [ 5569662.714824249967933, 7906153.937382539734244 ], [ 5569634.327214142307639, 7906154.803106873296201 ], [ 5569633.415496360510588, 7906124.866920551285148 ], [ 5569605.027930615469813, 7906125.73261228017509 ], [ 5569604.116245938464999, 7906095.796436404809356 ], [ 5569575.728724555112422, 7906096.662095534615219 ], [ 5569574.817072981968522, 7906066.725930104032159 ], [ 5569432.879674730822444, 7906071.053631290793419 ], [ 5569431.968238981440663, 7906041.11751845292747 ], [ 5569315.848332810215652, 7906044.65720443520695 ], [ 5569306.188648262061179, 7906072.126648481935263 ], [ 5569264.886943538673222, 7906152.872297132387757 ], [ 5569267.110373291186988, 7906225.92569565307349 ], [ 5569295.498091850429773, 7906225.060553234070539 ], [ 5569296.409223798662424, 7906254.996612812392414 ], [ 5569324.796986718662083, 7906254.131437789648771 ], [ 5569325.708151774480939, 7906284.067507806234062 ], [ 5569354.095959053374827, 7906283.202300175093114 ], [ 5569355.918342810124159, 7906343.07446098793298 ], [ 5569497.857816222123802, 7906338.74788111820817 ] ] ] ] } },
{ "type": "Feature", "properties": { "ID": 4, "Area_ha": 9054090.08, "x": 5569283.706, "y": 7906089.806, "CD_GEOCOD": "3142809", "NM_MUNICI": "Monte Alegre de Minas", "NM_MESO": "Triângulo Mineiro e Alto Paranaíba", "NM_MICRO": "UBERLÂNDIA" }, "geometry": { "type": "MultiPolygon", "coordinates": [ [ [ [ 5569290.031036240980029, 7906045.444193725474179 ], [ 5569290.942243594676256, 7906075.380253887735307 ], [ 5569262.554753422737122, 7906076.245448977686465 ], [ 5569264.886943538673222, 7906152.872297132387757 ], [ 5569306.188648262061179, 7906072.126648481935263 ], [ 5569315.848332810215652, 7906044.65720443520695 ], [ 5569290.031036240980029, 7906045.444193725474179 ] ] ] ] } },
{ "type": "Feature", "properties": { "ID": 4, "Area_ha": 9054090.08, "x": 5461032.653, "y": 7908212.785, "CD_GEOCOD": "3134202", "NM_MUNICI": "Ituiutaba", "NM_MESO": "Triângulo Mineiro e Alto Paranaíba", "NM_MICRO": "ITUIUTABA" }, "geometry": { "type": "MultiPolygon", "coordinates": [ [ [ [ 5461053.760474070906639, 7909598.995902023278177 ], [ 5461053.023392139002681, 7909569.096198813989758 ], [ 5461081.416192854754627, 7909568.395626250654459 ], [ 5461078.467581202276051, 7909448.796775690279901 ], [ 5461163.645430344156921, 7909446.694696736522019 ], [ 5461162.908115340396762, 7909416.794957593083382 ], [ 5461219.693251669406891, 7909415.393338833004236 ], [ 5461218.95583538338542, 7909385.493582257069647 ], [ 5461247.348356397822499, 7909384.792699623852968 ], [ 5461245.873402188532054, 7909324.993168318644166 ], [ 5461274.265831027179956, 7909324.292225467972457 ], [ 5461273.528293102048337, 7909294.392450739629567 ], [ 5461301.920675319619477, 7909293.69145620521158 ], [ 5461301.183081661351025, 7909263.791672578081489 ], [ 5461329.575417256914079, 7909263.090626359917223 ], [ 5461328.100108293816447, 7909203.291040951386094 ], [ 5461356.492351708933711, 7909202.589934512041509 ], [ 5461355.754636402241886, 7909172.690132730640471 ], [ 5461384.146833192557096, 7909171.988974602892995 ], [ 5461383.409062148071826, 7909142.089163923636079 ], [ 5461411.801212314516306, 7909141.387954106554389 ], [ 5461411.063385531306267, 7909111.488134525716305 ], [ 5461439.455489071086049, 7909110.786873023957014 ], [ 5461437.979713843204081, 7909050.987215707078576 ], [ 5461466.371725196018815, 7909050.285893972031772 ], [ 5461465.633776750415564, 7909020.386056235060096 ], [ 5461494.025741474702954, 7909019.684682812541723 ], [ 5461493.287737285718322, 7908989.784836172126234 ], [ 5461521.679655381478369, 7908989.083411055617034 ], [ 5461520.941595447249711, 7908959.183555520139635 ], [ 5461549.333466914482415, 7908958.482078713364899 ], [ 5461548.59535123500973, 7908928.582214274443686 ], [ 5461576.987176070921123, 7908927.880685769021511 ], [ 5461575.510823033750057, 7908868.080938732251525 ], [ 5461603.902555675245821, 7908867.379349992610514 ], [ 5461603.164318315684795, 7908837.479467391967773 ], [ 5461659.947689266875386, 7908836.076143362559378 ], [ 5461659.209350591525435, 7908806.176243318244815 ], [ 5461687.600988900288939, 7908805.474508031271398 ], [ 5461686.124189857393503, 7908745.674689775332808 ], [ 5461714.515735966153443, 7908744.972894242964685 ], [ 5461710.084820959717035, 7908565.573379589244723 ], [ 5461738.476092580705881, 7908564.871489638462663 ], [ 5461737.73752552177757, 7908534.971560725942254 ], [ 5461766.128750504925847, 7908534.269619071856141 ], [ 5461763.174198105931282, 7908414.669865661300719 ], [ 5461734.783155417069793, 7908415.371841495856643 ], [ 5461734.044537424109876, 7908385.471910791471601 ], [ 5461705.653539245948195, 7908386.173852007836103 ], [ 5461704.914956641383469, 7908356.273929486982524 ], [ 5461648.133048233576119, 7908357.67769951466471 ], [ 5461647.394546595402062, 7908327.777793721295893 ], [ 5461477.049069223925471, 7908331.988119155168533 ], [ 5461476.310830863192677, 7908302.088264242745936 ], [ 5461447.919959811493754, 7908302.789842616766691 ], [ 5461447.181756847538054, 7908272.889995886012912 ], [ 5461418.790930306538939, 7908273.591539637185633 ], [ 5461415.838198961690068, 7908153.992183263413608 ], [ 5461387.447553670033813, 7908154.693717999383807 ], [ 5461380.065468559972942, 7907855.695387257263064 ], [ 5461550.406589295715094, 7907851.485019049607217 ], [ 5461549.668051278218627, 7907821.585132766515017 ], [ 5461578.058188745751977, 7907820.883245095610619 ], [ 5461577.319594956934452, 7907790.983349911868572 ], [ 5461605.709685768932104, 7907790.281410520896316 ], [ 5461604.971036208793521, 7907760.381506439298391 ], [ 5461633.361080366186798, 7907759.679515340365469 ], [ 5461632.622375032864511, 7907729.7796023581177 ], [ 5461661.012372531928122, 7907729.077559541910887 ], [ 5461660.273611424490809, 7907699.177637659944594 ], [ 5461688.663562266156077, 7907698.475543129257858 ], [ 5461687.924745384603739, 7907668.575612343847752 ], [ 5461716.314649567939341, 7907667.873466096818447 ], [ 5461715.575776908546686, 7907637.973526409827173 ], [ 5461743.965634434483945, 7907637.271328448317945 ], [ 5461743.226705996319652, 7907607.371379859745502 ], [ 5461771.6165168620646, 7907606.669130176305771 ], [ 5461770.877532644197345, 7907576.769172685220838 ], [ 5461799.267296849749982, 7907576.066871284507215 ], [ 5461798.528256852179766, 7907546.166904890909791 ], [ 5461855.307690872810781, 7907544.762155468575656 ], [ 5461847.915818612091243, 7907245.762300908565521 ], [ 5461876.3050780557096, 7907245.059775983914733 ], [ 5461872.608531815931201, 7907095.55979252140969 ], [ 5461929.386591483838856, 7907094.154527671635151 ], [ 5461927.907719245180488, 7907034.354497593827546 ], [ 5461956.296656268648803, 7907033.651783301495016 ], [ 5461955.557159258052707, 7907003.751759178936481 ], [ 5461983.946049608290195, 7907003.048993153497577 ], [ 5461980.987777223810554, 7906883.448858890682459 ], [ 5461952.599069298245013, 7906884.151659097522497 ], [ 5461951.859521328471601, 7906854.251633179374039 ], [ 5461923.470857940614223, 7906854.954398745670915 ], [ 5461922.731345387175679, 7906825.054381013847888 ], [ 5461894.34272653888911, 7906825.75711193587631 ], [ 5461893.603249403648078, 7906795.857102393172681 ], [ 5461808.437523269094527, 7906797.965061647817492 ], [ 5461807.698172771371901, 7906768.065077376551926 ], [ 5461750.921107889153063, 7906769.470184681937099 ], [ 5461750.181838423013687, 7906739.570217134431005 ], [ 5461693.404860485345125, 7906740.975168759003282 ], [ 5461692.665672052651644, 7906711.075217937119305 ], [ 5461664.277227091602981, 7906711.777637503109872 ], [ 5461663.53807408362627, 7906681.877694858238101 ], [ 5461635.149673664011061, 7906682.580079771578312 ], [ 5461634.410556082613766, 7906652.680145308375359 ], [ 5461577.633843261748552, 7906654.08480263967067 ], [ 5461576.89480672031641, 7906624.184884892776608 ], [ 5461463.341550705954432, 7906626.993715393356979 ], [ 5461464.08040479850024, 7906656.893598993308842 ], [ 5461151.808360905386508, 7906664.614225571975112 ], [ 5461152.546703091822565, 7906694.514014944434166 ], [ 5461124.15828344784677, 7906695.215622399002314 ], [ 5461124.896569849923253, 7906725.115402879193425 ], [ 5461096.508103528991342, 7906725.816958616487682 ], [ 5461097.246334147639573, 7906755.716730205342174 ], [ 5461040.469307081773877, 7906757.119695045053959 ], [ 5461047.112103955820203, 7907026.217469591647387 ], [ 5461018.7231783606112, 7907026.918810468167067 ], [ 5461019.461170440539718, 7907056.818552863784134 ], [ 5460991.072198176756501, 7907057.519842024892569 ], [ 5460993.285976583138108, 7907147.219041457399726 ], [ 5460964.896866444498301, 7907147.920261851511896 ], [ 5460965.634726637974381, 7907177.819985743612051 ], [ 5460937.245569833554327, 7907178.521154423244298 ], [ 5460937.983374256640673, 7907208.420869429595768 ], [ 5460909.594170784577727, 7907209.121986403129995 ], [ 5460911.069657924585044, 7907268.921398274600506 ], [ 5460882.680362188257277, 7907269.622455011121929 ], [ 5460883.418044906109571, 7907299.522151880897582 ], [ 5460826.639359036460519, 7907300.924118747934699 ], [ 5460828.114511580206454, 7907360.723477299325168 ], [ 5460799.725075850263238, 7907361.424378911033273 ], [ 5460801.937591627240181, 7907451.123388452455401 ], [ 5460773.548018045723438, 7907451.824221306480467 ], [ 5460774.285457378253341, 7907481.723881907761097 ], [ 5460745.895837135612965, 7907482.424663060344756 ], [ 5460749.582653347402811, 7907631.922918014228344 ], [ 5460664.413102337159216, 7907634.024874550290406 ], [ 5460665.150298312306404, 7907663.92449888586998 ], [ 5460636.760400254279375, 7907664.625056188553572 ], [ 5460637.497540476731956, 7907694.524671641178429 ], [ 5460609.107595763169229, 7907695.225177246145904 ], [ 5460611.318818687461317, 7907784.923995865508914 ], [ 5460582.928736142814159, 7907785.624432730488479 ], [ 5460584.402742775157094, 7907845.423626291565597 ], [ 5460556.012567990459502, 7907846.124002940952778 ], [ 5460558.223364971578121, 7907935.822765000164509 ], [ 5460529.833052366040647, 7907936.523072914220393 ], [ 5460530.569918787106872, 7907966.422651022672653 ], [ 5460417.008475381880999, 7907969.223416894674301 ], [ 5460418.481813076883554, 7908029.022503865882754 ], [ 5460361.700902653858066, 7908030.422593709081411 ], [ 5460362.437465101480484, 7908060.322119611315429 ], [ 5460334.046962711960077, 7908061.022091265767813 ], [ 5460343.620757762342691, 7908449.715784345753491 ], [ 5460230.056367521174252, 7908452.514796383678913 ], [ 5460230.79255990870297, 7908482.414274630136788 ], [ 5460202.40141411498189, 7908483.113911218941212 ], [ 5460205.345899843610823, 7908602.711786525323987 ], [ 5460233.73722792416811, 7908602.012184000574052 ], [ 5460241.834227284416556, 7908930.90640486497432 ], [ 5460213.442397967912257, 7908931.605913705192506 ], [ 5460214.178382333368063, 7908961.505377639085054 ], [ 5460043.827110740356147, 7908965.701473378576338 ], [ 5460046.769853192381561, 7909085.299121117219329 ], [ 5459819.633306927978992, 7909090.891226511448622 ], [ 5459818.898001021705568, 7909060.991883210837841 ], [ 5459705.329884637147188, 7909063.786934328265488 ], [ 5459708.270318446680903, 7909183.384169201366603 ], [ 5459850.231372456997633, 7909179.890417609363794 ], [ 5459852.437274677678943, 7909269.588467583991587 ], [ 5459966.006645455025136, 7909266.792791764251888 ], [ 5459965.271172633394599, 7909236.89340808801353 ], [ 5460022.055760535411537, 7909235.495294263586402 ], [ 5460020.584602219052613, 7909175.696491775102913 ], [ 5460247.722182400524616, 7909170.102174317464232 ], [ 5460248.458131097257137, 7909200.001643867231905 ], [ 5460276.850369394756854, 7909199.302168532274663 ], [ 5460278.322327440604568, 7909259.101123585365713 ], [ 5460306.714655791409314, 7909258.401622139848769 ], [ 5460310.394600975327194, 7909407.899046023376286 ], [ 5460338.787156036123633, 7909407.199544025585055 ], [ 5460340.99513794016093, 7909496.898019565269351 ], [ 5460454.56589418835938, 7909494.099682381376624 ], [ 5460455.302050049416721, 7909523.999207587912679 ], [ 5460540.480242727324367, 7909521.900027262046933 ], [ 5460541.216525082476437, 7909551.799577676691115 ], [ 5460711.5731550315395, 7909547.600103322416544 ], [ 5460712.309700528159738, 7909577.499704524874687 ], [ 5460797.488137794658542, 7909575.399410511367023 ], [ 5460798.224809776991606, 7909605.299036939628422 ], [ 5461053.760474070906639, 7909598.995902023278177 ] ] ] ] } },
{ "type": "Feature", "properties": { "ID": 4, "Area_ha": 9054090.08, "x": 5476422.459, "y": 7905083.979, "CD_GEOCOD": "3134202", "NM_MUNICI": "Ituiutaba", "NM_MESO": "Triângulo Mineiro e Alto Paranaíba", "NM_MICRO": "ITUIUTABA" }, "geometry": { "type": "MultiPolygon", "coordinates": [ [ [ [ 5476480.757842564955354, 7905142.336981849744916 ], [ 5476477.704051688313484, 7905022.719004324637353 ], [ 5476364.160564971156418, 7905025.620157388038933 ], [ 5476367.21362541988492, 7905145.237993939779699 ], [ 5476480.757842564955354, 7905142.336981849744916 ] ] ] ] } },
{ "type": "Feature", "properties": { "ID": 4, "Area_ha": 9054090.08, "x": 5405984.03, "y": 7906184.537, "CD_GEOCOD": "3159803", "NM_MUNICI": "Santa Vitória", "NM_MESO": "Triângulo Mineiro e Alto Paranaíba", "NM_MICRO": "ITUIUTABA" }, "geometry": { "type": "MultiPolygon", "coordinates": [ [ [ [ 5406270.381692763417959, 7906415.465932387858629 ], [ 5406267.127918341197073, 7906266.044363459572196 ], [ 5406125.189102008938789, 7906269.136860022321343 ], [ 5406122.586833125911653, 7906149.599746591411531 ], [ 5406094.199249423108995, 7906150.218146272003651 ], [ 5406093.548705407418311, 7906120.333874240517616 ], [ 5406008.386085450649261, 7906122.188836440443993 ], [ 5406007.735669275745749, 7906092.304586462676525 ], [ 5405979.348173006437719, 7906092.922828246839345 ], [ 5405978.697793477214873, 7906063.03858530241996 ], [ 5405921.922889314591885, 7906064.274954202584922 ], [ 5405920.622285797260702, 7906004.506496919319034 ], [ 5405892.23492350615561, 7906005.124631540849805 ], [ 5405891.584653919562697, 7905975.240409694612026 ], [ 5405749.648056354373693, 7905978.330471873283386 ], [ 5405752.898174745030701, 7906127.751388746313751 ], [ 5405781.285724142566323, 7906127.133500291034579 ], [ 5405782.58580004889518, 7906186.901878729462624 ], [ 5405839.361078416928649, 7906185.66600215062499 ], [ 5405840.011194139719009, 7906215.550205666571856 ], [ 5405868.398877508938313, 7906214.932210043072701 ], [ 5405869.049029877409339, 7906244.816420586779714 ], [ 5405897.436757903546095, 7906244.198389245197177 ], [ 5405898.086946915835142, 7906274.082606825977564 ], [ 5405954.862491336651146, 7906272.846429476514459 ], [ 5405955.512762588448822, 7906302.730661590583622 ], [ 5406154.227457580156624, 7906298.402731841430068 ], [ 5406156.829729685559869, 7906417.939865842461586 ], [ 5406270.381692763417959, 7906415.465932387858629 ] ] ] ] } },
{ "type": "Feature", "properties": { "ID": 4, "Area_ha": 9054090.08, "x": 5402603.926, "y": 7905107.936, "CD_GEOCOD": "3159803", "NM_MUNICI": "Santa Vitória", "NM_MESO": "Triângulo Mineiro e Alto Paranaíba", "NM_MICRO": "ITUIUTABA" }, "geometry": { "type": "MultiPolygon", "coordinates": [ [ [ [ 5403039.932185275480151, 7905439.166730965487659 ], [ 5403037.348547163419425, 7905319.632792241871357 ], [ 5402867.030632021836936, 7905323.31587194185704 ], [ 5402861.865118734538555, 7905084.248329077847302 ], [ 5402833.47916120942682, 7905084.862083933316171 ], [ 5402830.250654727220535, 7904935.444891277700663 ], [ 5402745.093460862524807, 7904937.28600806184113 ], [ 5402744.447869780473411, 7904907.402590433135629 ], [ 5402687.676493775099516, 7904908.629800260066986 ], [ 5402687.030985057353973, 7904878.746397039853036 ], [ 5402573.488404324278235, 7904881.200327474623919 ], [ 5402571.552372380159795, 7904791.5502042574808 ], [ 5402543.166861734353006, 7904792.163601067848504 ], [ 5402542.521545620635152, 7904762.280233141966164 ], [ 5402428.97967619728297, 7904764.733417617157102 ], [ 5402434.140496540814638, 7905003.800109434872866 ], [ 5402178.66795077547431, 7905009.316708678379655 ], [ 5402181.891122128814459, 7905158.733040718361735 ], [ 5402408.979657997377217, 7905153.829867457970977 ], [ 5402410.914549172855914, 7905243.479839418083429 ], [ 5402439.300748805515468, 7905242.866770474240184 ], [ 5402439.945740395225585, 7905272.75010094139725 ], [ 5402553.49071205034852, 7905270.297422485426068 ], [ 5402554.135877225548029, 7905300.180782238021493 ], [ 5402582.522163419984281, 7905299.567511959001422 ], [ 5402583.167365331202745, 7905329.45087867602706 ], [ 5402668.326355149969459, 7905327.610830705612898 ], [ 5402668.971685024909675, 7905357.494219273328781 ], [ 5402924.449014546349645, 7905351.9718072777614 ], [ 5402926.386182435788214, 7905441.622171186842024 ], [ 5403039.932185275480151, 7905439.166730965487659 ] ] ] ] } },
{ "type": "Feature", "properties": { "ID": 4, "Area_ha": 9054090.08, "x": 5500836.935, "y": 7902438.619, "CD_GEOCOD": "3142809", "NM_MUNICI": "Monte Alegre de Minas", "NM_MESO": "Triângulo Mineiro e Alto Paranaíba", "NM_MICRO": "UBERLÂNDIA" }, "geometry": { "type": "MultiPolygon", "coordinates": [ [ [ [ 5500895.305861175991595, 7902496.91680895164609 ], [ 5500892.091657186858356, 7902377.267596172168851 ], [ 5500778.56432278919965, 7902380.32022958714515 ], [ 5500781.77779527194798, 7902499.969294229522347 ], [ 5500895.305861175991595, 7902496.91680895164609 ] ] ] ] } },
{ "type": "Feature", "properties": { "ID": 4, "Area_ha": 9054090.08, "x": 5476014.795, "y": 7902952.964, "CD_GEOCOD": "3134202", "NM_MUNICI": "Ituiutaba", "NM_MESO": "Triângulo Mineiro e Alto Paranaíba", "NM_MICRO": "ITUIUTABA" }, "geometry": { "type": "MultiPolygon", "coordinates": [ [ [ [ 5476114.317080963402987, 7903027.100101253949106 ], [ 5476111.262315194122493, 7902907.482418303377926 ], [ 5476082.87967595551163, 7902908.207921075634658 ], [ 5476082.116003948263824, 7902878.303508320823312 ], [ 5475911.820419492200017, 7902882.655669489875436 ], [ 5475914.873947775922716, 7903002.273107360117137 ], [ 5475971.639512588270009, 7903000.822630364447832 ], [ 5475972.402959797531366, 7903030.727006608620286 ], [ 5476114.317080963402987, 7903027.100101253949106 ] ] ] ] } },
{ "type": "Feature", "properties": { "ID": 4, "Area_ha": 9054090.08, "x": 5475152.878, "y": 7903735.456, "CD_GEOCOD": "3134202", "NM_MUNICI": "Ituiutaba", "NM_MESO": "Triângulo Mineiro e Alto Paranaíba", "NM_MICRO": "ITUIUTABA" }, "geometry": { "type": "MultiPolygon", "coordinates": [ [ [ [ 5475935.321843119338155, 7904916.8760099504143 ], [ 5475934.55919452290982, 7904886.971680771559477 ], [ 5475991.330516655929387, 7904885.522399057634175 ], [ 5475988.279452006332576, 7904765.905008631758392 ], [ 5475903.123015034012496, 7904768.078971993178129 ], [ 5475897.021477488800883, 7904528.844386636279523 ], [ 5475925.406592297367752, 7904528.119705000892282 ], [ 5475920.066876029595733, 7904318.789363987743855 ], [ 5475834.912487267516553, 7904320.96346402913332 ], [ 5475828.047614836134017, 7904051.824668118730187 ], [ 5475799.663227409124374, 7904052.549360862001777 ], [ 5475798.900456985458732, 7904022.645057360641658 ], [ 5475742.131770164705813, 7904024.094330749474466 ], [ 5475738.318217331543565, 7903874.572896293364465 ], [ 5475709.934100642800331, 7903875.29751211963594 ], [ 5475708.408697387203574, 7903815.488953626714647 ], [ 5475594.872585011646152, 7903818.38705494813621 ], [ 5475588.77201393339783, 7903579.153089255094528 ], [ 5475617.155678238719702, 7903578.428558431565762 ], [ 5475616.393013950437307, 7903548.524302449077368 ], [ 5475673.160247882828116, 7903547.075093494728208 ], [ 5475667.820664431899786, 7903337.745169289410114 ], [ 5475639.437367818318307, 7903338.469856943935156 ], [ 5475635.623293234966695, 7903188.948516619391739 ], [ 5475607.240223966538906, 7903189.673204993829131 ], [ 5475606.477423258125782, 7903159.768944734707475 ], [ 5475492.945317907258868, 7903162.667300933040679 ], [ 5475486.081284319981933, 7902893.529260290786624 ], [ 5475542.846516702324152, 7902892.080010454170406 ], [ 5475539.795196750201285, 7902772.463024625554681 ], [ 5475454.647894902154803, 7902774.636939981020987 ], [ 5475452.359706076793373, 7902684.924276258796453 ], [ 5475140.154355750419199, 7902692.892258636653423 ], [ 5475139.392107881605625, 7902662.988133383914828 ], [ 5475111.009842385537922, 7902663.712244669906795 ], [ 5475103.387244164943695, 7902364.671061813831329 ], [ 5474961.478185384534299, 7902368.291408441960812 ], [ 5474962.240263839252293, 7902398.195484310388565 ], [ 5474933.858403064310551, 7902398.919415075331926 ], [ 5474937.668409615755081, 7902548.43974556401372 ], [ 5474966.050498919561505, 7902547.71585869602859 ], [ 5474970.622435190714896, 7902727.140297057107091 ], [ 5474999.004797606728971, 7902726.416419612243772 ], [ 5475000.528783925808966, 7902786.224580651149154 ], [ 5475057.293688247911632, 7902784.776731118559837 ], [ 5475064.151930445805192, 7903053.913597516715527 ], [ 5475092.534792221151292, 7903053.189686911180615 ], [ 5475094.05882212985307, 7903112.997893380001187 ], [ 5475122.441774189472198, 7903112.273957085795701 ], [ 5475123.203819112852216, 7903142.178068611770868 ], [ 5475208.352805747650564, 7903140.006026607938111 ], [ 5475209.87713829241693, 7903199.814301364123821 ], [ 5475295.026389147154987, 7903197.641922850161791 ], [ 5475299.599957545287907, 7903377.066897368058562 ], [ 5475356.366667530499399, 7903375.618534242734313 ], [ 5475361.702659761533141, 7903584.947779220528901 ], [ 5475418.470004924573004, 7903583.499366165138781 ], [ 5475424.568383345380425, 7903822.732909865677357 ], [ 5475396.184345874004066, 7903823.45706769451499 ], [ 5475403.805918079800904, 7904122.498879795894027 ], [ 5475148.345420497469604, 7904129.013563787564635 ], [ 5475150.630454516969621, 7904218.725863722153008 ], [ 5474980.322584466077387, 7904223.066882913000882 ], [ 5474974.231142981909215, 7903983.83449812233448 ], [ 5474860.694002406671643, 7903986.727927350439131 ], [ 5474864.500318480655551, 7904136.247994692996144 ], [ 5474807.731284855864942, 7904137.694362113252282 ], [ 5474806.970133939757943, 7904107.790366865694523 ], [ 5474778.585661146789789, 7904108.513494508340955 ], [ 5474777.824545425362885, 7904078.609507709741592 ], [ 5474749.440117202699184, 7904079.332600900903344 ], [ 5474748.67903667781502, 7904049.428622549399734 ], [ 5474720.294653027318418, 7904050.15168128721416 ], [ 5474719.533607699908316, 7904020.247711381874979 ], [ 5474407.30581727437675, 7904028.198600731790066 ], [ 5474398.178485732525587, 7903669.352094257250428 ], [ 5474341.410878495313227, 7903670.79735898040235 ], [ 5474339.889692758210003, 7903610.98963834438473 ], [ 5474311.505978850647807, 7903611.712223384529352 ], [ 5474307.703059772029519, 7903462.192959831096232 ], [ 5474250.936085488647223, 7903463.638087884522974 ], [ 5474250.175561647862196, 7903433.734251716174185 ], [ 5474051.491436777636409, 7903438.790899138897657 ], [ 5474068.213509641587734, 7904096.673868147656322 ], [ 5474607.517959574237466, 7904082.947418393567204 ], [ 5474611.322063316591084, 7904232.467085774987936 ], [ 5474639.706725397147238, 7904231.744252618402243 ], [ 5474640.467560399323702, 7904261.648193876259029 ], [ 5474668.852267045527697, 7904260.925326267257333 ], [ 5474669.613137243315578, 7904290.829275972209871 ], [ 5474811.536882305517793, 7904287.214333403855562 ], [ 5474813.820115060545504, 7904376.926312208175659 ], [ 5474842.20499776955694, 7904376.203220352530479 ], [ 5474842.966100068762898, 7904406.107221405953169 ], [ 5475183.585154658183455, 7904397.426852901466191 ], [ 5475184.34679446183145, 7904427.330959028564394 ], [ 5475212.731754181906581, 7904426.607322812080383 ], [ 5475213.493429165333509, 7904456.511437393724918 ], [ 5475298.648438706994057, 7904454.340295751579106 ], [ 5475300.172031201422215, 7904514.148576658219099 ], [ 5475356.942214707843959, 7904512.70096793025732 ], [ 5475357.70408655051142, 7904542.6051254728809 ], [ 5475386.089222311973572, 7904541.88126506190747 ], [ 5475386.85112932883203, 7904571.785431063733995 ], [ 5475500.391844005323946, 7904568.889592371881008 ], [ 5475492.00828065443784, 7904239.943361443467438 ], [ 5475775.854966930113733, 7904232.699771697632968 ], [ 5475788.818610818125308, 7904741.072697922587395 ], [ 5475760.433170868083835, 7904741.797101864591241 ], [ 5475765.007576312869787, 7904921.222765089012682 ], [ 5475935.321843119338155, 7904916.8760099504143 ] ] ] ] } },
{ "type": "Feature", "properties": { "ID": 4, "Area_ha": 9054090.08, "x": 5401335.531, "y": 7904100.694, "CD_GEOCOD": "3159803", "NM_MUNICI": "Santa Vitória", "NM_MESO": "Triângulo Mineiro e Alto Paranaíba", "NM_MICRO": "ITUIUTABA" }, "geometry": { "type": "MultiPolygon", "coordinates": [ [ [ [ 5401393.586821130476892, 7904159.236340302042663 ], [ 5401391.012024559080601, 7904039.70401225425303 ], [ 5401277.474569149315357, 7904042.151018187403679 ], [ 5401280.048635482788086, 7904161.683227533474565 ], [ 5401393.586821130476892, 7904159.236340302042663 ] ] ] ] } },
{ "type": "Feature", "properties": { "ID": 4, "Area_ha": 9054090.08, "x": 5501093.565, "y": 7901924.077, "CD_GEOCOD": "3142809", "NM_MUNICI": "Monte Alegre de Minas", "NM_MESO": "Triângulo Mineiro e Alto Paranaíba", "NM_MICRO": "UBERLÂNDIA" }, "geometry": { "type": "MultiPolygon", "coordinates": [ [ [ [ 5501514.077876957133412, 7902270.728219722397625 ], [ 5501512.468630502000451, 7902210.903202431276441 ], [ 5501540.850206978619099, 7902210.138938158750534 ], [ 5501540.045521426014602, 7902180.22641984000802 ], [ 5501568.42705101147294, 7902179.462103051133454 ], [ 5501564.403228604234755, 7902029.899461062625051 ], [ 5501450.878017798997462, 7902032.956654130481184 ], [ 5501442.831372135318816, 7901733.831720801070333 ], [ 5501414.45052383467555, 7901734.59600361995399 ], [ 5501413.645844142884016, 7901704.683518076315522 ], [ 5501300.122622223570943, 7901707.740253839641809 ], [ 5501297.709065590985119, 7901618.002906793728471 ], [ 5501240.947722055949271, 7901619.531070713885128 ], [ 5501240.143272528424859, 7901589.618639691732824 ], [ 5501211.762644751928747, 7901590.38266602344811 ], [ 5501210.958229900337756, 7901560.470243994146585 ], [ 5501097.435890095308423, 7901563.525953769683838 ], [ 5501099.044342841021717, 7901623.35072345752269 ], [ 5501013.902301339432597, 7901625.641995972953737 ], [ 5501014.706373917870224, 7901655.554352629929781 ], [ 5500986.325645353645086, 7901656.318014356307685 ], [ 5500988.737659548409283, 7901746.055054917931557 ], [ 5500704.92893785610795, 7901753.689015148207545 ], [ 5500707.339480577036738, 7901843.425775552168489 ], [ 5500593.815410536713898, 7901846.478037362918258 ], [ 5500595.422017924487591, 7901906.302468910813332 ], [ 5500567.040906044654548, 7901907.06540771573782 ], [ 5500571.057002555578947, 7902056.626435583457351 ], [ 5500627.819682436995208, 7902055.100607249885798 ], [ 5500631.032726624980569, 7902174.749498691409826 ], [ 5500744.558804049156606, 7902171.697471072897315 ], [ 5500743.755376673303545, 7902141.785211596637964 ], [ 5500772.136847397312522, 7902141.022087309509516 ], [ 5500771.333363246172667, 7902111.109818307682872 ], [ 5500913.240470791235566, 7902107.293501794338226 ], [ 5500910.829266129992902, 7902017.556554293259978 ], [ 5501166.260751779191196, 7902010.684209629893303 ], [ 5501167.064909271895885, 7902040.596609085798264 ], [ 5501252.208854055032134, 7902038.305076757445931 ], [ 5501257.83860706910491, 7902247.6920599732548 ], [ 5501399.746758818626404, 7902243.872298711910844 ], [ 5501400.551193621009588, 7902273.784770144149661 ], [ 5501514.077876957133412, 7902270.728219722397625 ] ] ] ] } },
{ "type": "Feature", "properties": { "ID": 4, "Area_ha": 9054090.08, "x": 5474963.176, "y": 7901835.984, "CD_GEOCOD": "3134202", "NM_MUNICI": "Ituiutaba", "NM_MESO": "Triângulo Mineiro e Alto Paranaíba", "NM_MICRO": "ITUIUTABA" }, "geometry": { "type": "MultiPolygon", "coordinates": [ [ [ [ 5475095.001175380311906, 7902035.725722556002438 ], [ 5475091.951381348073483, 7901916.109225648455322 ], [ 5475063.570257492363453, 7901916.833513213321567 ], [ 5475062.807828496210277, 7901886.929396944120526 ], [ 5475034.426749256439507, 7901887.653650019317865 ], [ 5475032.901951256208122, 7901827.845434047281742 ], [ 5475004.520962349139154, 7901828.569661410525441 ], [ 5474998.421716884709895, 7901589.336854550987482 ], [ 5474884.899213317781687, 7901592.233612190932035 ], [ 5474885.661472786217928, 7901622.137679096311331 ], [ 5474857.280798408202827, 7901622.861751540564001 ], [ 5474860.329548612236977, 7901742.477980748750269 ], [ 5474888.710405878722668, 7901741.753943404182792 ], [ 5474896.332005156204104, 7902040.794581039808691 ], [ 5475095.001175380311906, 7902035.725722556002438 ] ] ] ] } },
{ "type": "Feature", "properties": { "ID": 4, "Area_ha": 9054090.08, "x": 5386750.096, "y": 7899534.626, "CD_GEOCOD": "3159803", "NM_MUNICI": "Santa Vitória", "NM_MESO": "Triângulo Mineiro e Alto Paranaíba", "NM_MICRO": "ITUIUTABA" }, "geometry": { "type": "MultiPolygon", "coordinates": [ [ [ [ 5386931.485459269955754, 7899682.56323216855526 ], [ 5386927.131551759317517, 7899473.40689214784652 ], [ 5386671.735099074430764, 7899478.725132171064615 ], [ 5386669.870245475322008, 7899389.086885941214859 ], [ 5386527.983981708995998, 7899392.040053499862552 ], [ 5386531.090885114856064, 7899541.436949495226145 ], [ 5386758.11072556860745, 7899536.711646778509021 ], [ 5386761.219244982115924, 7899686.108815617859364 ], [ 5386931.485459269955754, 7899682.56323216855526 ] ] ] ] } },
{ "type": "Feature", "properties": { "ID": 4, "Area_ha": 9054090.08, "x": 5385875.383, "y": 7899113.885, "CD_GEOCOD": "3159803", "NM_MUNICI": "Santa Vitória", "NM_MESO": "Triângulo Mineiro e Alto Paranaíba", "NM_MICRO": "ITUIUTABA" }, "geometry": { "type": "MultiPolygon", "coordinates": [ [ [ [ 5385959.19770947471261, 7899344.08340860158205 ], [ 5385957.956683719530702, 7899284.32492989115417 ], [ 5385986.333773373626173, 7899283.735221654176712 ], [ 5385983.851436772383749, 7899164.218229571357369 ], [ 5385955.474530062638223, 7899164.807966319844127 ], [ 5385950.509814159944654, 7898925.774014567025006 ], [ 5385751.874003401957452, 7898929.901356811635196 ], [ 5385756.215918339788914, 7899139.055717246606946 ], [ 5385841.346517471596599, 7899137.287266069091856 ], [ 5385845.688975973986089, 7899346.441750980913639 ], [ 5385959.19770947471261, 7899344.08340860158205 ] ] ] ] } },
{ "type": "Feature", "properties": { "ID": 4, "Area_ha": 9054090.08, "x": 5385693.88, "y": 7898871.322, "CD_GEOCOD": "3159803", "NM_MUNICI": "Santa Vitória", "NM_MESO": "Triângulo Mineiro e Alto Paranaíba", "NM_MICRO": "ITUIUTABA" }, "geometry": { "type": "MultiPolygon", "coordinates": [ [ [ [ 5385751.874003401957452, 7898929.901356811635196 ], [ 5385749.392721979878843, 7898810.384568126872182 ], [ 5385635.887256482616067, 7898812.742209395393729 ], [ 5385638.367806008085608, 7898932.258884122595191 ], [ 5385751.874003401957452, 7898929.901356811635196 ] ] ] ] } },
{ "type": "Feature", "properties": { "ID": 4, "Area_ha": 9054090.08, "x": 5387412.601, "y": 7898931.06, "CD_GEOCOD": "3159803", "NM_MUNICI": "Santa Vitória", "NM_MESO": "Triângulo Mineiro e Alto Paranaíba", "NM_MICRO": "ITUIUTABA" }, "geometry": { "type": "MultiPolygon", "coordinates": [ [ [ [ 5387634.69624029379338, 7899368.976602954789996 ], [ 5387632.826645038090646, 7899279.337622841820121 ], [ 5387803.089124163612723, 7899275.783418027684093 ], [ 5387799.348056263290346, 7899096.505186282098293 ], [ 5387714.217644052579999, 7899098.2826126832515 ], [ 5387705.4892094489187, 7898679.966968027874827 ], [ 5387733.865374009124935, 7898679.374435683712363 ], [ 5387730.747441014274955, 7898529.975931162014604 ], [ 5387702.371505203656852, 7898530.568499304354191 ], [ 5387700.500780045986176, 7898440.929411955177784 ], [ 5387558.621773689985275, 7898443.891709497198462 ], [ 5387557.998410303145647, 7898414.012048481032252 ], [ 5387444.495371935889125, 7898416.381134476512671 ], [ 5387445.118552308529615, 7898446.260766873136163 ], [ 5387388.36693618632853, 7898447.445035336539149 ], [ 5387388.990016508847475, 7898477.324652915820479 ], [ 5387332.238305261358619, 7898478.508733596652746 ], [ 5387332.861285535618663, 7898508.388336362317204 ], [ 5387304.485382802784443, 7898508.980304497294128 ], [ 5387306.354135114699602, 7898598.619088268838823 ], [ 5387221.226009731180966, 7898600.394668098539114 ], [ 5387221.848772835917771, 7898630.274240216240287 ], [ 5387193.472683484666049, 7898630.866006274707615 ], [ 5387194.095392299816012, 7898660.745570734143257 ], [ 5387165.71925629209727, 7898661.337286276742816 ], [ 5387166.341910820454359, 7898691.216843074187636 ], [ 5387137.965728162787855, 7898691.808508101850748 ], [ 5387138.588328404352069, 7898721.688057239167392 ], [ 5387110.212099093012512, 7898722.279671750962734 ], [ 5387110.834645048715174, 7898752.159213230013847 ], [ 5387082.458369088359177, 7898752.750777230598032 ], [ 5387083.080860760062933, 7898782.630311049520969 ], [ 5387026.328214634209871, 7898783.813294659368694 ], [ 5387037.529958201572299, 7899321.644558763131499 ], [ 5387434.809931710362434, 7899313.361832899972796 ], [ 5387436.055679717101157, 7899373.121052268892527 ], [ 5387634.69624029379338, 7899368.976602954789996 ] ] ] ] } },
{ "type": "Feature", "properties": { "ID": 4, "Area_ha": 9054090.08, "x": 5454163.558, "y": 7896819.031, "CD_GEOCOD": "3134202", "NM_MUNICI": "Ituiutaba", "NM_MESO": "Triângulo Mineiro e Alto Paranaíba", "NM_MICRO": "ITUIUTABA" }, "geometry": { "type": "MultiPolygon", "coordinates": [ [ [ [ 5454442.849835664965212, 7897136.539165275171399 ], [ 5454439.924964406527579, 7897016.947242783382535 ], [ 5454354.804090882651508, 7897019.030682827346027 ], [ 5454354.072985438629985, 7896989.132726435549557 ], [ 5454325.699404619634151, 7896989.827128105796874 ], [ 5454318.388257003389299, 7896690.847627364099026 ], [ 5454290.015133270062506, 7896691.542069550603628 ], [ 5454289.284009197726846, 7896661.644125796854496 ], [ 5454232.537850183434784, 7896663.032896828837693 ], [ 5454229.613620232790709, 7896543.441185131669044 ], [ 5454201.240722413174808, 7896544.135539134033024 ], [ 5454200.509685694240034, 7896514.237618654966354 ], [ 5454172.136832633987069, 7896514.931937672197819 ], [ 5454171.40583171416074, 7896485.034025201573968 ], [ 5454057.914592145010829, 7896487.810901064425707 ], [ 5454058.645409775897861, 7896517.708780000917614 ], [ 5453916.78110732883215, 7896521.178856998682022 ], [ 5453921.164428167976439, 7896700.565871253609657 ], [ 5453949.537565696053207, 7896699.871992885135114 ], [ 5453950.998684160411358, 7896759.667678046040237 ], [ 5453979.371912261471152, 7896758.973773069679737 ], [ 5453982.294212272390723, 7896878.565172391943634 ], [ 5454095.78784710727632, 7896875.789252916350961 ], [ 5454102.364085409790277, 7897144.870181134901941 ], [ 5454442.849835664965212, 7897136.539165275171399 ] ] ] ] } },
{ "type": "Feature", "properties": { "ID": 4, "Area_ha": 9054090.08, "x": 5387991.41, "y": 7897418.496, "CD_GEOCOD": "3159803", "NM_MUNICI": "Santa Vitória", "NM_MESO": "Triângulo Mineiro e Alto Paranaíba", "NM_MICRO": "ITUIUTABA" }, "geometry": { "type": "MultiPolygon", "coordinates": [ [ [ [ 5388049.407862885855138, 7897477.06883442401886 ], [ 5388046.909968198277056, 7897357.549606567248702 ], [ 5387933.413402175530791, 7897359.922818133607507 ], [ 5387935.91056446544826, 7897479.441931392066181 ], [ 5388049.407862885855138, 7897477.06883442401886 ] ] ] ] } },
{ "type": "Feature", "properties": { "ID": 4, "Area_ha": 9054090.08, "x": 5441626.838, "y": 7894554.69, "CD_GEOCOD": "3129103", "NM_MUNICI": "Gurinhatã", "NM_MESO": "Triângulo Mineiro e Alto Paranaíba", "NM_MICRO": "ITUIUTABA" }, "geometry": { "type": "MultiPolygon", "coordinates": [ [ [ [ 5441455.961199049837887, 7895415.920953815802932 ], [ 5441455.250220026820898, 7895386.026718098670244 ], [ 5441540.363580864854157, 7895384.000622109510005 ], [ 5441538.941318558529019, 7895324.212100580334663 ], [ 5441680.79644088819623, 7895320.834324430674314 ], [ 5441680.085065918043256, 7895290.940022302791476 ], [ 5441708.456041441299021, 7895290.26432872004807 ], [ 5441707.744610885158181, 7895260.370018036104739 ], [ 5441736.115539534017444, 7895259.694272896274924 ], [ 5441735.404053390957415, 7895229.79995365999639 ], [ 5441820.516695604659617, 7895227.772433374077082 ], [ 5441818.381766110658646, 7895138.089399856515229 ], [ 5441960.235461458563805, 7895134.709208994172513 ], [ 5441959.523569574579597, 7895104.814822904765606 ], [ 5442016.264948782511055, 7895103.462426418438554 ], [ 5442015.552955456078053, 7895073.568023610860109 ], [ 5442100.664878970943391, 7895071.539078874513507 ], [ 5442099.952738353051245, 7895041.644651185721159 ], [ 5442128.323331608437002, 7895040.968241302296519 ], [ 5442127.611135390587151, 7895011.073805052787066 ], [ 5442184.352227101102471, 7895009.720838753506541 ], [ 5442183.639929433353245, 7894979.82638578210026 ], [ 5442240.38092530798167, 7894978.47322953119874 ], [ 5442239.668526188470423, 7894948.578759836032987 ], [ 5442296.409426224417984, 7894947.225413639098406 ], [ 5442295.696925649419427, 7894917.330927210859954 ], [ 5442324.067328264936805, 7894916.654180837795138 ], [ 5442323.354772082529962, 7894886.759685847908258 ], [ 5442380.095482506789267, 7894885.406046552583575 ], [ 5442379.382824865169823, 7894855.511534832417965 ], [ 5442436.123439446091652, 7894854.157705577090383 ], [ 5442435.410680341534317, 7894824.263177122920752 ], [ 5442463.780940226279199, 7894823.586189216002822 ], [ 5442463.068125509656966, 7894793.691652194596827 ], [ 5442548.178761393763125, 7894791.660403524525464 ], [ 5442542.474791748449206, 7894552.503896908834577 ], [ 5442684.323996627703309, 7894549.117287522181869 ], [ 5442680.757551828399301, 7894399.644253632053733 ], [ 5442595.64871989749372, 7894401.676472031511366 ], [ 5442592.082718886435032, 7894252.203550623729825 ], [ 5442563.713335479609668, 7894252.880910756997764 ], [ 5442563.000151850283146, 7894222.986333439126611 ], [ 5442279.306719426997006, 7894229.757628394290805 ], [ 5442274.317371300421655, 7894020.496147381141782 ], [ 5442132.472221553325653, 7894023.880452222190797 ], [ 5442133.184785502031446, 7894053.774909916333854 ], [ 5442104.815706576220691, 7894054.451632458716631 ], [ 5442105.528214902617037, 7894084.346081593073905 ], [ 5441793.467773837968707, 7894091.787073940038681 ], [ 5441792.043756518512964, 7894031.998354678973556 ], [ 5441763.674711035564542, 7894032.674564296379685 ], [ 5441762.25074646808207, 7893972.885859725996852 ], [ 5441733.881791689433157, 7893973.562042225152254 ], [ 5441731.745909357443452, 7893883.879006795585155 ], [ 5441277.844693922437727, 7893894.692412126809359 ], [ 5441278.555930513888597, 7893924.586627328768373 ], [ 5440994.867077724076807, 7893931.339278901927173 ], [ 5440995.57784588355571, 7893961.233412297442555 ], [ 5440711.888431068509817, 7893967.981639984995127 ], [ 5440715.439832561649382, 7894117.451894156634808 ], [ 5440687.070656063035131, 7894118.126437425613403 ], [ 5440689.911418795585632, 7894237.702600931748748 ], [ 5440746.650137677788734, 7894236.353536021895707 ], [ 5440750.201330969110131, 7894385.823812602087855 ], [ 5440778.57091817073524, 7894385.149255687370896 ], [ 5440780.701655045151711, 7894474.831441169604659 ], [ 5440894.180543838068843, 7894472.132876953110099 ], [ 5440897.022123917005956, 7894591.709248749539256 ], [ 5440925.39202696364373, 7894591.034531701356173 ], [ 5440931.785425822250545, 7894860.081417773850262 ], [ 5440960.155740514397621, 7894859.406730551272631 ], [ 5440960.866115379147232, 7894889.300835115835071 ], [ 5441131.088256950490177, 7894885.251849016174674 ], [ 5441141.036334647797048, 7895303.769954157993197 ], [ 5441282.891300081275403, 7895300.395175345242023 ], [ 5441283.602033276110888, 7895330.289363397285342 ], [ 5441340.344103902578354, 7895328.939164353534579 ], [ 5441342.476520114578307, 7895418.621774947270751 ], [ 5441455.961199049837887, 7895415.920953815802932 ] ] ] ] } },
{ "type": "Feature", "properties": { "ID": 4, "Area_ha": 9054090.08, "x": 5442314.47, "y": 7893332.463, "CD_GEOCOD": "3129103", "NM_MUNICI": "Gurinhatã", "NM_MESO": "Triângulo Mineiro e Alto Paranaíba", "NM_MICRO": "ITUIUTABA" }, "geometry": { "type": "MultiPolygon", "coordinates": [ [ [ [ 5442437.400294978171587, 7893717.488051779568195 ], [ 5442436.687119113281369, 7893687.593499887734652 ], [ 5442635.266709534451365, 7893682.851196801289916 ], [ 5442634.553202776238322, 7893652.956587348133326 ], [ 5442776.395506861619651, 7893649.56788428965956 ], [ 5442775.681760954670608, 7893619.673233594745398 ], [ 5442804.050172781571746, 7893618.995354525744915 ], [ 5442799.767216940410435, 7893439.627392897382379 ], [ 5443140.184774593450129, 7893431.488868058659136 ], [ 5443137.327072974294424, 7893311.909826647490263 ], [ 5443108.95913241058588, 7893312.588308634236455 ], [ 5443104.672562016174197, 7893133.219783551990986 ], [ 5442906.098876188509166, 7893137.968284568749368 ], [ 5442906.813007815741003, 7893167.862982539460063 ], [ 5442850.077567886561155, 7893169.219289827160537 ], [ 5442854.36160184442997, 7893348.587371168658137 ], [ 5442627.417598132975399, 7893354.010470725595951 ], [ 5442625.276726326905191, 7893264.326627905480564 ], [ 5442398.333757409825921, 7893269.747143587097526 ], [ 5442395.480593306943774, 7893150.168942122720182 ], [ 5442367.11290106549859, 7893150.846343765966594 ], [ 5442366.399631528183818, 7893120.951800554990768 ], [ 5442309.664335710927844, 7893122.306489849463105 ], [ 5442308.951148189604282, 7893092.411962556652725 ], [ 5442280.583544611930847, 7893093.089250206016004 ], [ 5442279.87039322219789, 7893063.194730672985315 ], [ 5442251.502834496088326, 7893063.871983043849468 ], [ 5442250.789719237014651, 7893033.977471265941858 ], [ 5442222.42220536340028, 7893034.654688352718949 ], [ 5442221.709126237779856, 7893004.760184334591031 ], [ 5442193.341657216660678, 7893005.437366139143705 ], [ 5442192.628614225424826, 7892975.542869873344898 ], [ 5442079.158911330625415, 7892978.251195311546326 ], [ 5442079.871770760975778, 7893008.145658948458731 ], [ 5442051.504296555183828, 7893008.822623553685844 ], [ 5442052.217100343666971, 7893038.717078629881144 ], [ 5441967.114533838815987, 7893040.747687323018909 ], [ 5441967.827190209180117, 7893070.642117536626756 ], [ 5441882.724476710893214, 7893072.672310803085566 ], [ 5441883.436985667794943, 7893102.566716153174639 ], [ 5441457.9225900080055, 7893112.711695875041187 ], [ 5441458.634400909766555, 7893142.605978591367602 ], [ 5441401.899038777686656, 7893143.957887794822454 ], [ 5441404.74581791087985, 7893263.534949475899339 ], [ 5441518.217272198759019, 7893260.831087628379464 ], [ 5441518.929126173257828, 7893290.725384615361691 ], [ 5441689.136551852338016, 7893286.668337625451386 ], [ 5441689.848671386018395, 7893316.562683096155524 ], [ 5441774.952507896348834, 7893314.533597658388317 ], [ 5441775.664755334146321, 7893344.427967174910009 ], [ 5441804.032744648866355, 7893343.751526642590761 ], [ 5441804.74502822291106, 7893373.645903905853629 ], [ 5441974.953217654488981, 7893369.586397481150925 ], [ 5441975.665766772814095, 7893399.48082325886935 ], [ 5442060.769985146820545, 7893397.450508151203394 ], [ 5442063.62063467875123, 7893517.028305092826486 ], [ 5442091.988888919353485, 7893516.351479146629572 ], [ 5442092.701572800055146, 7893546.245935533195734 ], [ 5442149.438169929198921, 7893544.892169655300677 ], [ 5442150.150935813784599, 7893574.786641951650381 ], [ 5442320.360977594740689, 7893570.724350928328931 ], [ 5442323.926036995835602, 7893720.196951171383262 ], [ 5442437.400294978171587, 7893717.488051779568195 ] ] ] ] } },
{ "type": "Feature", "properties": { "ID": 25, "Area_ha": 3174630.2, "x": 5950443.238, "y": 7870858.846, "CD_GEOCOD": "3152006", "NM_MUNICI": "Pompéu", "NM_MESO": "Central Mineira", "NM_MICRO": "TRÊS MARIAS" }, "geometry": { "type": "MultiPolygon", "coordinates": [ [ [ [ 5950691.665622285567224, 7871401.223504110239446 ], [ 5950690.121742762625217, 7871371.098691618070006 ], [ 5950718.456036510877311, 7871369.641164378263056 ], [ 5950696.838858976960182, 7870947.893679698929191 ], [ 5950923.50789809320122, 7870936.229935844428837 ], [ 5950929.68615008238703, 7871056.729751954786479 ], [ 5951043.021363242529333, 7871050.897117644548416 ], [ 5951041.476645019836724, 7871020.772091595456004 ], [ 5951126.477891301736236, 7871016.397107128053904 ], [ 5951124.933011909946799, 7870986.272029802203178 ], [ 5951209.934097953140736, 7870981.896601753309369 ], [ 5951206.843995754607022, 7870921.646345829591155 ], [ 5951235.177593221887946, 7870920.187747872434556 ], [ 5951233.632463821209967, 7870890.06260432023555 ], [ 5951261.966012343764305, 7870888.603945390321314 ], [ 5951257.330357637256384, 7870798.228469926863909 ], [ 5951285.663763803429902, 7870796.76971497386694 ], [ 5951277.937017790973186, 7870646.143860766664147 ], [ 5951362.936522215604782, 7870641.76707230694592 ], [ 5951352.11721208691597, 7870430.890562696382403 ], [ 5951210.452995166182518, 7870438.185606261715293 ], [ 5951215.089268041774631, 7870528.560982596129179 ], [ 5950790.094179536215961, 7870550.438806656748056 ], [ 5950788.549477010965347, 7870520.313942721113563 ], [ 5950731.883520614355803, 7870523.230282253585756 ], [ 5950730.338890464045107, 7870493.105454637669027 ], [ 5950673.673018548637629, 7870496.021655380725861 ], [ 5950672.128460774198174, 7870465.896864082664251 ], [ 5950558.796876963227987, 7870471.728814171627164 ], [ 5950560.341247880831361, 7870501.853535413742065 ], [ 5950532.008299625478685, 7870503.311396789737046 ], [ 5950533.552602780982852, 7870533.436101811006665 ], [ 5950505.219605575315654, 7870534.893902219831944 ], [ 5950508.308055317029357, 7870595.143281113356352 ], [ 5950479.974962449632585, 7870596.601003043353558 ], [ 5950483.063234578818083, 7870656.850352077744901 ], [ 5950256.39766380097717, 7870668.51028308365494 ], [ 5950253.310139045119286, 7870608.261214190162718 ], [ 5950196.643910842016339, 7870611.175832444801927 ], [ 5950195.100210323929787, 7870581.05133493989706 ], [ 5949911.769402332603931, 7870595.621994072571397 ], [ 5949902.509560167789459, 7870414.876086253672838 ], [ 5949845.843932311050594, 7870417.789906629361212 ], [ 5949844.300645094364882, 7870387.665628161281347 ], [ 5949815.967874529771507, 7870389.122490661218762 ], [ 5949814.424612995237112, 7870358.998230979777873 ], [ 5949701.093695253133774, 7870364.825316391885281 ], [ 5949713.437703793868423, 7870605.818869978189468 ], [ 5949685.104595066048205, 7870607.27539271954447 ], [ 5949694.361437963321805, 7870788.020506958477199 ], [ 5949666.028046750463545, 7870789.476881273090839 ], [ 5949673.741270661354065, 7870940.097757689654827 ], [ 5949645.407643686980009, 7870941.55400107242167 ], [ 5949657.747334826737642, 7871182.547330224886537 ], [ 5949771.083323756232858, 7871176.722655938006938 ], [ 5949766.455536898225546, 7871086.349937884137034 ], [ 5949794.789388449862599, 7871084.893608206883073 ], [ 5949793.246704068034887, 7871054.769353926181793 ], [ 5950019.917062471620739, 7871043.117012452334166 ], [ 5950027.632142065092921, 7871193.738996780477464 ], [ 5950055.96616031602025, 7871192.282346108928323 ], [ 5950057.509159822948277, 7871222.406764342449605 ], [ 5950227.513502614572644, 7871213.666053056716919 ], [ 5950232.143215457908809, 7871304.03963059745729 ], [ 5950317.14577697776258, 7871299.668846060521901 ], [ 5950318.689112598076463, 7871329.79342701099813 ], [ 5950347.023341998457909, 7871328.33642945997417 ], [ 5950348.566703272052109, 7871358.46102921012789 ], [ 5950405.235248765908182, 7871355.546938808634877 ], [ 5950406.778682384639978, 7871385.671574868261814 ], [ 5950435.11299847625196, 7871384.214482020586729 ], [ 5950436.656457745470107, 7871414.339136881753802 ], [ 5950691.665622285567224, 7871401.223504110239446 ] ] ] ] } },
{ "type": "Feature", "properties": { "ID": 25, "Area_ha": 3174630.2, "x": 5950653.845, "y": 7869700.128, "CD_GEOCOD": "3152006", "NM_MUNICI": "Pompéu", "NM_MESO": "Central Mineira", "NM_MICRO": "TRÊS MARIAS" }, "geometry": { "type": "MultiPolygon", "coordinates": [ [ [ [ 5951029.639115907251835, 7870236.063127586618066 ], [ 5951028.093782367184758, 7870205.938118904829025 ], [ 5951169.756197693757713, 7870198.64367813616991 ], [ 5951165.119369897060096, 7870108.268397049047053 ], [ 5951193.45170608535409, 7870106.809325950220227 ], [ 5951184.177201461046934, 7869926.058693557977676 ], [ 5951212.509255061857402, 7869924.599473867565393 ], [ 5951197.049595041200519, 7869623.348348153755069 ], [ 5951168.718008737079799, 7869624.807743055745959 ], [ 5951162.53374189697206, 7869504.307399075478315 ], [ 5951134.202340287156403, 7869505.766820586286485 ], [ 5951128.017923397012055, 7869385.266567383892834 ], [ 5950986.361816494725645, 7869392.563373222015798 ], [ 5950967.809348410926759, 7869031.063788793049753 ], [ 5950797.825311594642699, 7869039.819782165810466 ], [ 5950802.462871507741511, 7869130.194345580413938 ], [ 5950660.808744755573571, 7869137.489548384211957 ], [ 5950663.899878672324121, 7869197.73908868432045 ], [ 5950578.907095302827656, 7869202.115583582781255 ], [ 5950580.452490461990237, 7869232.24030314385891 ], [ 5950523.790530206635594, 7869235.157714011147618 ], [ 5950525.335810836404562, 7869265.282399848103523 ], [ 5950497.004780610091984, 7869266.741022562608123 ], [ 5950498.549993452616036, 7869296.865692183375359 ], [ 5950413.556749130599201, 7869301.24124694429338 ], [ 5950415.101800709962845, 7869331.365865341387689 ], [ 5950386.770668053999543, 7869332.824279138818383 ], [ 5950388.315651847980917, 7869362.948881321586668 ], [ 5950359.984470217488706, 7869364.40723414067179 ], [ 5950361.529386231675744, 7869394.531820109114051 ], [ 5950304.866922779008746, 7869397.448360314592719 ], [ 5950306.411724276840687, 7869427.572912562638521 ], [ 5950249.749158401973546, 7869430.489243870601058 ], [ 5950251.293845383450389, 7869460.613762403838336 ], [ 5950222.962512355297804, 7869462.071845343336463 ], [ 5950224.507131560705602, 7869492.196347665973008 ], [ 5950167.844365321099758, 7869495.112348126247525 ], [ 5950169.388870015740395, 7869525.236816735006869 ], [ 5950141.057436806149781, 7869526.69473425578326 ], [ 5950142.60187372751534, 7869556.819186650216579 ], [ 5950085.938907128758729, 7869559.734856274910271 ], [ 5950087.483229544945061, 7869589.859274958260357 ], [ 5950030.8201605360955, 7869592.774735700339079 ], [ 5950032.364368449896574, 7869622.899120672605932 ], [ 5950004.032783857546747, 7869624.35676833987236 ], [ 5950005.576924002729356, 7869654.481137102469802 ], [ 5949948.913654646836221, 7869657.396267030388117 ], [ 5949950.457680294290185, 7869687.520602081902325 ], [ 5949893.79430853202939, 7869690.435523138381541 ], [ 5949896.882109802216291, 7869750.684127120301127 ], [ 5949840.218542178161442, 7869753.59880431368947 ], [ 5949846.393518491648138, 7869874.09588775690645 ], [ 5949931.389427305199206, 7869869.724016732536256 ], [ 5949932.933258978649974, 7869899.848343305289745 ], [ 5950017.929287848994136, 7869895.476133576594293 ], [ 5950019.473238665610552, 7869925.600513936951756 ], [ 5950047.805290542542934, 7869924.143041260540485 ], [ 5950049.349267046898603, 7869954.267440405674279 ], [ 5950134.345549438148737, 7869949.894814101979136 ], [ 5950135.889645079150796, 7869980.019267041236162 ], [ 5950192.553915608674288, 7869977.104000519961119 ], [ 5950194.098083658143878, 7870007.228489752858877 ], [ 5950279.094612852670252, 7870002.855316504836082 ], [ 5950280.638900032266974, 7870032.979859536513686 ], [ 5950308.971118682064116, 7870031.52206570096314 ], [ 5950310.515431541949511, 7870061.646627529524267 ], [ 5950423.844470667652786, 7870055.815087575465441 ], [ 5950425.3889493746683, 7870085.939720720052719 ], [ 5950510.385845404118299, 7870081.565661930479109 ], [ 5950511.930443231016397, 7870111.690348886884749 ], [ 5950738.589108002372086, 7870100.024419885128736 ], [ 5950743.223896504379809, 7870190.398908792063594 ], [ 5950799.88882065564394, 7870187.482097014784813 ], [ 5950801.433801490813494, 7870217.606964264065027 ], [ 5950886.431311099790037, 7870213.231473198160529 ], [ 5950887.976411039941013, 7870243.356394285336137 ], [ 5951029.639115907251835, 7870236.063127586618066 ] ] ] ] } },
{ "type": "Feature", "properties": { "ID": 4, "Area_ha": 9054090.08, "x": 5469738.119, "y": 7878952.229, "CD_GEOCOD": "3134202", "NM_MUNICI": "Ituiutaba", "NM_MESO": "Triângulo Mineiro e Alto Paranaíba", "NM_MICRO": "ITUIUTABA" }, "geometry": { "type": "MultiPolygon", "coordinates": [ [ [ [ 5469824.682123257778585, 7879009.863919017836452 ], [ 5469821.630386979319155, 7878890.252129707485437 ], [ 5469651.55595800280571, 7878894.594624780118465 ], [ 5469654.60658554919064, 7879014.206206645816565 ], [ 5469824.682123257778585, 7879009.863919017836452 ] ] ] ] } },
{ "type": "Feature", "properties": { "ID": 4, "Area_ha": 9054090.08, "x": 5468559.21, "y": 7878160.901, "CD_GEOCOD": "3134202", "NM_MUNICI": "Ituiutaba", "NM_MESO": "Triângulo Mineiro e Alto Paranaíba", "NM_MICRO": "ITUIUTABA" }, "geometry": { "type": "MultiPolygon", "coordinates": [ [ [ [ 5469166.630539525300264, 7878787.278822559863329 ], [ 5469162.058751285076141, 7878607.862312167882919 ], [ 5469303.785229567438364, 7878604.246956028044224 ], [ 5469301.498502622358501, 7878514.53856666572392 ], [ 5469443.224259966984391, 7878510.921989007852972 ], [ 5469442.461765909567475, 7878481.019148680381477 ], [ 5469470.806867826730013, 7878480.295693470165133 ], [ 5469466.231408715248108, 7878300.878592455759645 ], [ 5469437.886584049090743, 7878301.602099489420652 ], [ 5469437.124017488211393, 7878271.69925675354898 ], [ 5469295.400108492001891, 7878275.316179849207401 ], [ 5469293.113039840944111, 7878185.60777910426259 ], [ 5469236.423745712265372, 7878187.054294351488352 ], [ 5469235.661461212672293, 7878157.151510681025684 ], [ 5469122.283044432289898, 7878160.0440514665097 ], [ 5469121.520934434607625, 7878130.141301976516843 ], [ 5469008.142684677615762, 7878133.033178295008838 ], [ 5469008.90460982080549, 7878162.935893260873854 ], [ 5468952.215385830029845, 7878164.381552040576935 ], [ 5468955.262613219209015, 7878283.992339432239532 ], [ 5468700.159386495128274, 7878290.495330900885165 ], [ 5468687.214597793295979, 7877782.150765934959054 ], [ 5468828.934695418924093, 7877778.537696689367294 ], [ 5468828.172913081012666, 7877748.635028982535005 ], [ 5468913.204819623380899, 7877746.46663723513484 ], [ 5468910.157032146118581, 7877626.855859447270632 ], [ 5468796.781894100829959, 7877629.747099067084491 ], [ 5468796.020106265321374, 7877599.844438254833221 ], [ 5468625.957643120549619, 7877604.180038526654243 ], [ 5468625.196122294291854, 7877574.277429103851318 ], [ 5468483.477603502571583, 7877577.889270762912929 ], [ 5468482.716303463093936, 7877547.986704092472792 ], [ 5468454.372642590664327, 7877548.708949951454997 ], [ 5468453.611378442496061, 7877518.806391550228 ], [ 5468425.267762681469321, 7877519.528602326288819 ], [ 5468424.506534424610436, 7877489.62605219706893 ], [ 5468396.162963777780533, 7877490.348227893933654 ], [ 5468395.401771412231028, 7877460.445686034858227 ], [ 5468253.684132614172995, 7877464.0559521028772 ], [ 5468257.488835438154638, 7877613.568442547693849 ], [ 5468229.145073209889233, 7877614.290321594104171 ], [ 5468235.99247139878571, 7877883.412704981863499 ], [ 5467980.894817314110696, 7877889.906952504999936 ], [ 5467980.134452589787543, 7877860.004544359631836 ], [ 5467866.757873401045799, 7877862.889775028452277 ], [ 5467865.99768322892487, 7877832.987400969490409 ], [ 5467695.93305841088295, 7877837.313987825065851 ], [ 5467696.692971266806126, 7877867.216310253366828 ], [ 5467668.348817021586001, 7877867.937246529385448 ], [ 5467669.10867333970964, 7877897.839560004882514 ], [ 5467640.76447176374495, 7877898.560443988069892 ], [ 5467643.803608980029821, 7878018.169659981504083 ], [ 5467728.836764978244901, 7878016.006980206817389 ], [ 5467729.596662133932114, 7878045.909309145994484 ], [ 5467757.94109145924449, 7878045.188337111845613 ], [ 5467761.74065350368619, 7878194.700019611045718 ], [ 5467790.085312786512077, 7878193.979046918451786 ], [ 5467790.845240445807576, 7878223.881390980444849 ], [ 5467847.534648101776838, 7878222.439331747591496 ], [ 5467848.29465786088258, 7878252.341692674905062 ], [ 5467876.639406233094633, 7878251.620606135576963 ], [ 5467877.399451880715787, 7878281.522975321859121 ], [ 5467962.433828961104155, 7878279.359479422681034 ], [ 5467963.194002916105092, 7878309.26187408529222 ], [ 5468104.918173534795642, 7878305.655216930434108 ], [ 5468107.199326582252979, 7878395.362528007477522 ], [ 5468192.234231494367123, 7878393.198087014257908 ], [ 5468192.994733809493482, 7878423.100549182854593 ], [ 5468278.029767336323857, 7878420.935740889981389 ], [ 5468278.790397942997515, 7878450.83822855912149 ], [ 5468392.170611904934049, 7878447.951240403577685 ], [ 5468392.931417006999254, 7878477.853762194514275 ], [ 5468449.621609726920724, 7878476.410023260861635 ], [ 5468450.38249690644443, 7878506.312561940401793 ], [ 5468478.727637804113328, 7878505.590635571628809 ], [ 5468480.249473566189408, 7878565.395729130133986 ], [ 5468565.285166815854609, 7878563.229739654809237 ], [ 5468566.807238455861807, 7878623.034883548505604 ], [ 5468850.260401036590338, 7878615.812251908704638 ], [ 5468851.021883382461965, 7878645.714909579604864 ], [ 5468879.367239722982049, 7878644.992414806038141 ], [ 5468880.890265785157681, 7878704.797746362164617 ], [ 5468909.235713415779173, 7878704.075225166976452 ], [ 5468909.997257130220532, 7878733.977899051271379 ], [ 5468938.342749850824475, 7878733.255342807620764 ], [ 5468939.104329420253634, 7878763.158024977892637 ], [ 5468995.795403921045363, 7878761.712798713706434 ], [ 5468996.557065544649959, 7878791.615497796796262 ], [ 5469166.630539525300264, 7878787.278822559863329 ] ] ] ] } },
{ "type": "Feature", "properties": { "ID": 4, "Area_ha": 9054090.08, "x": 5449529.479, "y": 7876800.332, "CD_GEOCOD": "3129103", "NM_MUNICI": "Gurinhatã", "NM_MESO": "Triângulo Mineiro e Alto Paranaíba", "NM_MICRO": "ITUIUTABA" }, "geometry": { "type": "MultiPolygon", "coordinates": [ [ [ [ 5449526.988679533824325, 7877123.803962242789567 ], [ 5449521.142522190697491, 7876884.628447208553553 ], [ 5449577.8277856297791, 7876883.241577070206404 ], [ 5449577.096878869459033, 7876853.344619408249855 ], [ 5449605.439462753012776, 7876852.651110490784049 ], [ 5449601.784549007192254, 7876703.16627498716116 ], [ 5449630.126900652423501, 7876702.472681008279324 ], [ 5449629.395841910503805, 7876672.575704471208155 ], [ 5449657.738146251067519, 7876671.882058500312269 ], [ 5449653.351308053359389, 7876492.500141510739923 ], [ 5449539.983193974941969, 7876495.274661521427333 ], [ 5449540.714173519052565, 7876525.171615581959486 ], [ 5449512.372096084989607, 7876525.865128001198173 ], [ 5449517.488351534120739, 7876735.143737677484751 ], [ 5449460.803546144627035, 7876736.530515609309077 ], [ 5449466.649360476061702, 7876975.705913923680782 ], [ 5449381.621034806594253, 7876977.785554531961679 ], [ 5449384.543149246834219, 7877097.373145157471299 ], [ 5449412.886110452003777, 7877096.680008399300277 ], [ 5449413.616660501807928, 7877126.57691335119307 ], [ 5449526.988679533824325, 7877123.803962242789567 ] ] ] ] } },
{ "type": "Feature", "properties": { "ID": 4, "Area_ha": 9054090.08, "x": 5449532.955, "y": 7876101.12, "CD_GEOCOD": "3129103", "NM_MUNICI": "Gurinhatã", "NM_MESO": "Triângulo Mineiro e Alto Paranaíba", "NM_MICRO": "ITUIUTABA" }, "geometry": { "type": "MultiPolygon", "coordinates": [ [ [ [ 5449761.599680965766311, 7876280.445769489742815 ], [ 5449755.747972407378256, 7876041.269572021439672 ], [ 5449784.08930030465126, 7876040.575533730909228 ], [ 5449783.357745832763612, 7876010.678499029949307 ], [ 5449811.6990264095366, 7876009.984408732503653 ], [ 5449807.309213684871793, 7875830.602142736315727 ], [ 5449608.922169723547995, 7875835.460203718394041 ], [ 5449613.310039884410799, 7876014.842122385278344 ], [ 5449358.238408698700368, 7876021.084605380892754 ], [ 5449359.700120251625776, 7876080.878426377661526 ], [ 5449161.310366370715201, 7876085.731126165948808 ], [ 5449165.693320760503411, 7876265.112232819199562 ], [ 5449647.501634918153286, 7876253.324230436235666 ], [ 5449648.232878780923784, 7876283.221220683306456 ], [ 5449761.599680965766311, 7876280.445769489742815 ] ] ] ] } },
{ "type": "Feature", "properties": { "ID": 25, "Area_ha": 3174630.2, "x": 5953574.088, "y": 7856073.831, "CD_GEOCOD": "3152006", "NM_MUNICI": "Pompéu", "NM_MESO": "Central Mineira", "NM_MICRO": "TRÊS MARIAS" }, "geometry": { "type": "MultiPolygon", "coordinates": [ [ [ [ 5953834.910693960264325, 7856347.108716608025134 ], [ 5953828.667601685039699, 7856226.60237227845937 ], [ 5953800.356857480481267, 7856228.074558707885444 ], [ 5953789.430961948819458, 7856017.188629455864429 ], [ 5953761.120544608682394, 7856018.660894855856895 ], [ 5953750.193943316116929, 7855807.775152735412121 ], [ 5953721.883852871134877, 7855809.247497085481882 ], [ 5953720.322872375138104, 7855779.12098528444767 ], [ 5953607.082675972953439, 7855785.00999572686851 ], [ 5953608.643468363210559, 7855815.136437453329563 ], [ 5953580.333366554230452, 7855816.608563283458352 ], [ 5953585.015475949272513, 7855906.987843791022897 ], [ 5953386.843712141737342, 7855917.291133035905659 ], [ 5953389.964354498311877, 7855977.543748039752245 ], [ 5953220.102189781144261, 7855986.373224252834916 ], [ 5953226.342092650011182, 7856106.878049693070352 ], [ 5953311.273749478161335, 7856102.46371840313077 ], [ 5953317.513878830708563, 7856222.968775017186999 ], [ 5953600.621134691871703, 7856208.252197617664933 ], [ 5953603.74201303999871, 7856268.505084157921374 ], [ 5953632.052820166572928, 7856267.033221125602722 ], [ 5953633.613274682313204, 7856297.159683889709413 ], [ 5953661.924126552417874, 7856295.687794679775834 ], [ 5953663.484606965444982, 7856325.814276281744242 ], [ 5953691.795503580011427, 7856324.342360899783671 ], [ 5953693.356009890325367, 7856354.468861335888505 ], [ 5953834.910693960264325, 7856347.108716608025134 ] ] ] ] } },
{ "type": "Feature", "properties": { "ID": 4, "Area_ha": 9054090.08, "x": 5358192.334, "y": 7873655.014, "CD_GEOCOD": "3159803", "NM_MUNICI": "Santa Vitória", "NM_MESO": "Triângulo Mineiro e Alto Paranaíba", "NM_MICRO": "ITUIUTABA" }, "geometry": { "type": "MultiPolygon", "coordinates": [ [ [ [ 5358265.812485724687576, 7873750.309544455260038 ], [ 5358264.64522965438664, 7873690.563255032524467 ], [ 5358292.982912967912853, 7873690.009303251281381 ], [ 5358290.648120963014662, 7873570.516691264696419 ], [ 5358092.285615150816739, 7873574.393617921508849 ], [ 5358095.202466221526265, 7873723.759151122532785 ], [ 5358151.877934786491096, 7873722.651742679998279 ], [ 5358152.46137382928282, 7873752.52486078068614 ], [ 5358265.812485724687576, 7873750.309544455260038 ] ] ] ] } },
{ "type": "Feature", "properties": { "ID": 4, "Area_ha": 9054090.08, "x": 5357907.354, "y": 7873399.664, "CD_GEOCOD": "3159803", "NM_MUNICI": "Santa Vitória", "NM_MESO": "Triângulo Mineiro e Alto Paranaíba", "NM_MICRO": "ITUIUTABA" }, "geometry": { "type": "MultiPolygon", "coordinates": [ [ [ [ 5357865.585557141341269, 7873578.821762267500162 ], [ 5357865.002533347345889, 7873548.948706549592316 ], [ 5358091.702221244573593, 7873544.520509583875537 ], [ 5358087.034785692580044, 7873305.535622442141175 ], [ 5358030.360609124414623, 7873306.643039853312075 ], [ 5358029.777236681431532, 7873276.769939566031098 ], [ 5357973.103149227797985, 7873277.877194844186306 ], [ 5357972.519861430861056, 7873248.00410714559257 ], [ 5357915.845863093622029, 7873249.111200293526053 ], [ 5357915.262659942731261, 7873219.238125183619559 ], [ 5357886.925705759786069, 7873219.791612598113716 ], [ 5357886.342540987767279, 7873189.918543494306505 ], [ 5357772.99490078818053, 7873192.132081237621605 ], [ 5357775.909720318391919, 7873341.497289584949613 ], [ 5357747.572576778940856, 7873342.050531595945358 ], [ 5357752.235507600009441, 7873581.034782845526934 ], [ 5357865.585557141341269, 7873578.821762267500162 ] ] ] ] } },
{ "type": "Feature", "properties": { "ID": 4, "Area_ha": 9054090.08, "x": 5616552.215, "y": 7865652.225, "CD_GEOCOD": "3170107", "NM_MUNICI": "Uberaba", "NM_MESO": "Triângulo Mineiro e Alto Paranaíba", "NM_MICRO": "UBERABA" }, "geometry": { "type": "MultiPolygon", "coordinates": [ [ [ [ 5616455.952258063480258, 7865804.067429574206471 ], [ 5616450.917857988737524, 7865654.293649378232658 ], [ 5616705.845044247806072, 7865645.709239265881479 ], [ 5616710.881539261899889, 7865795.483529053628445 ], [ 5616824.183403653092682, 7865791.667322957888246 ], [ 5616819.145977550186217, 7865641.892806615680456 ], [ 5616847.471207184717059, 7865640.938588907942176 ], [ 5616846.463634543120861, 7865610.98367443215102 ], [ 5616874.788816147483885, 7865610.029401579871774 ], [ 5616870.758203132078052, 7865490.209698766469955 ], [ 5616757.45821279194206, 7865494.026708528399467 ], [ 5616758.465700243599713, 7865523.981588859111071 ], [ 5616616.840446311980486, 7865528.75180846452713 ], [ 5616617.847687354311347, 7865558.706632204353809 ], [ 5616334.596603233367205, 7865568.243671691045165 ], [ 5616335.603365086950362, 7865598.198382249101996 ], [ 5616278.95303744636476, 7865600.105241676792502 ], [ 5616279.959692575037479, 7865630.059929636307061 ], [ 5616223.30926592182368, 7865631.966591144911945 ], [ 5616228.341871881857514, 7865781.739918354898691 ], [ 5616256.667318716645241, 7865780.786666098982096 ], [ 5616257.673845637589693, 7865810.741342976689339 ], [ 5616455.952258063480258, 7865804.067429574206471 ] ] ] ] } },
{ "type": "Feature", "properties": { "ID": 4, "Area_ha": 9054090.08, "x": 5617149.975, "y": 7865360.844, "CD_GEOCOD": "3170107", "NM_MUNICI": "Uberaba", "NM_MESO": "Triângulo Mineiro e Alto Paranaíba", "NM_MICRO": "UBERABA" }, "geometry": { "type": "MultiPolygon", "coordinates": [ [ [ [ 5617208.641526713036001, 7865418.844339571893215 ], [ 5617204.608351781032979, 7865299.024093810468912 ], [ 5617091.309549800120294, 7865302.843478979542851 ], [ 5617095.341979736462235, 7865422.663543397560716 ], [ 5617208.641526713036001, 7865418.844339571893215 ] ] ] ] } },
{ "type": "Feature", "properties": { "ID": 4, "Area_ha": 9054090.08, "x": 5354208.358, "y": 7872095.935, "CD_GEOCOD": "3159803", "NM_MUNICI": "Santa Vitória", "NM_MESO": "Triângulo Mineiro e Alto Paranaíba", "NM_MICRO": "ITUIUTABA" }, "geometry": { "type": "MultiPolygon", "coordinates": [ [ [ [ 5354266.183136349543929, 7872154.582869535312057 ], [ 5354263.872748002409935, 7872035.093826105818152 ], [ 5354150.532265457324684, 7872037.286168897524476 ], [ 5354152.841913109645247, 7872156.775108225643635 ], [ 5354266.183136349543929, 7872154.582869535312057 ] ] ] ] } },
{ "type": "Feature", "properties": { "ID": 4, "Area_ha": 9054090.08, "x": 5644962.853, "y": 7862751.928, "CD_GEOCOD": "3170107", "NM_MUNICI": "Uberaba", "NM_MESO": "Triângulo Mineiro e Alto Paranaíba", "NM_MICRO": "UBERABA" }, "geometry": { "type": "MultiPolygon", "coordinates": [ [ [ [ 5645022.658976301550865, 7862839.830001760274172 ], [ 5645016.329498059116304, 7862660.031243557110429 ], [ 5644903.047084756195545, 7862664.025767255574465 ], [ 5644909.375443769618869, 7862843.824241286143661 ], [ 5645022.658976301550865, 7862839.830001760274172 ] ] ] ] } },
{ "type": "Feature", "properties": { "ID": 4, "Area_ha": 9054090.08, "x": 5479607.338, "y": 7867577.414, "CD_GEOCOD": "3134202", "NM_MUNICI": "Ituiutaba", "NM_MESO": "Triângulo Mineiro e Alto Paranaíba", "NM_MICRO": "ITUIUTABA" }, "geometry": { "type": "MultiPolygon", "coordinates": [ [ [ [ 5479654.215121248736978, 7867653.495399894192815 ], [ 5479653.431781019084156, 7867623.589214231818914 ], [ 5479681.760065531358123, 7867622.846475183963776 ], [ 5479678.626413013786077, 7867503.221694085747004 ], [ 5479536.985907766968012, 7867506.9351268094033 ], [ 5479540.901785945519805, 7867656.465882220305502 ], [ 5479654.215121248736978, 7867653.495399894192815 ] ] ] ] } },
{ "type": "Feature", "properties": { "ID": 4, "Area_ha": 9054090.08, "x": 5622249.039, "y": 7856141.952, "CD_GEOCOD": "3170107", "NM_MUNICI": "Uberaba", "NM_MESO": "Triângulo Mineiro e Alto Paranaíba", "NM_MICRO": "UBERABA" }, "geometry": { "type": "MultiPolygon", "coordinates": [ [ [ [ 5622312.900564629584551, 7856248.493096121586859 ], [ 5622310.857968562282622, 7856188.578659032471478 ], [ 5622339.168475961312652, 7856187.611929235979915 ], [ 5622334.061511488631368, 7856037.825780494138598 ], [ 5622164.19984735082835, 7856043.625841815024614 ], [ 5622171.347537540830672, 7856253.325971350073814 ], [ 5622312.900564629584551, 7856248.493096121586859 ] ] ] ] } },
{ "type": "Feature", "properties": { "ID": 4, "Area_ha": 9054090.08, "x": 5344575.162, "y": 7862553.528, "CD_GEOCOD": "3138625", "NM_MUNICI": "Limeira do Oeste", "NM_MESO": "Triângulo Mineiro e Alto Paranaíba", "NM_MICRO": "FRUTAL" }, "geometry": { "type": "MultiPolygon", "coordinates": [ [ [ [ 5344647.374327506870031, 7862626.864433748647571 ], [ 5344644.55104158166796, 7862477.512858649715781 ], [ 5344502.949658033438027, 7862480.190486125648022 ], [ 5344505.771781709976494, 7862629.541903281584382 ], [ 5344647.374327506870031, 7862626.864433748647571 ] ] ] ] } },
{ "type": "Feature", "properties": { "ID": 4, "Area_ha": 9054090.08, "x": 5622359.008, "y": 7855107.217, "CD_GEOCOD": "3170107", "NM_MUNICI": "Uberaba", "NM_MESO": "Triângulo Mineiro e Alto Paranaíba", "NM_MICRO": "UBERABA" }, "geometry": { "type": "MultiPolygon", "coordinates": [ [ [ [ 5622417.669996004551649, 7855165.197235934436321 ], [ 5622413.58183431532234, 7855045.368142226710916 ], [ 5622300.346928760409355, 7855049.237235295586288 ], [ 5622304.434341959655285, 7855169.066146487370133 ], [ 5622417.669996004551649, 7855165.197235934436321 ] ] ] ] } },
{ "type": "Feature", "properties": { "ID": 4, "Area_ha": 9054090.08, "x": 5344034.813, "y": 7862256.214, "CD_GEOCOD": "3138625", "NM_MUNICI": "Limeira do Oeste", "NM_MESO": "Triângulo Mineiro e Alto Paranaíba", "NM_MICRO": "FRUTAL" }, "geometry": { "type": "MultiPolygon", "coordinates": [ [ [ [ 5344132.530545386485755, 7862367.666351751424372 ], [ 5344129.147190584801137, 7862188.445109783671796 ], [ 5344100.827365509234369, 7862188.979994139634073 ], [ 5344100.263492977246642, 7862159.109791375696659 ], [ 5344071.94371356908232, 7862159.644638018682599 ], [ 5344071.379879946820438, 7862129.774440972134471 ], [ 5343958.100939992815256, 7862131.913412567228079 ], [ 5343959.791860122233629, 7862221.523926245048642 ], [ 5343931.471983563154936, 7862222.05854017753154 ], [ 5343933.726251558400691, 7862341.539191545918584 ], [ 5343990.366375809535384, 7862340.469970116391778 ], [ 5343990.930016833357513, 7862370.340144088491797 ], [ 5344132.530545386485755, 7862367.666351751424372 ] ] ] ] } },
{ "type": "Feature", "properties": { "ID": 4, "Area_ha": 9054090.08, "x": 5622907.373, "y": 7854994.481, "CD_GEOCOD": "3170107", "NM_MUNICI": "Uberaba", "NM_MESO": "Triângulo Mineiro e Alto Paranaíba", "NM_MICRO": "UBERABA" }, "geometry": { "type": "MultiPolygon", "coordinates": [ [ [ [ 5622913.239223768934608, 7855568.151064591482282 ], [ 5622910.171315078623593, 7855478.278659660369158 ], [ 5622938.480713807977736, 7855477.310699704103172 ], [ 5622930.298644474707544, 7855237.650864511728287 ], [ 5622958.607667492702603, 7855236.68276921659708 ], [ 5622956.561919031664729, 7855176.76778818666935 ], [ 5623069.797621829435229, 7855172.894875712692738 ], [ 5623067.751444096677005, 7855112.979803567752242 ], [ 5623096.060272473841906, 7855112.011442620307207 ], [ 5623094.013946137391031, 7855052.096347877755761 ], [ 5623207.248870342038572, 7855048.222372751682997 ], [ 5623203.155304006300867, 7854928.392001249827445 ], [ 5623174.84676234703511, 7854929.360606715083122 ], [ 5623170.753162947483361, 7854809.530281875282526 ], [ 5623142.444806926883757, 7854810.498889025300741 ], [ 5623140.398018227890134, 7854750.583749811165035 ], [ 5623112.089754277840257, 7854751.552335804328322 ], [ 5623110.043004111386836, 7854691.637219677679241 ], [ 5623053.426658851094544, 7854693.574305327609181 ], [ 5623049.333367712795734, 7854573.744165157899261 ], [ 5623021.025379988364875, 7854574.712687654420733 ], [ 5623020.002069597132504, 7854544.755164179950953 ], [ 5622878.462342351675034, 7854549.597173660993576 ], [ 5622879.485418781638145, 7854579.554640049114823 ], [ 5622737.945419944822788, 7854584.395492311567068 ], [ 5622745.104932147078216, 7854794.097359212115407 ], [ 5622688.488267024047673, 7854796.033232300542295 ], [ 5622690.533531016670167, 7854855.948006295599043 ], [ 5622662.225102624855936, 7854856.915854012593627 ], [ 5622666.315278450027108, 7854976.745357071980834 ], [ 5622751.241120528429747, 7854973.841818876564503 ], [ 5622764.53449685126543, 7855363.28815552033484 ], [ 5622707.916054036468267, 7855365.223594883456826 ], [ 5622714.050113274715841, 7855544.967924363911152 ], [ 5622798.97861716337502, 7855542.064904808998108 ], [ 5622800.001052550971508, 7855572.02232751250267 ], [ 5622913.239223768934608, 7855568.151064591482282 ] ] ] ] } },
{ "type": "Feature", "properties": { "ID": 4, "Area_ha": 9054090.08, "x": 5345691.396, "y": 7861879.843, "CD_GEOCOD": "3138625", "NM_MUNICI": "Limeira do Oeste", "NM_MESO": "Triângulo Mineiro e Alto Paranaíba", "NM_MICRO": "FRUTAL" }, "geometry": { "type": "MultiPolygon", "coordinates": [ [ [ [ 5345711.65681382548064, 7861979.19794257171452 ], [ 5345711.090245145373046, 7861949.327375837601721 ], [ 5345881.006945018656552, 7861946.102088440209627 ], [ 5345878.172592118382454, 7861796.749055735766888 ], [ 5345736.576506927609444, 7861799.437063779681921 ], [ 5345736.009845996275544, 7861769.566487164236605 ], [ 5345622.733148828148842, 7861771.716126485727727 ], [ 5345623.29962373431772, 7861801.586677750572562 ], [ 5345538.341952566988766, 7861803.198425958864391 ], [ 5345539.47460047993809, 7861862.939488706178963 ], [ 5345511.155282077379525, 7861863.476637387648225 ], [ 5345513.420300443656743, 7861982.958730459213257 ], [ 5345711.65681382548064, 7861979.19794257171452 ] ] ] ] } },
{ "type": "Feature", "properties": { "ID": 4, "Area_ha": 9054090.08, "x": 5344910.09, "y": 7861991.108, "CD_GEOCOD": "3138625", "NM_MUNICI": "Limeira do Oeste", "NM_MESO": "Triângulo Mineiro e Alto Paranaíba", "NM_MICRO": "FRUTAL" }, "geometry": { "type": "MultiPolygon", "coordinates": [ [ [ [ 5345035.946552966721356, 7862201.175978699699044 ], [ 5345035.381153608672321, 7862171.305568066425622 ], [ 5345092.020747977308929, 7862170.232850039377809 ], [ 5345090.889740439131856, 7862110.492001689970493 ], [ 5345119.209443376399577, 7862109.955563996918499 ], [ 5345114.119114215485752, 7861841.121660212054849 ], [ 5344944.203395208343863, 7861844.339967647567391 ], [ 5344942.507318929769099, 7861754.728769591078162 ], [ 5344885.869018292054534, 7861755.801224472932518 ], [ 5344885.30373733304441, 7861725.930836582556367 ], [ 5344772.027312083169818, 7861728.075243309140205 ], [ 5344772.592407015152276, 7861757.94560591224581 ], [ 5344744.273252112790942, 7861758.481591206975281 ], [ 5344749.358345806598663, 7862027.314771115779877 ], [ 5344721.038771537132561, 7862027.850655506365001 ], [ 5344724.428212875500321, 7862207.072710882872343 ], [ 5345035.946552966721356, 7862201.175978699699044 ] ] ] ] } },
{ "type": "Feature", "properties": { "ID": 4, "Area_ha": 9054090.08, "x": 5344374.909, "y": 7861584.523, "CD_GEOCOD": "3138625", "NM_MUNICI": "Limeira do Oeste", "NM_MESO": "Triângulo Mineiro e Alto Paranaíba", "NM_MICRO": "FRUTAL" }, "geometry": { "type": "MultiPolygon", "coordinates": [ [ [ [ 5344459.38788440823555, 7861674.228141536936164 ], [ 5344458.823278262279928, 7861644.357846646569669 ], [ 5344487.142255463637412, 7861643.822276363149285 ], [ 5344484.318878234364092, 7861494.470761455595493 ], [ 5344286.08764820639044, 7861498.219049779698253 ], [ 5344286.652013264596462, 7861528.089309755712748 ], [ 5344258.333216276019812, 7861528.624597078189254 ], [ 5344260.590414541773498, 7861648.105605810880661 ], [ 5344288.909397571347654, 7861647.570343732833862 ], [ 5344289.473724666051567, 7861677.440600745379925 ], [ 5344459.38788440823555, 7861674.228141536936164 ] ] ] ] } },
{ "type": "Feature", "properties": { "ID": 4, "Area_ha": 9054090.08, "x": 5622249.528, "y": 7854332.993, "CD_GEOCOD": "3170107", "NM_MUNICI": "Uberaba", "NM_MESO": "Triângulo Mineiro e Alto Paranaíba", "NM_MICRO": "UBERABA" }, "geometry": { "type": "MultiPolygon", "coordinates": [ [ [ [ 5622289.105408664792776, 7854719.707734329625964 ], [ 5622286.039250947535038, 7854629.836053472943604 ], [ 5622314.347324585542083, 7854628.868686525151134 ], [ 5622306.169924984686077, 7854389.210782231763005 ], [ 5622334.477622774429619, 7854388.243280035443604 ], [ 5622330.388405949808657, 7854268.414283671416342 ], [ 5622358.695915047079325, 7854267.446691842749715 ], [ 5622351.538928870111704, 7854057.745870625600219 ], [ 5622323.23174737393856, 7854058.713542283512652 ], [ 5622322.209312603808939, 7854028.756293745711446 ], [ 5622124.059327629394829, 7854035.528842758387327 ], [ 5622128.147673802450299, 7854155.357517985627055 ], [ 5622156.455006232485175, 7854154.390188630670309 ], [ 5622157.477105228230357, 7854184.34736898727715 ], [ 5622185.784482954069972, 7854183.380007021129131 ], [ 5622198.049160731956363, 7854542.86631259508431 ], [ 5622169.741221453994513, 7854543.833537733182311 ], [ 5622175.872537601739168, 7854723.576625233516097 ], [ 5622289.105408664792776, 7854719.707734329625964 ] ] ] ] } },
{ "type": "Feature", "properties": { "ID": 25, "Area_ha": 3174630.2, "x": 5946225.784, "y": 7840052.627, "CD_GEOCOD": "3152006", "NM_MUNICI": "Pompéu", "NM_MESO": "Central Mineira", "NM_MICRO": "TRÊS MARIAS" }, "geometry": { "type": "MultiPolygon", "coordinates": [ [ [ [ 5946326.281893851235509, 7840124.682904325425625 ], [ 5946318.475562182255089, 7839974.074043042957783 ], [ 5946120.478546131402254, 7839984.373524989932775 ], [ 5946126.722327549010515, 7840104.860126205720007 ], [ 5946155.007811821997166, 7840103.388972902670503 ], [ 5946156.568752151913941, 7840133.510643765330315 ], [ 5946326.281893851235509, 7840124.682904325425625 ] ] ] ] } },
{ "type": "Feature", "properties": { "ID": 4, "Area_ha": 9054090.08, "x": 5346561.389, "y": 7861297.766, "CD_GEOCOD": "3138625", "NM_MUNICI": "Limeira do Oeste", "NM_MESO": "Triângulo Mineiro e Alto Paranaíba", "NM_MICRO": "FRUTAL" }, "geometry": { "type": "MultiPolygon", "coordinates": [ [ [ [ 5346670.542087083682418, 7861751.805084707215428 ], [ 5346669.973883783444762, 7861721.934298066422343 ], [ 5346811.569365810602903, 7861719.238962197676301 ], [ 5346811.000922323204577, 7861689.368143184110522 ], [ 5346839.319969705305994, 7861688.828937571495771 ], [ 5346833.634649046696723, 7861390.120651483535767 ], [ 5346861.953230471350253, 7861389.581338262185454 ], [ 5346858.541391824372113, 7861210.356300204060972 ], [ 5346801.904786339960992, 7861211.434958906844258 ], [ 5346801.336212829686701, 7861181.564129885286093 ], [ 5346688.063177874311805, 7861183.720944283530116 ], [ 5346687.494782795198262, 7861153.850140095688403 ], [ 5346659.176568480208516, 7861154.389239961281419 ], [ 5346658.039848426356912, 7861094.647642528638244 ], [ 5346629.721726314164698, 7861095.186711061745882 ], [ 5346629.153401340357959, 7861065.315917820669711 ], [ 5346600.835324911400676, 7861065.854948669672012 ], [ 5346600.267038815654814, 7861035.98416118696332 ], [ 5346571.949008069932461, 7861036.523154350928962 ], [ 5346569.675973345525563, 7860917.040023947134614 ], [ 5346456.404586360789835, 7860919.195657839998603 ], [ 5346456.972670408897102, 7860949.066415920853615 ], [ 5346088.839965314604342, 7860956.067277051508427 ], [ 5346091.109805914573371, 7861075.549973436631262 ], [ 5346147.74598809145391, 7861074.473453075625002 ], [ 5346148.313522201962769, 7861104.344138380140066 ], [ 5346204.949794071726501, 7861103.267454555258155 ], [ 5346205.517413590103388, 7861133.138151967898011 ], [ 5346233.83559479098767, 7861132.599750345572829 ], [ 5346234.403253193944693, 7861162.470453510992229 ], [ 5346291.039706122130156, 7861161.39353085309267 ], [ 5346291.60744992736727, 7861191.264246121048927 ], [ 5346348.243992544710636, 7861190.187160004861653 ], [ 5346348.81182175129652, 7861220.057887381874025 ], [ 5346433.766768950968981, 7861218.441946990787983 ], [ 5346434.334730073809624, 7861248.312692828476429 ], [ 5346490.971450388431549, 7861247.235191754996777 ], [ 5346491.539496906101704, 7861277.105949700810015 ], [ 5346519.85790232475847, 7861276.567139466293156 ], [ 5346528.94635157007724, 7861754.499288138002157 ], [ 5346670.542087083682418, 7861751.805084707215428 ] ] ] ] } },
{ "type": "Feature", "properties": { "ID": 4, "Area_ha": 9054090.08, "x": 5344898.017, "y": 7860966.836, "CD_GEOCOD": "3138625", "NM_MUNICI": "Limeira do Oeste", "NM_MESO": "Triângulo Mineiro e Alto Paranaíba", "NM_MICRO": "FRUTAL" }, "geometry": { "type": "MultiPolygon", "coordinates": [ [ [ [ 5345080.143650547601283, 7861542.953824380412698 ], [ 5345077.880965760909021, 7861423.472075631842017 ], [ 5345134.518231496214867, 7861422.398865194991231 ], [ 5345128.294197116978467, 7861093.823868159204721 ], [ 5345156.61231704428792, 7861093.287127295508981 ], [ 5345154.914553720504045, 7861003.675733063369989 ], [ 5345183.23253324534744, 7861003.13892918638885 ], [ 5345174.741991115733981, 7860555.081783274188638 ], [ 5345146.424709499813616, 7860555.618682050146163 ], [ 5345145.292600871063769, 7860495.8777318559587 ], [ 5345116.975411483086646, 7860496.414599229581654 ], [ 5345114.711289021186531, 7860376.93271704390645 ], [ 5345001.44326767232269, 7860379.079847250133753 ], [ 5345002.574971845373511, 7860438.820738933980465 ], [ 5344974.257871351204813, 7860439.357398715801537 ], [ 5344974.823665490373969, 7860469.22783734742552 ], [ 5344946.506517625413835, 7860469.764446752145886 ], [ 5344947.072257623076439, 7860499.634878469631076 ], [ 5344918.755062392912805, 7860500.171437505632639 ], [ 5344919.320748250931501, 7860530.04186231084168 ], [ 5344891.0035056527704, 7860530.578370975330472 ], [ 5344891.569137372076511, 7860560.448788863606751 ], [ 5344863.251847405917943, 7860560.985247164964676 ], [ 5344863.817424987442791, 7860590.855658141896129 ], [ 5344807.182749490253627, 7860591.928429951891303 ], [ 5344809.444611523300409, 7860711.410017380490899 ], [ 5344639.539448297582567, 7860714.627124046906829 ], [ 5344642.365208934061229, 7860863.978905458003283 ], [ 5344585.729682587087154, 7860865.050858822651207 ], [ 5344586.294718862511218, 7860894.921200696378946 ], [ 5344529.659096130169928, 7860895.992965262383223 ], [ 5344535.872970138676465, 7861224.566547804512084 ], [ 5344507.554645787924528, 7861225.102294562384486 ], [ 5344510.378597466275096, 7861374.453867714852095 ], [ 5344623.652820187620819, 7861372.310742788948119 ], [ 5344621.392929786816239, 7861252.82938439771533 ], [ 5344932.894926806911826, 7861246.931880004703999 ], [ 5344938.549541362561285, 7861545.635953417979181 ], [ 5345080.143650547601283, 7861542.953824380412698 ] ] ] ] } },
{ "type": "Feature", "properties": { "ID": 4, "Area_ha": 9054090.08, "x": 5340705.57, "y": 7860400.233, "CD_GEOCOD": "3138625", "NM_MUNICI": "Limeira do Oeste", "NM_MESO": "Triângulo Mineiro e Alto Paranaíba", "NM_MICRO": "FRUTAL" }, "geometry": { "type": "MultiPolygon", "coordinates": [ [ [ [ 5340755.000606674700975, 7860518.827449234202504 ], [ 5340754.44173835683614, 7860488.957946284674108 ], [ 5340782.758915948681533, 7860488.427843688055873 ], [ 5340782.199993584305048, 7860458.558333897963166 ], [ 5340838.834253226406872, 7860457.497984059154987 ], [ 5340836.598116345703602, 7860338.019888943061233 ], [ 5340751.647284048609436, 7860339.610422580502927 ], [ 5340750.529449721798301, 7860279.871408902108669 ], [ 5340637.26203406509012, 7860281.991553623229265 ], [ 5340637.820768841542304, 7860311.861035785637796 ], [ 5340609.503866330720484, 7860312.390955585055053 ], [ 5340610.062547060661018, 7860342.260430911555886 ], [ 5340581.745597189292312, 7860342.790300417691469 ], [ 5340583.980058857239783, 7860462.268170740455389 ], [ 5340640.614330044016242, 7860461.208437613211572 ], [ 5340641.731701939366758, 7860520.947394149377942 ], [ 5340755.000606674700975, 7860518.827449234202504 ] ] ] ] } },
{ "type": "Feature", "properties": { "ID": 4, "Area_ha": 9054090.08, "x": 5601103.973, "y": 7852870.137, "CD_GEOCOD": "3170107", "NM_MUNICI": "Uberaba", "NM_MESO": "Triângulo Mineiro e Alto Paranaíba", "NM_MICRO": "UBERABA" }, "geometry": { "type": "MultiPolygon", "coordinates": [ [ [ [ 5601203.983905672095716, 7852999.47729605063796 ], [ 5601202.995498540811241, 7852969.528388502076268 ], [ 5601259.606445850804448, 7852967.657174482941628 ], [ 5601255.652310061268508, 7852847.861456122249365 ], [ 5601199.041737261228263, 7852849.732758251950145 ], [ 5601196.076276910491288, 7852759.886035522446036 ], [ 5600941.329891268163919, 7852768.305011939257383 ], [ 5600946.270152132026851, 7852918.049054309725761 ], [ 5601059.491718829609454, 7852914.307947719469666 ], [ 5601060.479918445460498, 7852944.256800217553973 ], [ 5601088.785353295505047, 7852943.32142445910722 ], [ 5601090.761806334368885, 7853003.219151467084885 ], [ 5601203.983905672095716, 7852999.47729605063796 ] ] ] ] } },
{ "type": "Feature", "properties": { "ID": 4, "Area_ha": 9054090.08, "x": 5596643.403, "y": 7852031.871, "CD_GEOCOD": "3170107", "NM_MUNICI": "Uberaba", "NM_MESO": "Triângulo Mineiro e Alto Paranaíba", "NM_MICRO": "UBERABA" }, "geometry": { "type": "MultiPolygon", "coordinates": [ [ [ [ 5596450.460943395271897, 7852346.529210178181529 ], [ 5596448.499038984999061, 7852286.63505819812417 ], [ 5596844.760587793774903, 7852273.63155940361321 ], [ 5596843.778960291296244, 7852243.684330393560231 ], [ 5596900.387636190280318, 7852241.825960842892528 ], [ 5596897.442393654026091, 7852151.984208110719919 ], [ 5596925.74658895470202, 7852151.054924443364143 ], [ 5596922.801087316125631, 7852061.21313876286149 ], [ 5597120.929430524818599, 7852054.706689640879631 ], [ 5597117.000599230639637, 7851934.917335670441389 ], [ 5596918.873567269183695, 7851941.42409096006304 ], [ 5596910.035876108333468, 7851671.898732440546155 ], [ 5596740.215178463608027, 7851677.474822866730392 ], [ 5596741.196915850043297, 7851707.422019405290484 ], [ 5596684.589911385439336, 7851709.280341774225235 ], [ 5596685.571541924029589, 7851739.227516438812017 ], [ 5596657.267990685068071, 7851740.156600588932633 ], [ 5596659.231118565425277, 7851800.050928015261889 ], [ 5596630.927472211420536, 7851800.97994623798877 ], [ 5596631.908969555050135, 7851830.927098996005952 ], [ 5596603.605274920351803, 7851831.856062221340835 ], [ 5596604.586712257005274, 7851861.803204034455121 ], [ 5596321.549218039959669, 7851871.090303171426058 ], [ 5596322.530173879116774, 7851901.037335731089115 ], [ 5596265.9225640213117, 7851902.894204877316952 ], [ 5596278.672574186697602, 7852292.205342505127192 ], [ 5596306.976988599635661, 7852291.277071943506598 ], [ 5596307.957713272422552, 7852321.22409332357347 ], [ 5596336.262173063121736, 7852320.295789621770382 ], [ 5596337.242931392043829, 7852350.242821909487247 ], [ 5596450.460943395271897, 7852346.529210178181529 ] ] ] ] } },
{ "type": "Feature", "properties": { "ID": 4, "Area_ha": 9054090.08, "x": 5600574.864, "y": 7851242.429, "CD_GEOCOD": "3170107", "NM_MUNICI": "Uberaba", "NM_MESO": "Triângulo Mineiro e Alto Paranaíba", "NM_MICRO": "UBERABA" }, "geometry": { "type": "MultiPolygon", "coordinates": [ [ [ [ 5600725.057441192679107, 7851366.32477979362011 ], [ 5600724.06900664139539, 7851336.376037096604705 ], [ 5600752.371927252039313, 7851335.440507615916431 ], [ 5600747.42932128533721, 7851185.696739046834409 ], [ 5600719.126634913496673, 7851186.632323534227908 ], [ 5600717.149593370035291, 7851126.734838070347905 ], [ 5600688.846999241039157, 7851127.67040047980845 ], [ 5600687.858505422249436, 7851097.721668741665781 ], [ 5600461.438074754551053, 7851105.204669127240777 ], [ 5600464.402392010204494, 7851195.050600375980139 ], [ 5600379.494284823536873, 7851197.85589923709631 ], [ 5600384.433845688588917, 7851347.598952919244766 ], [ 5600497.645589308813214, 7851343.858686200343072 ], [ 5600498.633649092167616, 7851373.807340902276337 ], [ 5600725.057441192679107, 7851366.32477979362011 ] ] ] ] } },
{ "type": "Feature", "properties": { "ID": 4, "Area_ha": 9054090.08, "x": 5602480.25, "y": 7848738.282, "CD_GEOCOD": "3170107", "NM_MUNICI": "Uberaba", "NM_MESO": "Triângulo Mineiro e Alto Paranaíba", "NM_MICRO": "UBERABA" }, "geometry": { "type": "MultiPolygon", "coordinates": [ [ [ [ 5602399.497098566032946, 7848882.335798950865865 ], [ 5602398.504681958816946, 7848852.386373162269592 ], [ 5602455.102747199125588, 7848850.508017744868994 ], [ 5602454.110223489813507, 7848820.558569900691509 ], [ 5602510.708189073950052, 7848818.68001595698297 ], [ 5602507.730256721377373, 7848728.831606261432171 ], [ 5602762.419763013720512, 7848720.375631812959909 ], [ 5602761.426670165732503, 7848690.426062637940049 ], [ 5602789.725449969992042, 7848689.486278290860355 ], [ 5602785.752757853828371, 7848569.687957465648651 ], [ 5602672.558380311354995, 7848573.447006659582257 ], [ 5602673.551385685801506, 7848603.396542735397816 ], [ 5602645.252740730531514, 7848604.3361836951226 ], [ 5602648.231536292470992, 7848694.184758832678199 ], [ 5602223.749575562775135, 7848708.273582391440868 ], [ 5602227.718302589841187, 7848828.071020945906639 ], [ 5602256.017297826707363, 7848827.132118981331587 ], [ 5602257.009493237361312, 7848857.081489641219378 ], [ 5602285.308533908799291, 7848856.142554579302669 ], [ 5602286.300762920640409, 7848886.09193626511842 ], [ 5602399.497098566032946, 7848882.335798950865865 ] ] ] ] } },
{ "type": "Feature", "properties": { "ID": 4, "Area_ha": 9054090.08, "x": 5347960.775, "y": 7853895.851, "CD_GEOCOD": "3138625", "NM_MUNICI": "Limeira do Oeste", "NM_MESO": "Triângulo Mineiro e Alto Paranaíba", "NM_MICRO": "FRUTAL" }, "geometry": { "type": "MultiPolygon", "coordinates": [ [ [ [ 5347995.088974782265723, 7853987.080996710807085 ], [ 5347994.516364892944694, 7853957.209726790897548 ], [ 5348022.82335246168077, 7853956.666806845925748 ], [ 5348022.250688227824867, 7853926.795529967173934 ], [ 5348078.86456748098135, 7853925.709544848650694 ], [ 5348076.573460404761136, 7853806.224380483850837 ], [ 5347935.039689377881587, 7853808.939139464870095 ], [ 5347935.612244292162359, 7853838.81039958819747 ], [ 5347850.691831490024924, 7853840.43870590813458 ], [ 5347853.55379088036716, 7853989.794902186840773 ], [ 5347995.088974782265723, 7853987.080996710807085 ] ] ] ] } },
{ "type": "Feature", "properties": { "ID": 4, "Area_ha": 9054090.08, "x": 5633129.735, "y": 7844536.693, "CD_GEOCOD": "3170107", "NM_MUNICI": "Uberaba", "NM_MESO": "Triângulo Mineiro e Alto Paranaíba", "NM_MICRO": "UBERABA" }, "geometry": { "type": "MultiPolygon", "coordinates": [ [ [ [ 5633189.455520593561232, 7844624.60079340916127 ], [ 5633183.18441519793123, 7844444.830201175995171 ], [ 5633070.015870895236731, 7844448.784274659119546 ], [ 5633076.285848075523973, 7844628.554588941857219 ], [ 5633189.455520593561232, 7844624.60079340916127 ] ] ] ] } },
{ "type": "Feature", "properties": { "ID": 4, "Area_ha": 9054090.08, "x": 5338221.544, "y": 7851430.727, "CD_GEOCOD": "3138625", "NM_MUNICI": "Limeira do Oeste", "NM_MESO": "Triângulo Mineiro e Alto Paranaíba", "NM_MICRO": "FRUTAL" }, "geometry": { "type": "MultiPolygon", "coordinates": [ [ [ [ 5338155.150021398440003, 7851723.010122783482075 ], [ 5338154.592946784570813, 7851693.140976200811565 ], [ 5338182.896394752897322, 7851692.612828565761447 ], [ 5338181.224986020475626, 7851603.005366621538997 ], [ 5338237.831599187105894, 7851601.948901619762182 ], [ 5338237.274354592896998, 7851572.079734051600099 ], [ 5338265.577613221481442, 7851571.551429055631161 ], [ 5338265.020314449444413, 7851541.682254694402218 ], [ 5338293.323525534011424, 7851541.153899300843477 ], [ 5338291.651444300077856, 7851451.546354023739696 ], [ 5338348.257583679631352, 7851450.489473481662571 ], [ 5338347.700114905834198, 7851420.620278134942055 ], [ 5338376.003136637620628, 7851420.09176536463201 ], [ 5338375.445613681338727, 7851390.222563221119344 ], [ 5338403.748587865382433, 7851389.694000048562884 ], [ 5338399.287761778570712, 7851150.740311605855823 ], [ 5338286.077355255372822, 7851152.854497108608484 ], [ 5338286.63479773234576, 7851182.723685523495078 ], [ 5338258.332147311419249, 7851183.252115176990628 ], [ 5338258.88953560218215, 7851213.121296796016395 ], [ 5338230.586837629787624, 7851213.64967605099082 ], [ 5338231.144171736203134, 7851243.518850878812373 ], [ 5338202.841426214203238, 7851244.047179732471704 ], [ 5338203.955978601239622, 7851303.785515200346708 ], [ 5338175.653138805180788, 7851304.313787467777729 ], [ 5338176.210357087664306, 7851334.18294810783118 ], [ 5338147.907469745725393, 7851334.711169975809753 ], [ 5338148.464633847586811, 7851364.58032382465899 ], [ 5338120.161698956973851, 7851365.108495301567018 ], [ 5338120.718808880075812, 7851394.977642355486751 ], [ 5338092.415826443582773, 7851395.505763435736299 ], [ 5338092.972882189787924, 7851425.374903701245785 ], [ 5338064.669852206483483, 7851425.902974388562143 ], [ 5338067.454785496927798, 7851575.248635707423091 ], [ 5338039.151521094143391, 7851575.776631264947355 ], [ 5338041.936034414917231, 7851725.12224652711302 ], [ 5338155.150021398440003, 7851723.010122783482075 ] ] ] ] } },
{ "type": "Feature", "properties": { "ID": 4, "Area_ha": 9054090.08, "x": 5338539.685, "y": 7851088.358, "CD_GEOCOD": "3138625", "NM_MUNICI": "Limeira do Oeste", "NM_MESO": "Triângulo Mineiro e Alto Paranaíba", "NM_MICRO": "FRUTAL" }, "geometry": { "type": "MultiPolygon", "coordinates": [ [ [ [ 5338597.405941396951675, 7851147.038784768432379 ], [ 5338595.174040864221752, 7851027.561752650886774 ], [ 5338481.96440511289984, 7851029.677275208756328 ], [ 5338484.195557999424636, 7851149.154208243824542 ], [ 5338597.405941396951675, 7851147.038784768432379 ] ] ] ] } },
{ "type": "Feature", "properties": { "ID": 4, "Area_ha": 9054090.08, "x": 5337038.073, "y": 7850759.584, "CD_GEOCOD": "3138625", "NM_MUNICI": "Limeira do Oeste", "NM_MESO": "Triângulo Mineiro e Alto Paranaíba", "NM_MICRO": "FRUTAL" }, "geometry": { "type": "MultiPolygon", "coordinates": [ [ [ [ 5337094.034254042431712, 7850995.797148358076811 ], [ 5337090.145373674109578, 7850786.714603184722364 ], [ 5337118.447403672151268, 7850786.187899924814701 ], [ 5337117.336134620942175, 7850726.450012074783444 ], [ 5337145.63807032443583, 7850725.923252259381115 ], [ 5337142.303804319351912, 7850546.70953715313226 ], [ 5337000.795519669540226, 7850549.343078994192183 ], [ 5337001.351015565916896, 7850579.212002201005816 ], [ 5336973.049309426918626, 7850579.738571733236313 ], [ 5336974.160185450688004, 7850639.476404 ], [ 5336945.8583850171417, 7850640.002916982397437 ], [ 5336951.967157727107406, 7850968.560883222147822 ], [ 5336980.269472227431834, 7850968.034438043832779 ], [ 5336980.824817344546318, 7850997.90334658510983 ], [ 5337094.034254042431712, 7850995.797148358076811 ] ] ] ] } },
{ "type": "Feature", "properties": { "ID": 4, "Area_ha": 9054090.08, "x": 5609961.08, "y": 7843379.639, "CD_GEOCOD": "3170107", "NM_MUNICI": "Uberaba", "NM_MESO": "Triângulo Mineiro e Alto Paranaíba", "NM_MICRO": "UBERABA" }, "geometry": { "type": "MultiPolygon", "coordinates": [ [ [ [ 5610008.576407151296735, 7843470.58308232948184 ], [ 5610007.568774593994021, 7843440.630608545616269 ], [ 5610035.859324969351292, 7843439.677400683052838 ], [ 5610030.820725025609136, 7843289.91497634537518 ], [ 5609889.369133731350303, 7843294.680852429941297 ], [ 5609895.414002688601613, 7843474.395427097566426 ], [ 5610008.576407151296735, 7843470.58308232948184 ] ] ] ] } },
{ "type": "Feature", "properties": { "ID": 4, "Area_ha": 9054090.08, "x": 5389166.586, "y": 7846543.99, "CD_GEOCOD": "3170438", "NM_MUNICI": "União de Minas", "NM_MESO": "Triângulo Mineiro e Alto Paranaíba", "NM_MICRO": "FRUTAL" }, "geometry": { "type": "MultiPolygon", "coordinates": [ [ [ [ 5389160.017078755423427, 7846902.837008179165423 ], [ 5389159.374558308161795, 7846872.95578589104116 ], [ 5389187.670461995527148, 7846872.346948336809874 ], [ 5389187.027886129915714, 7846842.465718420222402 ], [ 5389271.915450973436236, 7846840.638918805867434 ], [ 5389271.272726014256477, 7846810.7576670255512 ], [ 5389327.864337475970387, 7846809.539565047249198 ], [ 5389327.221510258503258, 7846779.658298518508673 ], [ 5389355.517267723567784, 7846779.049174007028341 ], [ 5389354.874385081231594, 7846749.16789984703064 ], [ 5389383.170094755478203, 7846748.558723951689899 ], [ 5389382.52715668734163, 7846718.677442157641053 ], [ 5389439.118479502387345, 7846717.458943320438266 ], [ 5389438.475439168512821, 7846687.577646773308516 ], [ 5389664.840317584574223, 7846682.70182367041707 ], [ 5389661.623113451525569, 7846533.295048368163407 ], [ 5389605.032367972657084, 7846534.514340992085636 ], [ 5389604.388995044864714, 7846504.632998634129763 ], [ 5389547.79833943489939, 7846505.852128408849239 ], [ 5389547.155051599256694, 7846475.970799781382084 ], [ 5389518.859769207425416, 7846476.580305374227464 ], [ 5389518.216519622132182, 7846446.698983347974718 ], [ 5389433.330807251855731, 7846448.527255859225988 ], [ 5389432.687689607031643, 7846418.645954675972462 ], [ 5389404.392497087828815, 7846419.255297416821122 ], [ 5389403.74941769707948, 7846389.374002837575972 ], [ 5389347.159123485907912, 7846390.592569725587964 ], [ 5389346.516129196621478, 7846360.711288868449628 ], [ 5389289.925924862734973, 7846361.929692884907126 ], [ 5389289.283015676774085, 7846332.048425745218992 ], [ 5389260.987958925776184, 7846332.657568456605077 ], [ 5389260.345087997615337, 7846302.776307916268706 ], [ 5389175.460052565671504, 7846304.603491734713316 ], [ 5389174.817313592880964, 7846274.722252022475004 ], [ 5389146.522346721962094, 7846275.331231855787337 ], [ 5389145.879646012559533, 7846245.449998740106821 ], [ 5389117.58472503721714, 7846246.058941405266523 ], [ 5389116.94206259213388, 7846216.177714889869094 ], [ 5389088.647187510505319, 7846216.786620388738811 ], [ 5389088.004563330672681, 7846186.905400471761823 ], [ 5388861.645903178490698, 7846191.775107335299253 ], [ 5388862.288152569904923, 7846221.6562703801319 ], [ 5388805.698384311050177, 7846222.873240089975297 ], [ 5388810.835321120917797, 7846461.922412123531103 ], [ 5388839.130580492317677, 7846461.314006265252829 ], [ 5388840.414822616614401, 7846521.076308328658342 ], [ 5388897.00552587211132, 7846519.859392222948372 ], [ 5388898.289921053685248, 7846579.621720653027296 ], [ 5388926.585364935919642, 7846579.013210408389568 ], [ 5388933.007294519804418, 7846877.824892698787153 ], [ 5388961.303205827251077, 7846877.216409284621477 ], [ 5388961.945398434996605, 7846907.097581785172224 ], [ 5389160.017078755423427, 7846902.837008179165423 ] ] ] ] } },
{ "type": "Feature", "properties": { "ID": 4, "Area_ha": 9054090.08, "x": 5335595.853, "y": 7846541.773, "CD_GEOCOD": "3138625", "NM_MUNICI": "Limeira do Oeste", "NM_MESO": "Triângulo Mineiro e Alto Paranaíba", "NM_MICRO": "FRUTAL" }, "geometry": { "type": "MultiPolygon", "coordinates": [ [ [ [ 5335681.84830720257014, 7846599.934360917657614 ], [ 5335679.630536653101444, 7846480.45942048355937 ], [ 5335509.85880467761308, 7846483.611580449156463 ], [ 5335512.075451499782503, 7846603.086373675614595 ], [ 5335681.84830720257014, 7846599.934360917657614 ] ] ] ] } },
{ "type": "Feature", "properties": { "ID": 4, "Area_ha": 9054090.08, "x": 5616063.311, "y": 7837825.786, "CD_GEOCOD": "3170107", "NM_MUNICI": "Uberaba", "NM_MESO": "Triângulo Mineiro e Alto Paranaíba", "NM_MICRO": "UBERABA" }, "geometry": { "type": "MultiPolygon", "coordinates": [ [ [ [ 5616023.795972744002938, 7837958.755978973582387 ], [ 5616022.775634231045842, 7837928.801057272590697 ], [ 5616079.339411008171737, 7837926.871248822659254 ], [ 5616078.318964617326856, 7837896.916304660029709 ], [ 5616106.600803602486849, 7837895.951322732493281 ], [ 5616104.559775727801025, 7837836.041412021964788 ], [ 5616189.40500078164041, 7837833.146132935769856 ], [ 5616188.384325019083917, 7837803.191143878735602 ], [ 5616216.666016541421413, 7837802.225950996391475 ], [ 5616212.582988847047091, 7837682.405950156971812 ], [ 5616099.456967938691378, 7837686.266635968349874 ], [ 5616100.477556708268821, 7837716.221591091714799 ], [ 5616072.196000559255481, 7837717.186640540137887 ], [ 5616074.237043000757694, 7837777.096528412774205 ], [ 5615989.392082644626498, 7837779.991343431174755 ], [ 5615990.412442037835717, 7837809.94625367410481 ], [ 5615962.13073842227459, 7837810.911092160269618 ], [ 5615963.151037072762847, 7837840.865991190075874 ], [ 5615906.587531032972038, 7837842.795512768439949 ], [ 5615910.66821251064539, 7837962.615019299089909 ], [ 5616023.795972744002938, 7837958.755978973582387 ] ] ] ] } },
{ "type": "Feature", "properties": { "ID": 4, "Area_ha": 9054090.08, "x": 5381813.482, "y": 7843899.414, "CD_GEOCOD": "3170438", "NM_MUNICI": "União de Minas", "NM_MESO": "Triângulo Mineiro e Alto Paranaíba", "NM_MICRO": "FRUTAL" }, "geometry": { "type": "MultiPolygon", "coordinates": [ [ [ [ 5381880.787832455709577, 7844038.819308162666857 ], [ 5381880.156403169967234, 7844008.939829731360078 ], [ 5382106.487668456509709, 7844004.152553956024349 ], [ 5382105.855855611152947, 7843974.273019161075354 ], [ 5382162.438568772748113, 7843973.075743054039776 ], [ 5382158.646951973438263, 7843793.798439408652484 ], [ 5382045.482647364959121, 7843796.192981880158186 ], [ 5382041.691852662712336, 7843616.915826714597642 ], [ 5381928.528658605180681, 7843619.30982750095427 ], [ 5381932.949909794144332, 7843828.466311273165047 ], [ 5381536.874016522429883, 7843836.839045435190201 ], [ 5381537.50493360683322, 7843866.718443363904953 ], [ 5381480.922554361633956, 7843867.913825133815408 ], [ 5381481.553369241766632, 7843897.793208588846028 ], [ 5381368.388411940075457, 7843900.183412397280335 ], [ 5381370.910837032832205, 7844019.700829412788153 ], [ 5381568.950815474614501, 7844015.517702513374388 ], [ 5381569.581728955730796, 7844045.397104229778051 ], [ 5381880.787832455709577, 7844038.819308162666857 ] ] ] ] } },
{ "type": "Feature", "properties": { "ID": 4, "Area_ha": 9054090.08, "x": 5362453.898, "y": 7844169.518, "CD_GEOCOD": "3138625", "NM_MUNICI": "Limeira do Oeste", "NM_MESO": "Triângulo Mineiro e Alto Paranaíba", "NM_MICRO": "FRUTAL" }, "geometry": { "type": "MultiPolygon", "coordinates": [ [ [ [ 5362526.817001510411501, 7844318.138457611203194 ], [ 5362525.018798782490194, 7844228.51396813057363 ], [ 5362581.60230783559382, 7844227.377965711057186 ], [ 5362579.204217206686735, 7844107.878585503436625 ], [ 5362550.912650651298463, 7844108.446635372005403 ], [ 5362549.713651121594012, 7844048.696955129504204 ], [ 5362493.130702869966626, 7844049.832948379218578 ], [ 5362492.531284878030419, 7844019.958120658062398 ], [ 5362351.074133097194135, 7844022.797361168079078 ], [ 5362357.06560917943716, 7844321.545281909406185 ], [ 5362526.817001510411501, 7844318.138457611203194 ] ] ] ] } },
{ "type": "Feature", "properties": { "ID": 4, "Area_ha": 9054090.08, "x": 5380916.384, "y": 7843645.473, "CD_GEOCOD": "3170438", "NM_MUNICI": "União de Minas", "NM_MESO": "Triângulo Mineiro e Alto Paranaíba", "NM_MICRO": "FRUTAL" }, "geometry": { "type": "MultiPolygon", "coordinates": [ [ [ [ 5381053.40390726365149, 7843727.477134531363845 ], [ 5381050.883209236897528, 7843607.960002714768052 ], [ 5380994.301642321050167, 7843609.154002828523517 ], [ 5380993.041430478915572, 7843549.395461579784751 ], [ 5380795.006573418155313, 7843553.573163088411093 ], [ 5380798.785138337872922, 7843732.848488206975162 ], [ 5381053.40390726365149, 7843727.477134531363845 ] ] ] ] } },
{ "type": "Feature", "properties": { "ID": 4, "Area_ha": 9054090.08, "x": 5381755.933, "y": 7843376.344, "CD_GEOCOD": "3170438", "NM_MUNICI": "União de Minas", "NM_MESO": "Triângulo Mineiro e Alto Paranaíba", "NM_MICRO": "FRUTAL" }, "geometry": { "type": "MultiPolygon", "coordinates": [ [ [ [ 5381898.974661103449762, 7843560.149230706505477 ], [ 5381895.81652208045125, 7843410.751755995675921 ], [ 5381810.945098822936416, 7843412.5468046721071 ], [ 5381807.155898325145245, 7843233.269943102262914 ], [ 5381609.124514633789659, 7843237.457131322473288 ], [ 5381612.280561048537493, 7843386.854273235425353 ], [ 5381668.861430137418211, 7843385.658225128427148 ], [ 5381669.492707978002727, 7843415.537665863521397 ], [ 5381782.654622528702021, 7843413.145065568387508 ], [ 5381785.81182349845767, 7843562.54240076802671 ], [ 5381898.974661103449762, 7843560.149230706505477 ] ] ] ] } },
{ "type": "Feature", "properties": { "ID": 4, "Area_ha": 9054090.08, "x": 5684950.064, "y": 7832937.729, "CD_GEOCOD": "3157708", "NM_MUNICI": "Santa Juliana", "NM_MESO": "Triângulo Mineiro e Alto Paranaíba", "NM_MICRO": "ARAXÁ" }, "geometry": { "type": "MultiPolygon", "coordinates": [ [ [ [ 5685076.404954852536321, 7833038.602361956611276 ], [ 5685071.85714309848845, 7832918.666539776138961 ], [ 5685043.583124586381018, 7832919.740727637894452 ], [ 5685040.172248705290258, 7832829.788901274092495 ], [ 5684870.528953440487385, 7832836.23332249186933 ], [ 5684871.665643473155797, 7832866.217189326882362 ], [ 5684843.391707748174667, 7832867.291091849096119 ], [ 5684844.528335359878838, 7832897.274946445599198 ], [ 5684816.254350661300123, 7832898.348792131990194 ], [ 5684820.800520658493042, 7833018.28416311647743 ], [ 5684962.171373031102121, 7833012.914741393178701 ], [ 5684963.308114126324654, 7833042.898647304624319 ], [ 5685076.404954852536321, 7833038.602361956611276 ] ] ] ] } },
{ "type": "Feature", "properties": { "ID": 4, "Area_ha": 9054090.08, "x": 5390512.012, "y": 7841530.201, "CD_GEOCOD": "3170438", "NM_MUNICI": "União de Minas", "NM_MESO": "Triângulo Mineiro e Alto Paranaíba", "NM_MICRO": "FRUTAL" }, "geometry": { "type": "MultiPolygon", "coordinates": [ [ [ [ 5390834.100002460181713, 7841844.266235969029367 ], [ 5390833.453082861378789, 7841814.384478349238634 ], [ 5390861.741049111820757, 7841813.771652027033269 ], [ 5390861.094073951244354, 7841783.889886753633618 ], [ 5390917.669909683987498, 7841782.664086764678359 ], [ 5390916.375745727680624, 7841722.900526126846671 ], [ 5390944.663568265736103, 7841722.287545320577919 ], [ 5390942.074949100613594, 7841602.76038933172822 ], [ 5390913.787314339540899, 7841603.373398695141077 ], [ 5390913.140184936113656, 7841573.491615552455187 ], [ 5390828.277415717951953, 7841575.330398907884955 ], [ 5390825.689375242218375, 7841455.80334687512368 ], [ 5390769.114566539414227, 7841457.029037745669484 ], [ 5390767.820682372897863, 7841397.265537197701633 ], [ 5390739.533370478078723, 7841397.878330365754664 ], [ 5390738.886462415568531, 7841367.996586453169584 ], [ 5390710.599196510389447, 7841368.609342396259308 ], [ 5390709.952326779253781, 7841338.727605109103024 ], [ 5390681.665106862783432, 7841339.340323822572827 ], [ 5390681.018275464884937, 7841309.458593156188726 ], [ 5390426.433675550855696, 7841314.971129481680691 ], [ 5390425.140832039527595, 7841255.207794981077313 ], [ 5390368.566653748042881, 7841256.432343579828739 ], [ 5390367.273963602259755, 7841196.669035537168384 ], [ 5390338.986966921947896, 7841197.281257547438145 ], [ 5390337.694336242042482, 7841137.517961708828807 ], [ 5390309.407432510517538, 7841138.130153607577085 ], [ 5390308.761151211336255, 7841108.248512043617666 ], [ 5390167.326852928847075, 7841111.308841684833169 ], [ 5390171.203002969734371, 7841290.598469577729702 ], [ 5390199.490146269090474, 7841289.986535132862628 ], [ 5390200.136188104748726, 7841319.868145104497671 ], [ 5390228.423377394676208, 7841319.256173420697451 ], [ 5390234.883791839703918, 7841618.072316123172641 ], [ 5390206.596133068203926, 7841618.68421654868871 ], [ 5390210.471686898730695, 7841797.973834730684757 ], [ 5390436.775183476507664, 7841793.077731482684612 ], [ 5390436.128903822973371, 7841763.196072710677981 ], [ 5390719.00771873164922, 7841757.071880420669913 ], [ 5390720.947940093465149, 7841846.717069185338914 ], [ 5390834.100002460181713, 7841844.266235969029367 ] ] ] ] } },
{ "type": "Feature", "properties": { "ID": 4, "Area_ha": 9054090.08, "x": 5392985.921, "y": 7840586.716, "CD_GEOCOD": "3170438", "NM_MUNICI": "União de Minas", "NM_MESO": "Triângulo Mineiro e Alto Paranaíba", "NM_MICRO": "FRUTAL" }, "geometry": { "type": "MultiPolygon", "coordinates": [ [ [ [ 5393044.77106808219105, 7840690.070573456585407 ], [ 5393040.214244429953396, 7840480.894169161096215 ], [ 5392927.070750783197582, 7840483.360281055793166 ], [ 5392931.62625933997333, 7840692.536484442651272 ], [ 5393044.77106808219105, 7840690.070573456585407 ] ] ] ] } },
{ "type": "Feature", "properties": { "ID": 4, "Area_ha": 9054090.08, "x": 5343367.812, "y": 7841567.486, "CD_GEOCOD": "3138625", "NM_MUNICI": "Limeira do Oeste", "NM_MESO": "Triângulo Mineiro e Alto Paranaíba", "NM_MICRO": "FRUTAL" }, "geometry": { "type": "MultiPolygon", "coordinates": [ [ [ [ 5343401.06283157505095, 7841703.809456946328282 ], [ 5343398.21995938103646, 7841554.456739634275436 ], [ 5343539.657728110440075, 7841551.762574333697557 ], [ 5343537.382355426438153, 7841432.280264286324382 ], [ 5343395.945525303483009, 7841434.974555016495287 ], [ 5343397.082757488824427, 7841494.715648522600532 ], [ 5343255.645436926744878, 7841497.408767078071833 ], [ 5343256.782169522717595, 7841557.149795501492918 ], [ 5343228.494609016925097, 7841557.688273541629314 ], [ 5343231.336073389276862, 7841707.040802793577313 ], [ 5343401.06283157505095, 7841703.809456946328282 ] ] ] ] } },
{ "type": "Feature", "properties": { "ID": 4, "Area_ha": 9054090.08, "x": 5719759.281, "y": 7830226.075, "CD_GEOCOD": "3149804", "NM_MUNICI": "Perdizes", "NM_MESO": "Triângulo Mineiro e Alto Paranaíba", "NM_MICRO": "ARAXÁ" }, "geometry": { "type": "MultiPolygon", "coordinates": [ [ [ [ 5719830.444987097755075, 7830422.733650960028172 ], [ 5719828.053294597193599, 7830362.734198665246367 ], [ 5719856.323291126638651, 7830361.604867320507765 ], [ 5719855.127373648807406, 7830331.605128605850041 ], [ 5719883.397321041673422, 7830330.475739770568907 ], [ 5719881.005343627184629, 7830270.476237217895687 ], [ 5719909.275194514542818, 7830269.346777750179172 ], [ 5719908.079134576022625, 7830239.347013911232352 ], [ 5719936.348936324007809, 7830238.217496953904629 ], [ 5719933.956673980690539, 7830178.217944140546024 ], [ 5719962.226379219442606, 7830177.088356553576887 ], [ 5719961.030176812782884, 7830147.088567582890391 ], [ 5719989.299832909367979, 7830145.958922499790788 ], [ 5719984.514674689620733, 7830025.959717879071832 ], [ 5719871.43679760210216, 7830030.478242283686996 ], [ 5719872.632921537384391, 7830060.477990314364433 ], [ 5719844.363400462083519, 7830061.607497384771705 ], [ 5719845.559461116790771, 7830091.607232658192515 ], [ 5719760.750745146535337, 7830094.995448326691985 ], [ 5719761.94664778187871, 7830124.995144576765597 ], [ 5719620.598515541292727, 7830130.641217891126871 ], [ 5719621.794165421277285, 7830160.640848853625357 ], [ 5719508.715438261628151, 7830165.156856574118137 ], [ 5719513.497120862826705, 7830285.155174115672708 ], [ 5719541.766994779929519, 7830284.026291243731976 ], [ 5719542.962423043325543, 7830314.02588471211493 ], [ 5719599.502260299399495, 7830311.768012170679867 ], [ 5719600.697767392732203, 7830341.767632286064327 ], [ 5719628.967730729840696, 7830340.638642616569996 ], [ 5719630.163269285112619, 7830370.638276246376336 ], [ 5719686.703285373747349, 7830368.380190124735236 ], [ 5719687.898902755230665, 7830398.379850404337049 ], [ 5719716.168955506756902, 7830397.250753951258957 ], [ 5719717.364604347385466, 7830427.25042774155736 ], [ 5719830.444987097755075, 7830422.733650960028172 ] ] ] ] } },
{ "type": "Feature", "properties": { "ID": 4, "Area_ha": 9054090.08, "x": 5392779.135, "y": 7840187.619, "CD_GEOCOD": "3170438", "NM_MUNICI": "União de Minas", "NM_MESO": "Triângulo Mineiro e Alto Paranaíba", "NM_MICRO": "FRUTAL" }, "geometry": { "type": "MultiPolygon", "coordinates": [ [ [ [ 5392837.007432191632688, 7840246.15102248173207 ], [ 5392834.404380121268332, 7840126.621821974404156 ], [ 5392721.263114123605192, 7840129.087035564705729 ], [ 5392723.86541457939893, 7840248.616121331229806 ], [ 5392837.007432191632688, 7840246.15102248173207 ] ] ] ] } },
{ "type": "Feature", "properties": { "ID": 4, "Area_ha": 9054090.08, "x": 5354582.721, "y": 7840838.442, "CD_GEOCOD": "3138625", "NM_MUNICI": "Limeira do Oeste", "NM_MESO": "Triângulo Mineiro e Alto Paranaíba", "NM_MICRO": "FRUTAL" }, "geometry": { "type": "MultiPolygon", "coordinates": [ [ [ [ 5354705.53752076625824, 7840947.067437228746712 ], [ 5354703.187584640458226, 7840827.575025165453553 ], [ 5354674.90117000322789, 7840828.131586055271327 ], [ 5354673.138776614330709, 7840738.512290352024138 ], [ 5354475.134835624136031, 7840742.407109707593918 ], [ 5354475.721979263238609, 7840772.28016353957355 ], [ 5354447.435651537030935, 7840772.836382281966507 ], [ 5354449.783960115164518, 7840892.328565932810307 ], [ 5354562.930016949772835, 7840890.103528188541532 ], [ 5354564.104499903507531, 7840949.849668312817812 ], [ 5354705.53752076625824, 7840947.067437228746712 ] ] ] ] } },
{ "type": "Feature", "properties": { "ID": 4, "Area_ha": 9054090.08, "x": 5713835.396, "y": 7830100.017, "CD_GEOCOD": "3149804", "NM_MUNICI": "Perdizes", "NM_MESO": "Triângulo Mineiro e Alto Paranaíba", "NM_MICRO": "ARAXÁ" }, "geometry": { "type": "MultiPolygon", "coordinates": [ [ [ [ 5713883.013076423667371, 7830388.932326646521688 ], [ 5713880.640991092659533, 7830328.938375723548234 ], [ 5713965.450808332301676, 7830325.577838562428951 ], [ 5713964.264599917456508, 7830295.580824558623135 ], [ 5713992.534488118253648, 7830294.460543760098517 ], [ 5713991.348216563463211, 7830264.463517083786428 ], [ 5714019.618055645376444, 7830263.343178901821375 ], [ 5714017.245370471850038, 7830203.349100572057068 ], [ 5714045.515113067813218, 7830202.228691970929503 ], [ 5714041.955824870616198, 7830112.237538101151586 ], [ 5714070.22542361356318, 7830111.117046047002077 ], [ 5714063.106136965565383, 7829931.134669890627265 ], [ 5713808.68224285915494, 7829941.218204915523529 ], [ 5713801.564946203492582, 7829761.236545274965465 ], [ 5713688.488751137629151, 7829765.717275526374578 ], [ 5713689.674817190505564, 7829795.714165803045034 ], [ 5713661.40571665763855, 7829796.834224425256252 ], [ 5713672.079175079241395, 7830066.806135918945074 ], [ 5713643.809646459296346, 7830067.926032973453403 ], [ 5713648.552806243300438, 7830187.913506466895342 ], [ 5713676.822524326853454, 7830186.793661503121257 ], [ 5713683.937075054273009, 7830366.774960696697235 ], [ 5713768.747071279212832, 7830363.415394112467766 ], [ 5713769.932916615158319, 7830393.412317647598684 ], [ 5713883.013076423667371, 7830388.932326646521688 ] ] ] ] } },
{ "type": "Feature", "properties": { "ID": 4, "Area_ha": 9054090.08, "x": 5392767.422, "y": 7839649.738, "CD_GEOCOD": "3170438", "NM_MUNICI": "União de Minas", "NM_MESO": "Triângulo Mineiro e Alto Paranaíba", "NM_MICRO": "FRUTAL" }, "geometry": { "type": "MultiPolygon", "coordinates": [ [ [ [ 5392825.292606047354639, 7839708.269556017592549 ], [ 5392822.688930078409612, 7839588.740318825468421 ], [ 5392709.551046845503151, 7839591.206048683263361 ], [ 5392712.153971018269658, 7839710.735171153210104 ], [ 5392825.292606047354639, 7839708.269556017592549 ] ] ] ] } },
{ "type": "Feature", "properties": { "ID": 4, "Area_ha": 9054090.08, "x": 5390840.375, "y": 7839212.883, "CD_GEOCOD": "3170438", "NM_MUNICI": "União de Minas", "NM_MESO": "Triângulo Mineiro e Alto Paranaíba", "NM_MICRO": "FRUTAL" }, "geometry": { "type": "MultiPolygon", "coordinates": [ [ [ [ 5390950.081014857627451, 7839360.397472224198282 ], [ 5390949.433097797445953, 7839330.515629187226295 ], [ 5390977.71716000046581, 7839329.90194421634078 ], [ 5390975.125217547640204, 7839210.374538399279118 ], [ 5390946.841343321837485, 7839210.98825191706419 ], [ 5390946.193383144214749, 7839181.106406316161156 ], [ 5390889.625725797377527, 7839182.333714425563812 ], [ 5390886.386265531182289, 7839032.924550076946616 ], [ 5390744.968280255794525, 7839035.992221699096262 ], [ 5390748.854196785017848, 7839215.283003369346261 ], [ 5390720.570314854383469, 7839215.896361695602536 ], [ 5390723.160565512254834, 7839335.423510674387217 ], [ 5390836.296839358285069, 7839332.969925103709102 ], [ 5390836.944568446837366, 7839362.851739598438144 ], [ 5390950.081014857627451, 7839360.397472224198282 ] ] ] ] } },
{ "type": "Feature", "properties": { "ID": 4, "Area_ha": 9054090.08, "x": 5390255.495, "y": 7839046.907, "CD_GEOCOD": "3170438", "NM_MUNICI": "União de Minas", "NM_MESO": "Triângulo Mineiro e Alto Paranaíba", "NM_MICRO": "FRUTAL" }, "geometry": { "type": "MultiPolygon", "coordinates": [ [ [ [ 5390352.879762193188071, 7839223.86597965285182 ], [ 5390352.23278892505914, 7839193.984283793717623 ], [ 5390380.516636369749904, 7839193.371495528146625 ], [ 5390377.928469204343855, 7839073.844678455963731 ], [ 5390406.212127697654068, 7839073.231817284598947 ], [ 5390403.623634756542742, 7838953.704963479191065 ], [ 5390290.48974700178951, 7838956.156255752779543 ], [ 5390287.901868307031691, 7838836.629507709294558 ], [ 5390146.485427008010447, 7838839.692766418680549 ], [ 5390151.012479293160141, 7839048.864320800639689 ], [ 5390122.728859141469002, 7839049.476789481006563 ], [ 5390125.315368837676942, 7839169.003352173604071 ], [ 5390153.599176979623735, 7839168.390911979600787 ], [ 5390154.245829885825515, 7839198.272558484226465 ], [ 5390182.529684062115848, 7839197.660081012174487 ], [ 5390183.176375357434154, 7839227.5417341273278 ], [ 5390352.879762193188071, 7839223.86597965285182 ] ] ] ] } },
{ "type": "Feature", "properties": { "ID": 4, "Area_ha": 9054090.08, "x": 5389485.809, "y": 7838884.725, "CD_GEOCOD": "3170438", "NM_MUNICI": "União de Minas", "NM_MESO": "Triângulo Mineiro e Alto Paranaíba", "NM_MICRO": "FRUTAL" }, "geometry": { "type": "MultiPolygon", "coordinates": [ [ [ [ 5389335.304195150732994, 7839275.777970300987363 ], [ 5389334.013640846125782, 7839216.015091452747583 ], [ 5389475.433041395619512, 7839212.958698008209467 ], [ 5389474.14198278170079, 7839153.195746014826 ], [ 5389587.277109980583191, 7839150.749775188043714 ], [ 5389581.465228993445635, 7838881.816209721378982 ], [ 5389779.448703669942915, 7838877.533603254705667 ], [ 5389778.802567130886018, 7838847.652043612673879 ], [ 5389807.0858698124066, 7838847.040057956241071 ], [ 5389806.439677672460675, 7838817.158490682020783 ], [ 5390117.555426687002182, 7838810.423639381304383 ], [ 5390114.968503930605948, 7838690.897051971405745 ], [ 5390001.836269825696945, 7838693.346824402920902 ], [ 5390002.482825399376452, 7838723.228443549014628 ], [ 5389776.217934997752309, 7838728.125799892470241 ], [ 5389772.340728864073753, 7838548.836418845690787 ], [ 5389602.64371296018362, 7838552.507827023044229 ], [ 5389603.289653424173594, 7838582.389349145814776 ], [ 5389377.026535690762103, 7838587.282016184180975 ], [ 5389377.672091498970985, 7838617.163480922579765 ], [ 5389321.106208448298275, 7838618.386189366690814 ], [ 5389322.39710626937449, 7838678.149088871665299 ], [ 5389265.83103135228157, 7838679.371591256931424 ], [ 5389266.476373368874192, 7838709.253026021644473 ], [ 5389238.193287465721369, 7838709.864203500561416 ], [ 5389238.838573891669512, 7838739.745630644261837 ], [ 5389210.555440021678805, 7838740.356756608001888 ], [ 5389215.717046312987804, 7838979.40809834562242 ], [ 5389130.866510896012187, 7838981.241039311513305 ], [ 5389131.511532049626112, 7839011.122433396056294 ], [ 5389103.227971324697137, 7839011.733317806385458 ], [ 5389107.097636009566486, 7839191.021628834307194 ], [ 5389135.381478716619313, 7839190.410787036642432 ], [ 5389137.316336170770228, 7839280.054956881329417 ], [ 5389335.304195150732994, 7839275.777970300987363 ] ] ] ] } },
{ "type": "Feature", "properties": { "ID": 4, "Area_ha": 9054090.08, "x": 5392843.764, "y": 7837958.92, "CD_GEOCOD": "3170438", "NM_MUNICI": "União de Minas", "NM_MESO": "Triângulo Mineiro e Alto Paranaíba", "NM_MICRO": "FRUTAL" }, "geometry": { "type": "MultiPolygon", "coordinates": [ [ [ [ 5392931.541864109225571, 7838091.539212040603161 ], [ 5392928.935376134701073, 7837972.009721361100674 ], [ 5392900.653449911624193, 7837972.626829646527767 ], [ 5392897.395380044355989, 7837823.214990678243339 ], [ 5392755.986909992992878, 7837826.300045028328896 ], [ 5392758.592442736960948, 7837945.82937384955585 ], [ 5392786.874326781369746, 7837945.212480494752526 ], [ 5392790.131282884627581, 7838094.62416588421911 ], [ 5392931.541864109225571, 7838091.539212040603161 ] ] ] ] } },
{ "type": "Feature", "properties": { "ID": 4, "Area_ha": 9054090.08, "x": 5393083.956, "y": 7837295.952, "CD_GEOCOD": "3170438", "NM_MUNICI": "União de Minas", "NM_MESO": "Triângulo Mineiro e Alto Paranaíba", "NM_MICRO": "FRUTAL" }, "geometry": { "type": "MultiPolygon", "coordinates": [ [ [ [ 5393142.148706370964646, 7837369.422532723285258 ], [ 5393138.887653193436563, 7837220.010320074856281 ], [ 5393025.764676540158689, 7837222.480625417083502 ], [ 5393029.024788987822831, 7837371.892694615758955 ], [ 5393142.148706370964646, 7837369.422532723285258 ] ] ] ] } },
{ "type": "Feature", "properties": { "ID": 4, "Area_ha": 9054090.08, "x": 5392526.944, "y": 7837053.986, "CD_GEOCOD": "3170438", "NM_MUNICI": "União de Minas", "NM_MESO": "Triângulo Mineiro e Alto Paranaíba", "NM_MICRO": "FRUTAL" }, "geometry": { "type": "MultiPolygon", "coordinates": [ [ [ [ 5392598.947952226735651, 7837112.208704365417361 ], [ 5392596.342390001751482, 7836992.67946170642972 ], [ 5392454.940456258133054, 7836995.763297722674906 ], [ 5392457.545077654533088, 7837115.292397143319249 ], [ 5392598.947952226735651, 7837112.208704365417361 ] ] ] ] } },
{ "type": "Feature", "properties": { "ID": 4, "Area_ha": 9054090.08, "x": 5390124.975, "y": 7835207.581, "CD_GEOCOD": "3170438", "NM_MUNICI": "União de Minas", "NM_MESO": "Triângulo Mineiro e Alto Paranaíba", "NM_MICRO": "FRUTAL" }, "geometry": { "type": "MultiPolygon", "coordinates": [ [ [ [ 5389989.16117184329778, 7835494.784277694299817 ], [ 5389987.866005755960941, 7835435.020899092778563 ], [ 5390016.143936416134238, 7835434.407658087089658 ], [ 5390012.905635275878012, 7835284.999166985973716 ], [ 5390323.960219700820744, 7835278.250189878977835 ], [ 5390324.608414984308183, 7835308.131967414170504 ], [ 5390465.997059237211943, 7835305.062507472932339 ], [ 5390462.106346013955772, 7835125.771620946936309 ], [ 5390490.383789492771029, 7835125.157552829012275 ], [ 5390487.789620087482035, 7835005.630256362259388 ], [ 5390007.076151227578521, 7835016.063850518316031 ], [ 5390007.723906089551747, 7835045.945554412901402 ], [ 5389979.446587448008358, 7835046.558887885883451 ], [ 5389980.741977198980749, 7835106.322279898449779 ], [ 5389867.632316333241761, 7835108.775112198665738 ], [ 5389869.574771479703486, 7835198.420111009851098 ], [ 5389813.019652780145407, 7835199.646217677742243 ], [ 5389816.903765948489308, 7835378.936116042546928 ], [ 5389788.625922690145671, 7835379.549060015939176 ], [ 5389791.214971196837723, 7835499.075620166957378 ], [ 5389989.16117184329778, 7835494.784277694299817 ] ] ] ] } },
{ "type": "Feature", "properties": { "ID": 4, "Area_ha": 9054090.08, "x": 5390429.08, "y": 7834230.055, "CD_GEOCOD": "3170438", "NM_MUNICI": "União de Minas", "NM_MESO": "Triângulo Mineiro e Alto Paranaíba", "NM_MICRO": "FRUTAL" }, "geometry": { "type": "MultiPolygon", "coordinates": [ [ [ [ 5390699.728943414986134, 7834343.314351048320532 ], [ 5390697.132371058687568, 7834223.7867731153965 ], [ 5390555.752246204763651, 7834226.859516393393278 ], [ 5390553.805432957597077, 7834137.213934388011694 ], [ 5390497.253658854402602, 7834138.442763032391667 ], [ 5390496.604798077605665, 7834108.560915576294065 ], [ 5390213.846340591087937, 7834114.702460788190365 ], [ 5390218.384888134896755, 7834323.874883890151978 ], [ 5390585.975150117650628, 7834315.890655448660254 ], [ 5390586.624091888777912, 7834345.772520665079355 ], [ 5390699.728943414986134, 7834343.314351048320532 ] ] ] ] } },
{ "type": "Feature", "properties": { "ID": 4, "Area_ha": 9054090.08, "x": 5366658.571, "y": 7833906.325, "CD_GEOCOD": "3138625", "NM_MUNICI": "Limeira do Oeste", "NM_MESO": "Triângulo Mineiro e Alto Paranaíba", "NM_MICRO": "FRUTAL" }, "geometry": { "type": "MultiPolygon", "coordinates": [ [ [ [ 5366675.215798976831138, 7833982.699466058053076 ], [ 5366674.606411731801927, 7833952.823419203981757 ], [ 5366759.43318971991539, 7833951.092022566124797 ], [ 5366756.994994692504406, 7833831.587749314494431 ], [ 5366615.61796878837049, 7833834.473321590572596 ], [ 5366616.227294187061489, 7833864.349357314407825 ], [ 5366559.676383271813393, 7833865.503261346369982 ], [ 5366562.113227227702737, 7833985.007345175370574 ], [ 5366675.215798976831138, 7833982.699466058053076 ] ] ] ] } },
{ "type": "Feature", "properties": { "ID": 4, "Area_ha": 9054090.08, "x": 5686236.596, "y": 7824466.528, "CD_GEOCOD": "3157708", "NM_MUNICI": "Santa Juliana", "NM_MESO": "Triângulo Mineiro e Alto Paranaíba", "NM_MICRO": "ARAXÁ" }, "geometry": { "type": "MultiPolygon", "coordinates": [ [ [ [ 5686309.535062959417701, 7824523.797327272593975 ], [ 5686304.95973951369524, 7824403.859052237123251 ], [ 5686163.656896280124784, 7824409.259393407031894 ], [ 5686168.231270426884294, 7824529.197418302297592 ], [ 5686309.535062959417701, 7824523.797327272593975 ] ] ] ] } },
{ "type": "Feature", "properties": { "ID": 4, "Area_ha": 9054090.08, "x": 5697984.184, "y": 7824238.616, "CD_GEOCOD": "3149804", "NM_MUNICI": "Perdizes", "NM_MESO": "Triângulo Mineiro e Alto Paranaíba", "NM_MICRO": "ARAXÁ" }, "geometry": { "type": "MultiPolygon", "coordinates": [ [ [ [ 5698754.266141167841852, 7825035.008492022752762 ], [ 5698741.459758427925408, 7824705.117188176140189 ], [ 5698769.720803264528513, 7824704.017791394144297 ], [ 5698768.556446544826031, 7824674.027661985717714 ], [ 5698796.817442184314132, 7824672.928208003751934 ], [ 5698795.653022553771734, 7824642.93806616961956 ], [ 5698823.913968993350863, 7824641.838554982095957 ], [ 5698822.749486451037228, 7824611.84840072132647 ], [ 5698851.010383690707386, 7824610.748832330107689 ], [ 5698849.84583823569119, 7824580.758665639907122 ], [ 5698878.10668627358973, 7824579.65904004778713 ], [ 5698875.777454094029963, 7824519.678682124242187 ], [ 5698904.038205458782613, 7824518.578986583277583 ], [ 5698902.873518732376397, 7824488.588795351795852 ], [ 5698931.134220892563462, 7824487.489042608067393 ], [ 5698929.96947124786675, 7824457.498838946223259 ], [ 5698958.230124205350876, 7824456.399028988555074 ], [ 5698950.076111936941743, 7824246.467522891238332 ], [ 5698921.815791313536465, 7824247.567422017455101 ], [ 5698920.650918118655682, 7824217.577220844104886 ], [ 5698892.390643243677914, 7824218.677088236436248 ], [ 5698887.731185948476195, 7824098.716337598860264 ], [ 5698859.47109926212579, 7824099.816211468540132 ], [ 5698858.306243812665343, 7824069.826037320308387 ], [ 5698830.046202877536416, 7824070.925879452377558 ], [ 5698827.716540616936982, 7824010.945557565428317 ], [ 5698771.196643483825028, 7824013.145159344188869 ], [ 5698764.207855922169983, 7823833.204353961162269 ], [ 5698735.948189669288695, 7823834.304164543747902 ], [ 5698734.783385188318789, 7823804.314044132828712 ], [ 5698678.26414246391505, 7823806.513557321392 ], [ 5698674.769921313971281, 7823716.543274352326989 ], [ 5698646.510439820587635, 7823717.643002422526479 ], [ 5698644.180976841598749, 7823657.662840792909265 ], [ 5698615.921588596887887, 7823658.762549847364426 ], [ 5698614.756881441920996, 7823628.772482226602733 ], [ 5698586.497538956813514, 7823629.872159529477358 ], [ 5698584.168173318728805, 7823569.892050683498383 ], [ 5698442.871909845620394, 7823575.389897225424647 ], [ 5698444.036362922750413, 7823605.379887847229838 ], [ 5697794.071901490911841, 7823630.655365327373147 ], [ 5697795.235246850177646, 7823660.64506364800036 ], [ 5696749.636567670851946, 7823701.25576694495976 ], [ 5696753.121240058913827, 7823791.223453279584646 ], [ 5696724.861641015857458, 7823792.320156576111913 ], [ 5696737.637065323069692, 7824122.201556830666959 ], [ 5697274.57907585427165, 7824101.359242593869567 ], [ 5697279.227831208147109, 7824221.317089961841702 ], [ 5697307.488109674304724, 7824220.21973212249577 ], [ 5697313.298944583162665, 7824370.167111743241549 ], [ 5697341.559458703733981, 7824369.069772977381945 ], [ 5697358.990364259108901, 7824818.912148280069232 ], [ 5697924.214525060728192, 7824796.95984860882163 ], [ 5697925.377411465160549, 7824826.94959706813097 ], [ 5697953.638648836873472, 7824825.851527934893966 ], [ 5697959.453086862340569, 7824975.800338448956609 ], [ 5698015.976031061261892, 7824973.604194021783769 ], [ 5698017.138967323116958, 7825003.593982489779592 ], [ 5698582.368978406302631, 7824981.623011397197843 ], [ 5698584.696703125722706, 7825041.603098426014185 ], [ 5698754.266141167841852, 7825035.008492022752762 ] ] ] ] } },
{ "type": "Feature", "properties": { "ID": 4, "Area_ha": 9054090.08, "x": 5576552.948, "y": 7827693.535, "CD_GEOCOD": "3171105", "NM_MUNICI": "Veríssimo", "NM_MESO": "Triângulo Mineiro e Alto Paranaíba", "NM_MICRO": "UBERABA" }, "geometry": { "type": "MultiPolygon", "coordinates": [ [ [ [ 5576625.532724984921515, 7827751.14587933383882 ], [ 5576621.691785480827093, 7827631.386229404248297 ], [ 5576480.363567464053631, 7827635.924676833674312 ], [ 5576484.203560420311987, 7827755.68411660194397 ], [ 5576625.532724984921515, 7827751.14587933383882 ] ] ] ] } },
{ "type": "Feature", "properties": { "ID": 4, "Area_ha": 9054090.08, "x": 5366410.626, "y": 7833287.214, "CD_GEOCOD": "3138625", "NM_MUNICI": "Limeira do Oeste", "NM_MESO": "Triângulo Mineiro e Alto Paranaíba", "NM_MICRO": "FRUTAL" }, "geometry": { "type": "MultiPolygon", "coordinates": [ [ [ [ 5365988.692180714569986, 7833608.149492088705301 ], [ 5365988.083818824961782, 7833578.273598252795637 ], [ 5366129.458825003355742, 7833575.392620826140046 ], [ 5366128.850219519808888, 7833545.516693059355021 ], [ 5366270.224967496469617, 7833542.634569594636559 ], [ 5366269.616118412464857, 7833512.758607884868979 ], [ 5366382.71571203880012, 7833510.452081276103854 ], [ 5366382.106666453182697, 7833480.576092291623354 ], [ 5366523.480902531184256, 7833477.69189921207726 ], [ 5366522.871613331139088, 7833447.815876261331141 ], [ 5366635.970797420479357, 7833445.507693925872445 ], [ 5366635.361311707645655, 7833415.6316436836496 ], [ 5366776.735035840421915, 7833412.74538089800626 ], [ 5366776.125306501053274, 7833382.869296670891345 ], [ 5366860.949388751760125, 7833381.136984830722213 ], [ 5366860.339509996585548, 7833351.26087998598814 ], [ 5367001.712726687081158, 7833348.372769947163761 ], [ 5367001.102604293264449, 7833318.496631092391908 ], [ 5367114.200972837395966, 7833316.185315118171275 ], [ 5367111.759648539125919, 7833196.680647050961852 ], [ 5366998.662033771164715, 7833198.992070089094341 ], [ 5366995.611138487234712, 7833049.611356259323657 ], [ 5366967.336968090385199, 7833050.189134189859033 ], [ 5366966.726811863481998, 7833020.312996433116496 ], [ 5366938.452687673270702, 7833020.890736540779471 ], [ 5366937.842570470646024, 7832991.014604914933443 ], [ 5366881.294413591735065, 7832992.169964955188334 ], [ 5366880.684382528997958, 7832962.293846146203578 ], [ 5366767.588246325962245, 7832964.604058777913451 ], [ 5366768.198088921606541, 7832994.480150833725929 ], [ 5366683.375835873186588, 7832996.212322827428579 ], [ 5366683.985529031604528, 7833026.088394267484546 ], [ 5366570.888990443199873, 7833028.397306966595352 ], [ 5366571.498487051576376, 7833058.273351112380624 ], [ 5366486.675932223908603, 7833060.00454817712307 ], [ 5366487.285279402509332, 7833089.880571721121669 ], [ 5366374.188338455744088, 7833092.188184544444084 ], [ 5366374.79748909547925, 7833122.064180808141828 ], [ 5366205.151767749339342, 7833125.524224540218711 ], [ 5366205.760627629235387, 7833155.400180180557072 ], [ 5365979.56590476911515, 7833160.01102564483881 ], [ 5365980.174379670992494, 7833189.886927334591746 ], [ 5365895.351202293299139, 7833191.615239894017577 ], [ 5365895.959527788683772, 7833221.49112101085484 ], [ 5365754.587311796844006, 7833224.370718341320753 ], [ 5365757.019590872339904, 7833343.874103806912899 ], [ 5365785.294224323704839, 7833343.298300037160516 ], [ 5365787.118490247055888, 7833432.925853248685598 ], [ 5365843.668037078343332, 7833431.774152195081115 ], [ 5365847.316916349343956, 7833611.029323497787118 ], [ 5365988.692180714569986, 7833608.149492088705301 ] ] ] ] } },
{ "type": "Feature", "properties": { "ID": 4, "Area_ha": 9054090.08, "x": 5577025.846, "y": 7827547.562, "CD_GEOCOD": "3171105", "NM_MUNICI": "Veríssimo", "NM_MESO": "Triângulo Mineiro e Alto Paranaíba", "NM_MICRO": "UBERABA" }, "geometry": { "type": "MultiPolygon", "coordinates": [ [ [ [ 5577137.200548075139523, 7827824.619318593293428 ], [ 5577133.356353882700205, 7827704.858912502415478 ], [ 5577076.82483846321702, 7827706.67596385627985 ], [ 5577069.136595715768635, 7827467.155316537246108 ], [ 5577097.401975501328707, 7827466.246728965081275 ], [ 5577093.55735900439322, 7827346.486361520364881 ], [ 5576895.700995808467269, 7827352.845834410749376 ], [ 5576899.544286964461207, 7827472.60590741224587 ], [ 5576927.809675332158804, 7827471.697586858645082 ], [ 5576929.731339149177074, 7827531.57764395698905 ], [ 5577014.527779661118984, 7827528.852478362619877 ], [ 5577024.136754296720028, 7827828.253075024113059 ], [ 5577137.200548075139523, 7827824.619318593293428 ] ] ] ] } },
{ "type": "Feature", "properties": { "ID": 4, "Area_ha": 9054090.08, "x": 5649477.219, "y": 7825031.318, "CD_GEOCOD": "3170107", "NM_MUNICI": "Uberaba", "NM_MESO": "Triângulo Mineiro e Alto Paranaíba", "NM_MICRO": "UBERABA" }, "geometry": { "type": "MultiPolygon", "coordinates": [ [ [ [ 5649505.043288599699736, 7825682.644658090546727 ], [ 5649503.961143099702895, 7825652.675939554348588 ], [ 5649588.74872265662998, 7825649.608802510425448 ], [ 5649587.666420562192798, 7825619.64004860445857 ], [ 5649615.928896447643638, 7825618.617568781599402 ], [ 5649613.764154380187392, 7825558.680037735030055 ], [ 5649642.026533821597695, 7825557.657489745877683 ], [ 5649640.944093846715987, 7825527.688712602481246 ], [ 5649669.206424261443317, 7825526.666108289733529 ], [ 5649668.12392251752317, 7825496.697319453582168 ], [ 5649724.648483681492507, 7825494.651953679509461 ], [ 5649723.565872749313712, 7825464.683141313493252 ], [ 5649751.828103496693075, 7825463.660379855893552 ], [ 5649750.745430793613195, 7825433.691555791534483 ], [ 5649779.007612511515617, 7825432.668738001957536 ], [ 5649777.924878034740686, 7825402.699902245774865 ], [ 5649806.187010722234845, 7825401.677028128877282 ], [ 5649800.77288593351841, 7825251.832792352885008 ], [ 5649942.082339659333229, 7825246.717458330094814 ], [ 5649940.999234519898891, 7825216.748552402481437 ], [ 5649969.261073007248342, 7825215.725340278819203 ], [ 5649968.177906086668372, 7825185.756422654725611 ], [ 5649996.439695539884269, 7825184.733154192566872 ], [ 5649995.356466835364699, 7825154.764224871993065 ], [ 5650023.618207250721753, 7825153.740900073200464 ], [ 5650022.534916762262583, 7825123.77195905521512 ], [ 5650050.796608141623437, 7825122.748577916994691 ], [ 5650049.713255867362022, 7825092.779625203460455 ], [ 5650077.974898207001388, 7825091.756187722086906 ], [ 5650076.891484146937728, 7825061.787223309278488 ], [ 5650105.153077447786927, 7825060.763729488477111 ], [ 5650104.069601599127054, 7825030.794753378257155 ], [ 5650132.331145861186087, 7825029.771203219890594 ], [ 5650131.247608222998679, 7824999.802215409465134 ], [ 5650159.5091034444049, 7824998.778608905151486 ], [ 5650158.425504015758634, 7824968.809609394520521 ], [ 5650186.686950195580721, 7824967.785946547985077 ], [ 5650185.603288974612951, 7824937.816935339942575 ], [ 5650242.126081638038158, 7824935.769452455453575 ], [ 5650241.042311193421483, 7824905.800417700782418 ], [ 5650269.303657677024603, 7824904.776597663760185 ], [ 5650268.219825437292457, 7824874.807551208883524 ], [ 5650296.481122875586152, 7824873.783674824982882 ], [ 5650295.39722883887589, 7824843.814616668969393 ], [ 5650323.658477234654129, 7824842.790683936327696 ], [ 5650322.57452140096575, 7824812.82161407917738 ], [ 5650350.835720749571919, 7824811.797624999657273 ], [ 5650349.751703117974102, 7824781.82854344137013 ], [ 5650378.012853420339525, 7824780.804498011246324 ], [ 5650375.844680190086365, 7824720.866311645135283 ], [ 5650404.105734011158347, 7824719.842198008671403 ], [ 5650403.021578410640359, 7824689.873093198984861 ], [ 5650459.543586341664195, 7824687.824708726257086 ], [ 5650458.459321501664817, 7824657.855580359697342 ], [ 5650486.720275612547994, 7824656.831309520639479 ], [ 5650485.635948967188597, 7824626.862169452011585 ], [ 5650513.896854027174413, 7824625.83784225396812 ], [ 5650509.559214004315436, 7824505.961236076429486 ], [ 5650311.73417299054563, 7824513.130923755466938 ], [ 5650313.902357592247427, 7824573.069060624577105 ], [ 5650200.859062020666897, 7824577.164951138198376 ], [ 5650201.942943021655083, 7824607.133972400799394 ], [ 5650145.421190686523914, 7824609.181626946665347 ], [ 5650146.504962450824678, 7824639.150624660775065 ], [ 5650089.983108791522682, 7824641.198077502660453 ], [ 5650091.066771321929991, 7824671.167051676660776 ], [ 5650062.805794637650251, 7824672.190699500963092 ], [ 5650063.889395372010767, 7824702.159661976620555 ], [ 5650035.628369641490281, 7824703.183253452181816 ], [ 5650036.711908580735326, 7824733.152204235084355 ], [ 5649980.189757412299514, 7824735.199229991994798 ], [ 5649983.440003475174308, 7824825.106012157164514 ], [ 5649926.917561257258058, 7824827.152788852341473 ], [ 5649928.000853031873703, 7824857.121692850254476 ], [ 5649617.126783884130418, 7824868.375652777031064 ], [ 5649614.961229497566819, 7824808.438105423003435 ], [ 5649332.349218902178109, 7824818.664542462676764 ], [ 5649328.019835297949612, 7824698.789922919124365 ], [ 5649243.236769930459559, 7824701.857128275558352 ], [ 5649242.154530477710068, 7824671.888509249314666 ], [ 5649185.632573720067739, 7824673.933113973587751 ], [ 5649184.550414797849953, 7824643.964518753811717 ], [ 5648760.636245447210968, 7824659.293557555414736 ], [ 5648762.799125894904137, 7824719.230393372476101 ], [ 5648706.277019553817809, 7824721.273461387492716 ], [ 5648707.358343414962292, 7824751.241855872794986 ], [ 5648679.097240397706628, 7824752.263311304152012 ], [ 5648688.828083436004817, 7825021.9787617623806 ], [ 5648632.3050188254565, 7825024.021326361224055 ], [ 5648636.629085990600288, 7825143.894769090227783 ], [ 5648721.414249614812434, 7825140.830997294746339 ], [ 5648722.495372862555087, 7825170.799393802881241 ], [ 5648779.018902090378106, 7825168.7566804504022 ], [ 5648781.1812952933833, 7825228.693521186709404 ], [ 5649035.537950850091875, 7825219.499321518465877 ], [ 5649036.619552766904235, 7825249.467848537489772 ], [ 5649093.143331157043576, 7825247.424227292649448 ], [ 5649094.225013583898544, 7825277.392778110690415 ], [ 5649292.05851923301816, 7825270.23878507129848 ], [ 5649300.714118029922247, 7825509.987859440967441 ], [ 5649328.976420338265598, 7825508.965777138248086 ], [ 5649333.304065186530352, 7825628.840365167707205 ], [ 5649361.566555552184582, 7825627.818285714834929 ], [ 5649362.648478322662413, 7825657.786944925785065 ], [ 5649390.911014496348798, 7825656.764832818880677 ], [ 5649391.992970337159932, 7825686.733504010364413 ], [ 5649505.043288599699736, 7825682.644658090546727 ] ] ] ] } },
{ "type": "Feature", "properties": { "ID": 4, "Area_ha": 9054090.08, "x": 5368115.22, "y": 7832545.612, "CD_GEOCOD": "3138625", "NM_MUNICI": "Limeira do Oeste", "NM_MESO": "Triângulo Mineiro e Alto Paranaíba", "NM_MICRO": "FRUTAL" }, "geometry": { "type": "MultiPolygon", "coordinates": [ [ [ [ 5368204.052316021174192, 7832666.207566223107278 ], [ 5368200.990600842051208, 7832516.825364269316196 ], [ 5368172.717270692810416, 7832517.405170438811183 ], [ 5368170.26794087793678, 7832397.899425700306892 ], [ 5368057.175365200266242, 7832400.218312508426607 ], [ 5368059.011809200979769, 7832489.847541380673647 ], [ 5368030.738521615043283, 7832490.427131642587483 ], [ 5368034.410907670855522, 7832669.685534097254276 ], [ 5368204.052316021174192, 7832666.207566223107278 ] ] ] ] } },
{ "type": "Feature", "properties": { "ID": 4, "Area_ha": 9054090.08, "x": 5376151.648, "y": 7831494.981, "CD_GEOCOD": "3170438", "NM_MUNICI": "União de Minas", "NM_MESO": "Triângulo Mineiro e Alto Paranaíba", "NM_MICRO": "FRUTAL" }, "geometry": { "type": "MultiPolygon", "coordinates": [ [ [ [ 5376186.660952244885266, 7831603.991779092699289 ], [ 5376185.409118397161365, 7831544.235027370974422 ], [ 5376213.680913581512868, 7831543.642391383647919 ], [ 5376213.054937060922384, 7831513.76400785241276 ], [ 5376241.326684159226716, 7831513.171320477500558 ], [ 5376238.822506483644247, 7831393.657753506675363 ], [ 5376097.464704695157707, 7831396.620882139541209 ], [ 5376098.716338602825999, 7831456.377598154358566 ], [ 5376070.444681137800217, 7831456.970076552592218 ], [ 5376073.57338497787714, 7831606.361822827719152 ], [ 5376186.660952244885266, 7831603.991779092699289 ] ] ] ] } },
{ "type": "Feature", "properties": { "ID": 4, "Area_ha": 9054090.08, "x": 5397878.187, "y": 7830426.344, "CD_GEOCOD": "3111101", "NM_MUNICI": "Campina Verde", "NM_MESO": "Triângulo Mineiro e Alto Paranaíba", "NM_MICRO": "FRUTAL" }, "geometry": { "type": "MultiPolygon", "coordinates": [ [ [ [ 5398058.219060432165861, 7830653.837765131145716 ], [ 5398055.568791990168393, 7830534.302384606562555 ], [ 5398027.298588573932648, 7830534.929577983915806 ], [ 5398022.66061101295054, 7830325.742693552747369 ], [ 5397853.041351409628987, 7830329.505222934298217 ], [ 5397851.716702160425484, 7830269.737624172121286 ], [ 5397795.177129794843495, 7830270.99147323705256 ], [ 5397794.514886376447976, 7830241.107687600888312 ], [ 5397681.435918532311916, 7830243.614880123175681 ], [ 5397684.746104181744158, 7830393.033658334985375 ], [ 5397713.016083545982838, 7830392.406963263638318 ], [ 5397713.678141539916396, 7830422.290724650025368 ], [ 5397741.948167100548744, 7830421.663992276415229 ], [ 5397743.272351131774485, 7830481.431528036482632 ], [ 5397771.542470066808164, 7830480.804765615612268 ], [ 5397772.204596102237701, 7830510.688539991155267 ], [ 5397941.825572053901851, 7830506.92707347869873 ], [ 5397945.137485978193581, 7830656.346155339851975 ], [ 5398058.219060432165861, 7830653.837765131145716 ] ] ] ] } },
{ "type": "Feature", "properties": { "ID": 4, "Area_ha": 9054090.08, "x": 5380459.281, "y": 7830348.104, "CD_GEOCOD": "3170438", "NM_MUNICI": "União de Minas", "NM_MESO": "Triângulo Mineiro e Alto Paranaíba", "NM_MICRO": "FRUTAL" }, "geometry": { "type": "MultiPolygon", "coordinates": [ [ [ [ 5380517.087862107902765, 7830406.66372506506741 ], [ 5380514.553873282857239, 7830287.145892729982734 ], [ 5380401.47461942397058, 7830289.544507727958262 ], [ 5380404.007853416725993, 7830409.06222915276885 ], [ 5380517.087862107902765, 7830406.66372506506741 ] ] ] ] } },
{ "type": "Feature", "properties": { "ID": 4, "Area_ha": 9054090.08, "x": 5574162.736, "y": 7825075.638, "CD_GEOCOD": "3171105", "NM_MUNICI": "Veríssimo", "NM_MESO": "Triângulo Mineiro e Alto Paranaíba", "NM_MICRO": "UBERABA" }, "geometry": { "type": "MultiPolygon", "coordinates": [ [ [ [ 5574251.785672252997756, 7825189.890530275180936 ], [ 5574250.828173994086683, 7825159.95146051235497 ], [ 5574279.089903887361288, 7825159.046352539211512 ], [ 5574274.301985511556268, 7825009.350950239226222 ], [ 5574246.040492520667613, 7825010.256110519170761 ], [ 5574245.082918190397322, 7824980.317040283232927 ], [ 5574160.298572802916169, 7824983.032285219058394 ], [ 5574159.341127943247557, 7824953.093246278353035 ], [ 5574046.295503657311201, 7824956.71299103833735 ], [ 5574050.124448925256729, 7825076.468978984281421 ], [ 5574078.386046663857996, 7825075.564151446335018 ], [ 5574082.214978660456836, 7825195.32017994299531 ], [ 5574251.785672252997756, 7825189.890530275180936 ] ] ] ] } },
{ "type": "Feature", "properties": { "ID": 4, "Area_ha": 9054090.08, "x": 5351547.835, "y": 7830706.559, "CD_GEOCOD": "3138625", "NM_MUNICI": "Limeira do Oeste", "NM_MESO": "Triângulo Mineiro e Alto Paranaíba", "NM_MICRO": "FRUTAL" }, "geometry": { "type": "MultiPolygon", "coordinates": [ [ [ [ 5351455.625851258635521, 7831029.500700762495399 ], [ 5351453.870852139778435, 7830939.882894952781498 ], [ 5351482.141692223027349, 7830939.328948065638542 ], [ 5351480.386481877416372, 7830849.71111776214093 ], [ 5351508.657179621979594, 7830849.157107100822031 ], [ 5351505.731438215821981, 7830699.794012842699885 ], [ 5351647.083734909072518, 7830697.023131004534662 ], [ 5351646.498327573761344, 7830667.150478361174464 ], [ 5351844.391176130622625, 7830663.269327338784933 ], [ 5351842.048148727044463, 7830543.778531463816762 ], [ 5351757.237499092705548, 7830545.442226193845272 ], [ 5351756.651864329352975, 7830515.569544986821711 ], [ 5351671.841348314657807, 7830517.232857862487435 ], [ 5351671.255847281776369, 7830487.360195295885205 ], [ 5351529.905205596238375, 7830490.131524156779051 ], [ 5351530.490470814518631, 7830520.004154693335295 ], [ 5351473.950113698840141, 7830521.112361473962665 ], [ 5351477.460976257920265, 7830700.348055524751544 ], [ 5351364.37911969050765, 7830702.563780639320612 ], [ 5351366.718785168603063, 7830822.054129153490067 ], [ 5351338.448130213655531, 7830822.607923420146108 ], [ 5351342.541916363872588, 7831031.715965914539993 ], [ 5351455.625851258635521, 7831029.500700762495399 ] ] ] ] } },
{ "type": "Feature", "properties": { "ID": 4, "Area_ha": 9054090.08, "x": 5573728.41, "y": 7824747.328, "CD_GEOCOD": "3111408", "NM_MUNICI": "Campo Florido", "NM_MESO": "Triângulo Mineiro e Alto Paranaíba", "NM_MICRO": "UBERABA" }, "geometry": { "type": "MultiPolygon", "coordinates": [ [ [ [ 5573871.94197922386229, 7824812.44659866578877 ], [ 5573868.113714986480772, 7824692.690858753398061 ], [ 5573811.591730116866529, 7824694.500117428600788 ], [ 5573810.634727159515023, 7824664.561203153803945 ], [ 5573641.069022660143673, 7824669.987972630187869 ], [ 5573642.025741284713149, 7824699.926824206486344 ], [ 5573585.50373360235244, 7824701.735370045527816 ], [ 5573589.330102353356779, 7824821.490691939368844 ], [ 5573871.94197922386229, 7824812.44659866578877 ] ] ] ] } },
{ "type": "Feature", "properties": { "ID": 4, "Area_ha": 9054090.08, "x": 5369044.461, "y": 7829961.269, "CD_GEOCOD": "3138625", "NM_MUNICI": "Limeira do Oeste", "NM_MESO": "Triângulo Mineiro e Alto Paranaíba", "NM_MICRO": "FRUTAL" }, "geometry": { "type": "MultiPolygon", "coordinates": [ [ [ [ 5369008.048741120845079, 7830497.674123891629279 ], [ 5369007.434414538554847, 7830467.797443034127355 ], [ 5369092.244698852300644, 7830466.052378150634468 ], [ 5369090.401245729066432, 7830376.42227173410356 ], [ 5369175.211097250692546, 7830374.676745284348726 ], [ 5369173.367146302014589, 7830285.046573339030147 ], [ 5369201.636953455395997, 7830284.46462188847363 ], [ 5369196.104236305691302, 7830015.574015516787767 ], [ 5369224.373617949895561, 7830014.991958966478705 ], [ 5369221.29936527647078, 7829865.608235687948763 ], [ 5369249.568510097451508, 7829865.026100932620466 ], [ 5369242.188906766474247, 7829506.505027692764997 ], [ 5369270.457484430633485, 7829505.922767644748092 ], [ 5369266.766959814354777, 7829326.662160670384765 ], [ 5369295.035253407433629, 7829326.079815688543022 ], [ 5369294.623547546565533, 7829306.084926621057093 ], [ 5369286.867361556738615, 7829306.44988270662725 ], [ 5369215.46477724891156, 7829314.464526397176087 ], [ 5369181.927437907084823, 7829326.728254402056336 ], [ 5369183.191997815854847, 7829388.162425676360726 ], [ 5369154.923606161959469, 7829388.744578897021711 ], [ 5369156.153403497301042, 7829448.498060749843717 ], [ 5369017.551753997802734, 7829451.351662086322904 ], [ 5369014.830695977434516, 7829452.367432307451963 ], [ 5369015.425610042177141, 7829481.284797433763742 ], [ 5368987.157071307301521, 7829481.866663025692105 ], [ 5368990.229965763166547, 7829631.250153452157974 ], [ 5368933.692413650453091, 7829632.413683695718646 ], [ 5368934.30687375087291, 7829662.290366668254137 ], [ 5368906.038049131631851, 7829662.872058207169175 ], [ 5368910.953059505671263, 7829901.885448223911226 ], [ 5368826.145447718910873, 7829903.630094130523503 ], [ 5368829.830514503642917, 7830082.889992319978774 ], [ 5368801.561025662347674, 7830083.471411503851414 ], [ 5368806.473615061491728, 7830322.484524197876453 ], [ 5368834.743481307290494, 7830321.903158769011497 ], [ 5368838.427864724770188, 7830501.163010250777006 ], [ 5369008.048741120845079, 7830497.674123891629279 ] ] ] ] } },
{ "type": "Feature", "properties": { "ID": 4, "Area_ha": 9054090.08, "x": 5369235.663, "y": 7829245.662, "CD_GEOCOD": "3134400", "NM_MUNICI": "Iturama", "NM_MESO": "Triângulo Mineiro e Alto Paranaíba", "NM_MICRO": "FRUTAL" }, "geometry": { "type": "MultiPolygon", "coordinates": [ [ [ [ 5369291.959356263279915, 7829176.695927632972598 ], [ 5369178.887120290659368, 7829179.025174618698657 ], [ 5369181.927437907084823, 7829326.728254402056336 ], [ 5369215.46477724891156, 7829314.464526397176087 ], [ 5369286.867361556738615, 7829306.44988270662725 ], [ 5369294.623547546565533, 7829306.084926621057093 ], [ 5369291.959356263279915, 7829176.695927632972598 ] ] ], [ [ [ 5369014.810959544032812, 7829451.408090961165726 ], [ 5369014.830695977434516, 7829452.367432307451963 ], [ 5369017.551753997802734, 7829451.351662086322904 ], [ 5369014.810959544032812, 7829451.408090961165726 ] ] ] ] } },
{ "type": "Feature", "properties": { "ID": 4, "Area_ha": 9054090.08, "x": 5673789.109, "y": 7820449.728, "CD_GEOCOD": "3156908", "NM_MUNICI": "Sacramento", "NM_MESO": "Triângulo Mineiro e Alto Paranaíba", "NM_MICRO": "ARAXÁ" }, "geometry": { "type": "MultiPolygon", "coordinates": [ [ [ [ 5673822.427510875277221, 7820583.571475580334663 ], [ 5673816.800830118358135, 7820433.675822213292122 ], [ 5673873.309366394765675, 7820431.550526958890259 ], [ 5673868.807373494841158, 7820311.633910189382732 ], [ 5673755.79105491284281, 7820315.884518791921437 ], [ 5673761.417557982727885, 7820465.780044928193092 ], [ 5673704.908913221210241, 7820467.904959194362164 ], [ 5673709.409467431716621, 7820587.821286039426923 ], [ 5673822.427510875277221, 7820583.571475580334663 ] ] ] ] } },
{ "type": "Feature", "properties": { "ID": 4, "Area_ha": 9054090.08, "x": 5365105.681, "y": 7828440.531, "CD_GEOCOD": "3138625", "NM_MUNICI": "Limeira do Oeste", "NM_MESO": "Triângulo Mineiro e Alto Paranaíba", "NM_MICRO": "FRUTAL" }, "geometry": { "type": "MultiPolygon", "coordinates": [ [ [ [ 5365177.870020598173141, 7828513.780001381412148 ], [ 5365174.82713087182492, 7828364.400878926739097 ], [ 5365033.493252011947334, 7828367.281002555042505 ], [ 5365036.534961462020874, 7828516.659958770498633 ], [ 5365177.870020598173141, 7828513.780001381412148 ] ] ] ] } },
{ "type": "Feature", "properties": { "ID": 4, "Area_ha": 9054090.08, "x": 5380001.89, "y": 7828115.842, "CD_GEOCOD": "3134400", "NM_MUNICI": "Iturama", "NM_MESO": "Triângulo Mineiro e Alto Paranaíba", "NM_MICRO": "FRUTAL" }, "geometry": { "type": "MultiPolygon", "coordinates": [ [ [ [ 5380046.189610816538334, 7828204.580846176482737 ], [ 5380045.556213456206024, 7828174.701453206129372 ], [ 5380073.822687526233494, 7828174.101864829659462 ], [ 5380070.655338861979544, 7828024.704857346601784 ], [ 5379957.590381382964551, 7828027.103081706911325 ], [ 5379958.223678984679282, 7828056.982456587255001 ], [ 5379929.957390025258064, 7828057.58189426921308 ], [ 5379933.123516193591058, 7828206.978726057335734 ], [ 5380046.189610816538334, 7828204.580846176482737 ] ] ] ] } },
{ "type": "Feature", "properties": { "ID": 4, "Area_ha": 9054090.08, "x": 5693267.822, "y": 7818550.34, "CD_GEOCOD": "3149804", "NM_MUNICI": "Perdizes", "NM_MESO": "Triângulo Mineiro e Alto Paranaíba", "NM_MICRO": "ARAXÁ" }, "geometry": { "type": "MultiPolygon", "coordinates": [ [ [ [ 5693354.893753443844616, 7818607.033837468363345 ], [ 5693350.258107827045023, 7818487.082856413908303 ], [ 5693180.75094654597342, 7818493.64596526697278 ], [ 5693185.385449914261699, 7818613.59664342366159 ], [ 5693354.893753443844616, 7818607.033837468363345 ] ] ] ] } },
{ "type": "Feature", "properties": { "ID": 4, "Area_ha": 9054090.08, "x": 5365304.116, "y": 7828246.608, "CD_GEOCOD": "3138625", "NM_MUNICI": "Limeira do Oeste", "NM_MESO": "Triângulo Mineiro e Alto Paranaíba", "NM_MICRO": "FRUTAL" }, "geometry": { "type": "MultiPolygon", "coordinates": [ [ [ [ 5365372.69452309794724, 7828360.366832792758942 ], [ 5365372.085590497590601, 7828330.490960044786334 ], [ 5365400.352309965528548, 7828329.91448269970715 ], [ 5365396.089225606061518, 7828120.783311133272946 ], [ 5365254.757271718233824, 7828123.665484754368663 ], [ 5365255.366071860305965, 7828153.541334828361869 ], [ 5365227.099631138145924, 7828154.117629101499915 ], [ 5365228.317112821154296, 7828213.869314258918166 ], [ 5365200.050576755777001, 7828214.445550625212491 ], [ 5365203.093903916887939, 7828363.824720408767462 ], [ 5365372.69452309794724, 7828360.366832792758942 ] ] ] ] } },
{ "type": "Feature", "properties": { "ID": 4, "Area_ha": 9054090.08, "x": 5384414.181, "y": 7827899.233, "CD_GEOCOD": "3134400", "NM_MUNICI": "Iturama", "NM_MESO": "Triângulo Mineiro e Alto Paranaíba", "NM_MICRO": "FRUTAL" }, "geometry": { "type": "MultiPolygon", "coordinates": [ [ [ [ 5384627.276767107658088, 7828196.50867261365056 ], [ 5384622.148352236486971, 7827957.464502250775695 ], [ 5384593.882220281288028, 7827958.071298204362392 ], [ 5384590.676921402104199, 7827808.668709617108107 ], [ 5384449.34742801822722, 7827811.702195517718792 ], [ 5384442.938555736094713, 7827512.897328926250339 ], [ 5384414.67312653362751, 7827513.503962321206927 ], [ 5384414.032239902764559, 7827483.623479763045907 ], [ 5384272.705315724015236, 7827486.656012685969472 ], [ 5384281.67365054320544, 7827904.982230555266142 ], [ 5384253.407601563259959, 7827905.588505359366536 ], [ 5384254.048086103983223, 7827935.468938536942005 ], [ 5384225.781988937407732, 7827936.075161746703088 ], [ 5384228.343653430230916, 7828055.596861181780696 ], [ 5384256.609939506277442, 7828054.990665964782238 ], [ 5384258.531240560114384, 7828144.631955994293094 ], [ 5384286.797667357139289, 7828144.025737177580595 ], [ 5384287.438131313771009, 7828173.906173128634691 ], [ 5384485.303422675468028, 7828169.661441841162741 ], [ 5384485.944208720698953, 7828199.541926272213459 ], [ 5384627.276767107658088, 7828196.50867261365056 ] ] ] ] } },
{ "type": "Feature", "properties": { "ID": 4, "Area_ha": 9054090.08, "x": 5362120.877, "y": 7828055.827, "CD_GEOCOD": "3138625", "NM_MUNICI": "Limeira do Oeste", "NM_MESO": "Triângulo Mineiro e Alto Paranaíba", "NM_MICRO": "FRUTAL" }, "geometry": { "type": "MultiPolygon", "coordinates": [ [ [ [ 5362117.182056965306401, 7828187.362600246444345 ], [ 5362116.578489826992154, 7828157.48748479411006 ], [ 5362173.11138070654124, 7828156.344637303613126 ], [ 5362171.904033603146672, 7828096.594378313049674 ], [ 5362313.235772853717208, 7828093.736413098871708 ], [ 5362310.820038420148194, 7827974.235756356269121 ], [ 5362112.956919270567596, 7827978.236780136823654 ], [ 5362112.353296224959195, 7827948.361660705879331 ], [ 5361971.022705879993737, 7827951.218229668214917 ], [ 5361974.039560779929161, 7828100.593656316399574 ], [ 5362002.305916743353009, 7828100.022464696317911 ], [ 5362004.116075526922941, 7828189.647733636200428 ], [ 5362117.182056965306401, 7828187.362600246444345 ] ] ] ] } },
{ "type": "Feature", "properties": { "ID": 4, "Area_ha": 9054090.08, "x": 5697901.841, "y": 7817664.491, "CD_GEOCOD": "3149804", "NM_MUNICI": "Perdizes", "NM_MESO": "Triângulo Mineiro e Alto Paranaíba", "NM_MICRO": "ARAXÁ" }, "geometry": { "type": "MultiPolygon", "coordinates": [ [ [ [ 5697820.008715230971575, 7817742.770408103242517 ], [ 5697818.84190434217453, 7817712.780656062066555 ], [ 5698101.341426059603691, 7817701.765159670263529 ], [ 5698096.672123675234616, 7817581.805646430701017 ], [ 5697983.673097707331181, 7817586.212583299726248 ], [ 5697984.840255973860621, 7817616.202410323545337 ], [ 5697702.34209318459034, 7817627.216504365205765 ], [ 5697707.008667415007949, 7817747.175307471305132 ], [ 5697820.008715230971575, 7817742.770408103242517 ] ] ] ] } },
{ "type": "Feature", "properties": { "ID": 4, "Area_ha": 9054090.08, "x": 5345820.546, "y": 7827732.418, "CD_GEOCOD": "3114550", "NM_MUNICI": "Carneirinho", "NM_MESO": "Triângulo Mineiro e Alto Paranaíba", "NM_MICRO": "FRUTAL" }, "geometry": { "type": "MultiPolygon", "coordinates": [ [ [ [ 5345878.231091485358775, 7827791.068838810548186 ], [ 5345875.924437177367508, 7827671.583118489943445 ], [ 5345762.861720154061913, 7827673.766552954912186 ], [ 5345765.167618959210813, 7827793.252172525972128 ], [ 5345878.231091485358775, 7827791.068838810548186 ] ] ] ] } },
{ "type": "Feature", "properties": { "ID": 4, "Area_ha": 9054090.08, "x": 5678204.915, "y": 7817505.9, "CD_GEOCOD": "3156908", "NM_MUNICI": "Sacramento", "NM_MESO": "Triângulo Mineiro e Alto Paranaíba", "NM_MICRO": "ARAXÁ" }, "geometry": { "type": "MultiPolygon", "coordinates": [ [ [ [ 5678263.683288764208555, 7817563.720136497169733 ], [ 5678259.145661873742938, 7817443.795776939019561 ], [ 5678146.14754084777087, 7817448.079169632866979 ], [ 5678150.684406055137515, 7817568.003331708721817 ], [ 5678263.683288764208555, 7817563.720136497169733 ] ] ] ] } },
{ "type": "Feature", "properties": { "ID": 4, "Area_ha": 9054090.08, "x": 5345893.257, "y": 7827050.182, "CD_GEOCOD": "3114550", "NM_MUNICI": "Carneirinho", "NM_MESO": "Triângulo Mineiro e Alto Paranaíba", "NM_MICRO": "FRUTAL" }, "geometry": { "type": "MultiPolygon", "coordinates": [ [ [ [ 5345980.333266229368746, 7827221.327055951580405 ], [ 5345974.563062933273613, 7826922.612371861934662 ], [ 5345946.298569118604064, 7826923.158633349463344 ], [ 5345945.144531364552677, 7826863.41570196300745 ], [ 5345832.086925370618701, 7826865.600351995788515 ], [ 5345833.240585233084857, 7826925.343233000487089 ], [ 5345804.97608710732311, 7826925.889271341264248 ], [ 5345810.166753830388188, 7827194.732149641960859 ], [ 5345838.431677052751184, 7827194.186167968437076 ], [ 5345839.008426895365119, 7827224.057602202519774 ], [ 5345980.333266229368746, 7827221.327055951580405 ] ] ] ] } },
{ "type": "Feature", "properties": { "ID": 4, "Area_ha": 9054090.08, "x": 5391236.647, "y": 7824765.483, "CD_GEOCOD": "3134400", "NM_MUNICI": "Iturama", "NM_MESO": "Triângulo Mineiro e Alto Paranaíba", "NM_MICRO": "FRUTAL" }, "geometry": { "type": "MultiPolygon", "coordinates": [ [ [ [ 5391261.148213549517095, 7825063.231746101751924 ], [ 5391254.617044756188989, 7824764.409266977570951 ], [ 5391282.878125734627247, 7824763.791130676865578 ], [ 5391282.22491408791393, 7824733.908872808329761 ], [ 5391310.485946790315211, 7824733.290684739127755 ], [ 5391309.832679213955998, 7824703.40841923840344 ], [ 5391338.093663641251624, 7824702.790179394185543 ], [ 5391337.44034013338387, 7824672.907906252890825 ], [ 5391365.701276283711195, 7824672.289614638313651 ], [ 5391361.780870139598846, 7824492.99592225253582 ], [ 5391248.738254914991558, 7824495.468991739675403 ], [ 5391250.69792920537293, 7824585.115754786878824 ], [ 5391222.437131050042808, 7824585.733889168128371 ], [ 5391223.090291250497103, 7824615.616135368123651 ], [ 5391194.829444816336036, 7824616.234217978082597 ], [ 5391195.482549086213112, 7824646.116456540301442 ], [ 5391167.221654376015067, 7824646.734487378969789 ], [ 5391167.874702716246247, 7824676.616718307137489 ], [ 5391139.613759729079902, 7824677.234697377309203 ], [ 5391148.101988085545599, 7825065.703560017980635 ], [ 5391261.148213549517095, 7825063.231746101751924 ] ] ] ] } },
{ "type": "Feature", "properties": { "ID": 4, "Area_ha": 9054090.08, "x": 5388519.727, "y": 7824658.626, "CD_GEOCOD": "3134400", "NM_MUNICI": "Iturama", "NM_MESO": "Triângulo Mineiro e Alto Paranaíba", "NM_MICRO": "FRUTAL" }, "geometry": { "type": "MultiPolygon", "coordinates": [ [ [ [ 5388597.42236406635493, 7824792.433144191280007 ], [ 5388594.178643366321921, 7824643.025218261405826 ], [ 5388650.700419749133289, 7824641.797209886834025 ], [ 5388648.104910488240421, 7824522.270803198218346 ], [ 5388535.062110652215779, 7824524.726754501461983 ], [ 5388535.710811621509492, 7824554.608328665606678 ], [ 5388422.667807060293853, 7824557.063537241891026 ], [ 5388423.964804881252348, 7824616.826627446338534 ], [ 5388395.703956715762615, 7824617.440303821116686 ], [ 5388398.297660344280303, 7824736.96644970215857 ], [ 5388426.558697706088424, 7824736.352801604196429 ], [ 5388427.855592708103359, 7824796.115885565057397 ], [ 5388597.42236406635493, 7824792.433144191280007 ] ] ] ] } },
{ "type": "Feature", "properties": { "ID": 4, "Area_ha": 9054090.08, "x": 5388928.439, "y": 7824411.542, "CD_GEOCOD": "3134400", "NM_MUNICI": "Iturama", "NM_MESO": "Triângulo Mineiro e Alto Paranaíba", "NM_MICRO": "FRUTAL" }, "geometry": { "type": "MultiPolygon", "coordinates": [ [ [ [ 5388986.583750455640256, 7824485.016974717378616 ], [ 5388983.336289864033461, 7824335.608527479693294 ], [ 5388870.294671910814941, 7824338.066792004741728 ], [ 5388873.541186416521668, 7824487.475097674876451 ], [ 5388986.583750455640256, 7824485.016974717378616 ] ] ] ] } },
{ "type": "Feature", "properties": { "ID": 4, "Area_ha": 9054090.08, "x": 5565445.393, "y": 7818714.017, "CD_GEOCOD": "3111408", "NM_MUNICI": "Campo Florido", "NM_MESO": "Triângulo Mineiro e Alto Paranaíba", "NM_MICRO": "UBERABA" }, "geometry": { "type": "MultiPolygon", "coordinates": [ [ [ [ 5565535.220808889716864, 7818814.518159138970077 ], [ 5565530.490628023631871, 7818664.838321700692177 ], [ 5565502.239191771484911, 7818665.732304442673922 ], [ 5565500.347127044573426, 7818605.860389318317175 ], [ 5565359.090399694629014, 7818610.329735983163118 ], [ 5565364.765018774196506, 7818789.945171516388655 ], [ 5565393.016652125865221, 7818789.051453221589327 ], [ 5565393.962425792589784, 7818818.98736906517297 ], [ 5565535.220808889716864, 7818814.518159138970077 ] ] ] ] } },
{ "type": "Feature", "properties": { "ID": 4, "Area_ha": 9054090.08, "x": 5603198.794, "y": 7817358.14, "CD_GEOCOD": "3171105", "NM_MUNICI": "Veríssimo", "NM_MESO": "Triângulo Mineiro e Alto Paranaíba", "NM_MICRO": "UBERABA" }, "geometry": { "type": "MultiPolygon", "coordinates": [ [ [ [ 5603164.158663937821984, 7817554.206021852791309 ], [ 5603163.14932828489691, 7817524.255894688889384 ], [ 5603191.398960648104548, 7817523.302414324134588 ], [ 5603190.389564119279385, 7817493.352276192978024 ], [ 5603218.639147418551147, 7817492.398740196600556 ], [ 5603216.620219285599887, 7817432.498442007228732 ], [ 5603244.869705962017179, 7817431.544839409179986 ], [ 5603243.86017435695976, 7817401.594679350964725 ], [ 5603272.10961196757853, 7817400.641021115705371 ], [ 5603270.090413672849536, 7817340.740679066628218 ], [ 5603298.339754657819867, 7817339.786954229697585 ], [ 5603297.330087967216969, 7817309.836772236973047 ], [ 5603325.579379884526134, 7817308.882991766557097 ], [ 5603324.569652310572565, 7817278.932798806577921 ], [ 5603352.818895158357918, 7817277.978962701745331 ], [ 5603348.779661380685866, 7817158.178147016093135 ], [ 5603235.783441943116486, 7817161.993399064056575 ], [ 5603236.793080119416118, 7817191.94355908036232 ], [ 5603208.543973926454782, 7817192.897249463945627 ], [ 5603209.553551218472421, 7817222.847398512065411 ], [ 5603181.304395955055952, 7817223.801033259369433 ], [ 5603183.323415454477072, 7817283.701309431344271 ], [ 5603155.074163559824228, 7817284.654877574183047 ], [ 5603156.083605769090354, 7817314.605004697106779 ], [ 5603127.834304806776345, 7817315.558517210185528 ], [ 5603128.843686135485768, 7817345.508633366785944 ], [ 5603100.594336105510592, 7817346.462090249173343 ], [ 5603102.61296368855983, 7817406.362300630658865 ], [ 5603074.363517032936215, 7817407.315690911374986 ], [ 5603075.372763290069997, 7817437.26578513905406 ], [ 5603047.123267569579184, 7817438.219119790941477 ], [ 5603051.159929191693664, 7817558.01945286989212 ], [ 5603164.158663937821984, 7817554.206021852791309 ] ] ] ] } },
{ "type": "Feature", "properties": { "ID": 4, "Area_ha": 9054090.08, "x": 5373210.951, "y": 7822698.654, "CD_GEOCOD": "3134400", "NM_MUNICI": "Iturama", "NM_MESO": "Triângulo Mineiro e Alto Paranaíba", "NM_MICRO": "FRUTAL" }, "geometry": { "type": "MultiPolygon", "coordinates": [ [ [ [ 5373316.523200248368084, 7822816.256814528256655 ], [ 5373314.027664124034345, 7822696.745255730114877 ], [ 5373285.769857492297888, 7822697.335642219521105 ], [ 5373285.146000209264457, 7822667.457757936790586 ], [ 5373313.40375950653106, 7822666.867364656180143 ], [ 5373310.908058693632483, 7822547.355794874951243 ], [ 5373197.877773276530206, 7822549.71720848698169 ], [ 5373198.50152148399502, 7822579.595074597746134 ], [ 5373170.243900460191071, 7822580.185309478081763 ], [ 5373170.867593098431826, 7822610.063168248161674 ], [ 5373142.609923803247511, 7822610.653351649641991 ], [ 5373143.233560875989497, 7822640.531203079037368 ], [ 5373114.975843312218785, 7822641.121334996074438 ], [ 5373115.599424819462001, 7822670.999179093167186 ], [ 5373087.341658987104893, 7822671.589259533211589 ], [ 5373090.459206404164433, 7822820.978437826037407 ], [ 5373316.523200248368084, 7822816.256814528256655 ] ] ] ] } },
{ "type": "Feature", "properties": { "ID": 4, "Area_ha": 9054090.08, "x": 5378825.622, "y": 7821310.299, "CD_GEOCOD": "3134400", "NM_MUNICI": "Iturama", "NM_MESO": "Triângulo Mineiro e Alto Paranaíba", "NM_MICRO": "FRUTAL" }, "geometry": { "type": "MultiPolygon", "coordinates": [ [ [ [ 5378883.717279062606394, 7821383.798027793876827 ], [ 5378880.549137462861836, 7821234.401685388758779 ], [ 5378767.527173787355423, 7821236.799598477780819 ], [ 5378770.694368083029985, 7821386.195803083479404 ], [ 5378883.717279062606394, 7821383.798027793876827 ] ] ] ] } },
{ "type": "Feature", "properties": { "ID": 4, "Area_ha": 9054090.08, "x": 5677349.574, "y": 7812809.068, "CD_GEOCOD": "3156908", "NM_MUNICI": "Sacramento", "NM_MESO": "Triângulo Mineiro e Alto Paranaíba", "NM_MICRO": "ARAXÁ" }, "geometry": { "type": "MultiPolygon", "coordinates": [ [ [ [ 5677700.233947386965156, 7813141.535033931955695 ], [ 5677699.098013351671398, 7813111.554152166470885 ], [ 5677755.583292151801288, 7813109.409861424006522 ], [ 5677753.31118837185204, 7813049.448049318045378 ], [ 5677781.553729832172394, 7813048.375812282785773 ], [ 5677778.145318758673966, 7812958.433058967813849 ], [ 5677806.387715427204967, 7812957.360740279778838 ], [ 5677798.433898231945932, 7812747.494238085113466 ], [ 5677770.191835479810834, 7812748.566643040627241 ], [ 5677769.055563685484231, 7812718.585727447643876 ], [ 5677712.571528501808643, 7812720.730427948758006 ], [ 5677711.435337143950164, 7812690.749537244439125 ], [ 5677598.467437238432467, 7812695.038451302796602 ], [ 5677597.331421730108559, 7812665.057610115967691 ], [ 5677512.605622107163072, 7812668.273863414302468 ], [ 5677511.469734746962786, 7812638.2930594291538 ], [ 5677370.26027331314981, 7812643.652649438008666 ], [ 5677360.038760407827795, 7812373.82597865909338 ], [ 5677303.555822727270424, 7812375.969723515212536 ], [ 5677300.148668659850955, 7812286.027578130364418 ], [ 5677158.942010469734669, 7812291.386342841200531 ], [ 5677164.619332958012819, 7812441.289611868560314 ], [ 5677192.860906547866762, 7812440.218009871430695 ], [ 5677201.944226222112775, 7812680.063351282849908 ], [ 5677145.46031401772052, 7812682.206313605420291 ], [ 5677146.595566239207983, 7812712.18695773743093 ], [ 5676835.933403162285686, 7812723.96991999913007 ], [ 5676839.337495842948556, 7812813.911447642371058 ], [ 5676811.095327738672495, 7812814.982320994138718 ], [ 5676815.633717824704945, 7812934.904311969876289 ], [ 5676900.360789466649294, 7812931.691705539822578 ], [ 5676901.495492703281343, 7812961.672240799292922 ], [ 5676957.980294059962034, 7812959.530304381623864 ], [ 5676959.115077740512788, 7812989.510864499956369 ], [ 5677128.56972733605653, 7812983.08405673224479 ], [ 5677129.704782251268625, 7813013.064690953120589 ], [ 5677242.674705548211932, 7813008.779308062978089 ], [ 5677243.809936296194792, 7813038.759991773404181 ], [ 5677356.780023265630007, 7813034.473943241871893 ], [ 5677357.915429842658341, 7813064.454676454886794 ], [ 5677414.400558551773429, 7813062.311408737674356 ], [ 5677415.536045558750629, 7813092.292166821658611 ], [ 5677528.506473420187831, 7813088.005144503898919 ], [ 5677529.642136247828603, 7813117.985952106304467 ], [ 5677586.127435398288071, 7813115.842197509482503 ], [ 5677587.263178649358451, 7813145.823029989376664 ], [ 5677700.233947386965156, 7813141.535033931955695 ] ] ] ] } },
{ "type": "Feature", "properties": { "ID": 4, "Area_ha": 9054090.08, "x": 5325645.573, "y": 7821507.826, "CD_GEOCOD": "3114550", "NM_MUNICI": "Carneirinho", "NM_MESO": "Triângulo Mineiro e Alto Paranaíba", "NM_MICRO": "FRUTAL" }, "geometry": { "type": "MultiPolygon", "coordinates": [ [ [ [ 5325717.846765700727701, 7821596.13896481692791 ], [ 5325715.122891540639102, 7821446.80279887933284 ], [ 5325686.867067969404161, 7821447.318401439115405 ], [ 5325686.322318931110203, 7821417.451172281056643 ], [ 5325573.299205860123038, 7821419.513158895075321 ], [ 5325576.021932378411293, 7821568.849179942160845 ], [ 5325604.2779485816136, 7821568.333779990673065 ], [ 5325604.82251968421042, 7821598.200988223776221 ], [ 5325717.846765700727701, 7821596.13896481692791 ] ] ] ] } },
{ "type": "Feature", "properties": { "ID": 4, "Area_ha": 9054090.08, "x": 5457186.693, "y": 7818136.834, "CD_GEOCOD": "3111101", "NM_MUNICI": "Campina Verde", "NM_MESO": "Triângulo Mineiro e Alto Paranaíba", "NM_MICRO": "FRUTAL" }, "geometry": { "type": "MultiPolygon", "coordinates": [ [ [ [ 5456956.49260532297194, 7818688.796533274464309 ], [ 5456953.432890066877007, 7818569.195381484925747 ], [ 5457038.186688169836998, 7818567.025033105164766 ], [ 5457037.421591781079769, 7818537.124719285406172 ], [ 5457065.67280806787312, 7818536.401172066107392 ], [ 5457064.907654137350619, 7818506.500849559903145 ], [ 5457121.409988362342119, 7818505.053604332730174 ], [ 5457120.644729431718588, 7818475.153264825232327 ], [ 5457148.895847368985415, 7818474.429566809907556 ], [ 5457145.834520943462849, 7818354.828171757049859 ], [ 5457230.58729837089777, 7818352.656709617003798 ], [ 5457229.821799164637923, 7818322.756334974430501 ], [ 5457258.072675221599638, 7818322.032416493631899 ], [ 5457257.307118465192616, 7818292.132033154368401 ], [ 5457285.557945913635194, 7818291.408061632886529 ], [ 5457284.026707206852734, 7818231.607277201488614 ], [ 5457368.778897902928293, 7818229.435044379904866 ], [ 5457362.652400297112763, 7817990.231692009605467 ], [ 5457419.153095579706132, 7817988.783180098049343 ], [ 5457415.323231891728938, 7817839.280989455059171 ], [ 5457387.073122170753777, 7817840.005309358239174 ], [ 5457383.243243514560163, 7817690.503150873817503 ], [ 5457298.493619560264051, 7817692.675966883078218 ], [ 5457297.727755974978209, 7817662.77555899694562 ], [ 5457184.728431210853159, 7817665.672053929418325 ], [ 5457192.384714120067656, 7817964.675783298909664 ], [ 5457107.633784361183643, 7817966.847435411065817 ], [ 5457109.930045307613909, 7818056.548472063615918 ], [ 5457081.679590693674982, 7818057.27224170230329 ], [ 5457088.56740169133991, 7818326.375256462953985 ], [ 5457032.065634680911899, 7818327.822511963546276 ], [ 5457032.830801663920283, 7818357.722828429192305 ], [ 5457004.579868979752064, 7818358.446380781941116 ], [ 5457005.344978418201208, 7818388.346688560210168 ], [ 5456977.093997129239142, 7818389.070187873207033 ], [ 5456977.859049024060369, 7818418.970486965961754 ], [ 5456949.608019130304456, 7818419.693933243863285 ], [ 5456950.37301348336041, 7818449.594223648309708 ], [ 5456922.121934986673295, 7818450.317616894841194 ], [ 5456925.181621741503477, 7818569.918741496279836 ], [ 5456840.427809896878898, 7818572.088553195819259 ], [ 5456843.48676588293165, 7818691.689572060480714 ], [ 5456956.49260532297194, 7818688.796533274464309 ] ] ] ] } },
{ "type": "Feature", "properties": { "ID": 4, "Area_ha": 9054090.08, "x": 5383754.1, "y": 7819102.012, "CD_GEOCOD": "3134400", "NM_MUNICI": "Iturama", "NM_MESO": "Triângulo Mineiro e Alto Paranaíba", "NM_MICRO": "FRUTAL" }, "geometry": { "type": "MultiPolygon", "coordinates": [ [ [ [ 5383899.080824573524296, 7819303.650548183359206 ], [ 5383898.438175491988659, 7819273.770004095509648 ], [ 5383926.690554858185351, 7819273.161977499723434 ], [ 5383926.047849898226559, 7819243.2814258961007 ], [ 5383982.55251092184335, 7819242.06522451620549 ], [ 5383981.909702671691775, 7819212.184658423066139 ], [ 5384010.161984328180552, 7819211.576483633369207 ], [ 5384009.519120196811855, 7819181.695910027250648 ], [ 5384037.771353477612138, 7819181.087683508172631 ], [ 5384035.19962259195745, 7819061.565355872735381 ], [ 5384006.947578962892294, 7819062.173610316589475 ], [ 5384006.304672476835549, 7819032.293034063652158 ], [ 5383836.79267495777458, 7819035.941662888042629 ], [ 5383835.507405559532344, 7818976.180592546239495 ], [ 5383750.751678289845586, 7818978.004344711080194 ], [ 5383750.10917313862592, 7818948.123829673975706 ], [ 5383665.353579453192651, 7818949.947200007736683 ], [ 5383664.711208087392151, 7818920.06670537404716 ], [ 5383579.955747987143695, 7818921.889693873934448 ], [ 5383579.313510410487652, 7818892.009219629690051 ], [ 5383466.306406472809613, 7818894.439272330142558 ], [ 5383468.874547350220382, 7819013.961054577492177 ], [ 5383497.126514443196356, 7819013.353636415675282 ], [ 5383497.768575930967927, 7819043.234087624587119 ], [ 5383526.020589476451278, 7819042.626631682738662 ], [ 5383527.304781898856163, 7819102.387546448037028 ], [ 5383555.556889311410487, 7819101.780059701763093 ], [ 5383556.199020246043801, 7819131.660523261874914 ], [ 5383584.451174107380211, 7819131.052998741157353 ], [ 5383585.093343993648887, 7819160.9334687422961 ], [ 5383613.345544304698706, 7819160.325906452722847 ], [ 5383613.987753141671419, 7819190.20638289488852 ], [ 5383670.492245702072978, 7819188.991138016805053 ], [ 5383671.776827631518245, 7819248.752117214724422 ], [ 5383700.029167288914323, 7819248.144441608339548 ], [ 5383700.671492967754602, 7819278.02493738476187 ], [ 5383728.923879073932767, 7819277.417224008589983 ], [ 5383729.566243699751794, 7819307.297726232558489 ], [ 5383899.080824573524296, 7819303.650548183359206 ] ] ] ] } },
{ "type": "Feature", "properties": { "ID": 4, "Area_ha": 9054090.08, "x": 5326479.201, "y": 7820334.137, "CD_GEOCOD": "3114550", "NM_MUNICI": "Carneirinho", "NM_MESO": "Triângulo Mineiro e Alto Paranaíba", "NM_MICRO": "FRUTAL" }, "geometry": { "type": "MultiPolygon", "coordinates": [ [ [ [ 5326746.375196252949536, 7820651.140034527517855 ], [ 5326745.828460778109729, 7820621.272563554346561 ], [ 5326830.592000272125006, 7820619.720041085034609 ], [ 5326828.404417961835861, 7820500.250079581514001 ], [ 5326800.150095065124333, 7820500.767655584961176 ], [ 5326798.509474742226303, 7820411.165195668116212 ], [ 5326713.746927416883409, 7820412.717708665877581 ], [ 5326711.013126569800079, 7820263.380351975560188 ], [ 5326682.759179322049022, 7820263.897796512581408 ], [ 5326681.665703283622861, 7820204.162861302495003 ], [ 5326568.650285053998232, 7820206.232239442877471 ], [ 5326565.370820943266153, 7820027.027561197057366 ], [ 5326480.610101354308426, 7820028.579231766983867 ], [ 5326480.06364091578871, 7819998.711800992488861 ], [ 5326282.288931485265493, 7820002.330840781331062 ], [ 5326282.835060309618711, 7820032.198230019770563 ], [ 5326254.581479744054377, 7820032.715050749480724 ], [ 5326255.673621059395373, 7820092.449815470725298 ], [ 5326227.419944927096367, 7820092.966579587198794 ], [ 5326228.511962718330324, 7820152.701329921372235 ], [ 5326200.258191028609872, 7820153.218037418089807 ], [ 5326200.804141761735082, 7820183.085405710153282 ], [ 5326172.550321879796684, 7820183.602062525227666 ], [ 5326173.642107026651502, 7820243.336785348132253 ], [ 5326145.388191590085626, 7820243.853385556489229 ], [ 5326148.117291734553874, 7820393.190151918679476 ], [ 5326232.879746097140014, 7820391.640306008048356 ], [ 5326234.517546150833368, 7820481.242411622777581 ], [ 5326460.551858530379832, 7820477.107662657275796 ], [ 5326463.283275878988206, 7820626.444730073213577 ], [ 5326548.046839948743582, 7820624.893549934029579 ], [ 5326548.593243900686502, 7820654.760979336686432 ], [ 5326746.375196252949536, 7820651.140034527517855 ] ] ] ] } },
{ "type": "Feature", "properties": { "ID": 4, "Area_ha": 9054090.08, "x": 5468811.04, "y": 7816803.969, "CD_GEOCOD": "3133402", "NM_MUNICI": "Itapagipe", "NM_MESO": "Triângulo Mineiro e Alto Paranaíba", "NM_MICRO": "FRUTAL" }, "geometry": { "type": "MultiPolygon", "coordinates": [ [ [ [ 5468840.030551229603589, 7816914.272603356279433 ], [ 5468839.245102676562965, 7816884.36874670907855 ], [ 5468867.493696104735136, 7816883.626076792366803 ], [ 5468865.922672965563834, 7816823.818345399573445 ], [ 5468922.419666305184364, 7816822.332837233319879 ], [ 5468921.634044219739735, 7816792.428953967988491 ], [ 5468949.882491626776755, 7816791.686124237254262 ], [ 5468946.739709809422493, 7816672.070553565397859 ], [ 5468833.746673117391765, 7816675.041740361601114 ], [ 5468834.532194091938436, 7816704.945599465630949 ], [ 5468806.283884475938976, 7816705.688275767490268 ], [ 5468807.854800388216972, 7816765.495975876227021 ], [ 5468694.86117016710341, 7816768.466165432706475 ], [ 5468695.646422610618174, 7816798.369980875402689 ], [ 5468667.397964617237449, 7816799.112407878041267 ], [ 5468670.538680979050696, 7816918.727632067166269 ], [ 5468840.030551229603589, 7816914.272603356279433 ] ] ] ] } },
{ "type": "Feature", "properties": { "ID": 4, "Area_ha": 9054090.08, "x": 5383380.412, "y": 7818729.806, "CD_GEOCOD": "3134400", "NM_MUNICI": "Iturama", "NM_MESO": "Triângulo Mineiro e Alto Paranaíba", "NM_MICRO": "FRUTAL" }, "geometry": { "type": "MultiPolygon", "coordinates": [ [ [ [ 5383464.380211996845901, 7818804.797930073924363 ], [ 5383461.169718695804477, 7818655.395682359114289 ], [ 5383291.661310081370175, 7818659.03975338768214 ], [ 5383294.228583531454206, 7818778.561385359615088 ], [ 5383322.480177056975663, 7818777.95417995005846 ], [ 5383323.122021701186895, 7818807.834593582898378 ], [ 5383464.380211996845901, 7818804.797930073924363 ] ] ] ] } },
{ "type": "Feature", "properties": { "ID": 4, "Area_ha": 9054090.08, "x": 5584497.251, "y": 7813183.616, "CD_GEOCOD": "3171105", "NM_MUNICI": "Veríssimo", "NM_MESO": "Triângulo Mineiro e Alto Paranaíba", "NM_MICRO": "UBERABA" }, "geometry": { "type": "MultiPolygon", "coordinates": [ [ [ [ 5584556.187086885794997, 7813256.621698688715696 ], [ 5584551.284924484789371, 7813106.906299884431064 ], [ 5584438.314480639994144, 7813110.610274185426533 ], [ 5584443.215690327808261, 7813260.325460541062057 ], [ 5584556.187086885794997, 7813256.621698688715696 ] ] ] ] } },
{ "type": "Feature", "properties": { "ID": 4, "Area_ha": 9054090.08, "x": 5553019.987, "y": 7814343.136, "CD_GEOCOD": "3111408", "NM_MUNICI": "Campo Florido", "NM_MESO": "Triângulo Mineiro e Alto Paranaíba", "NM_MICRO": "UBERABA" }, "geometry": { "type": "MultiPolygon", "coordinates": [ [ [ [ 5552705.679970133118331, 7814542.101756463758647 ], [ 5552704.753382422029972, 7814512.170335338450968 ], [ 5552958.956855663098395, 7814504.289202462881804 ], [ 5552959.883871678262949, 7814534.220714027993381 ], [ 5553072.863347409293056, 7814530.716865280643106 ], [ 5553071.93614103551954, 7814500.785313511267304 ], [ 5553184.915404204279184, 7814497.28070872835815 ], [ 5553183.987995259463787, 7814467.349116608500481 ], [ 5553212.232759992592037, 7814466.47284350823611 ], [ 5553211.305291243828833, 7814436.541241195052862 ], [ 5553324.284145926125348, 7814433.035661172121763 ], [ 5553323.356474597007036, 7814403.104018496349454 ], [ 5553351.601137204095721, 7814402.227501584216952 ], [ 5553341.395422820933163, 7814072.979312502779067 ], [ 5553228.418858263641596, 7814076.48555417638272 ], [ 5553229.346521167084575, 7814106.417168195359409 ], [ 5553144.613940373063087, 7814109.046349448151886 ], [ 5553145.54144826810807, 7814138.977933163754642 ], [ 5553060.808712184429169, 7814141.606681542471051 ], [ 5553061.736065074801445, 7814171.538234966807067 ], [ 5552948.758873810991645, 7814175.042566160671413 ], [ 5552949.686024107038975, 7814204.974079241976142 ], [ 5552893.197324956767261, 7814206.72595627233386 ], [ 5552895.051398544572294, 7814266.58894182369113 ], [ 5552866.806951696053147, 7814267.464793123304844 ], [ 5552869.587827751412988, 7814357.259240266866982 ], [ 5552558.897250276990235, 7814366.890319986268878 ], [ 5552564.455531847663224, 7814546.478547507897019 ], [ 5552705.679970133118331, 7814542.101756463758647 ] ] ] ] } },
{ "type": "Feature", "properties": { "ID": 4, "Area_ha": 9054090.08, "x": 5383570.964, "y": 7818503.563, "CD_GEOCOD": "3134400", "NM_MUNICI": "Iturama", "NM_MESO": "Triângulo Mineiro e Alto Paranaíba", "NM_MICRO": "FRUTAL" }, "geometry": { "type": "MultiPolygon", "coordinates": [ [ [ [ 5383628.750841557048261, 7818562.108519614674151 ], [ 5383626.181054940447211, 7818442.586538193747401 ], [ 5383513.176804037764668, 7818445.017367275431752 ], [ 5383515.745831843465567, 7818564.539237136952579 ], [ 5383628.750841557048261, 7818562.108519614674151 ] ] ] ] } },
{ "type": "Feature", "properties": { "ID": 4, "Area_ha": 9054090.08, "x": 5559011.429, "y": 7814138.015, "CD_GEOCOD": "3111408", "NM_MUNICI": "Campo Florido", "NM_MESO": "Triângulo Mineiro e Alto Paranaíba", "NM_MICRO": "UBERABA" }, "geometry": { "type": "MultiPolygon", "coordinates": [ [ [ [ 5559152.976449191570282, 7814580.801524521782994 ], [ 5559152.039109001867473, 7814550.867800565436482 ], [ 5559180.284007638692856, 7814549.98217882681638 ], [ 5559179.346607512794435, 7814520.048444593325257 ], [ 5559207.591457154601812, 7814519.162767955102026 ], [ 5559206.653997088782489, 7814489.229023430496454 ], [ 5559234.898797734640539, 7814488.343291889876127 ], [ 5559233.961277729831636, 7814458.409537082538009 ], [ 5559262.206029378809035, 7814457.523750647902489 ], [ 5559255.642710471525788, 7814247.987392447888851 ], [ 5559283.887127541005611, 7814247.101490116678178 ], [ 5559282.949413566850126, 7814217.167714012786746 ], [ 5559650.126088951714337, 7814205.646780170500278 ], [ 5559646.372634338214993, 7814085.9111457914114 ], [ 5559561.640147674828768, 7814088.570615991950035 ], [ 5559559.763631852343678, 7814028.70285911206156 ], [ 5559475.031418168917298, 7814031.361987638287246 ], [ 5559472.216980222612619, 7813941.560442935675383 ], [ 5559246.265491124242544, 7813948.649727616459131 ], [ 5559240.638566876761615, 7813769.04712292086333 ], [ 5559212.39491006359458, 7813769.933143134228885 ], [ 5559211.457093751057982, 7813739.999385423958302 ], [ 5559154.96987113263458, 7813741.771311929449439 ], [ 5559154.032137693837285, 7813711.837574423290789 ], [ 5558984.570721808820963, 7813717.152340921573341 ], [ 5558985.508169589564204, 7813747.086017463356256 ], [ 5558759.559155622497201, 7813754.169785579666495 ], [ 5558760.496210194192827, 7813784.103380745276809 ], [ 5558732.25252952799201, 7813784.988640236668289 ], [ 5558737.874312265776098, 7813964.590147752314806 ], [ 5558653.142404937185347, 7813967.245474964380264 ], [ 5558654.079182741232216, 7813997.17902866192162 ], [ 5558512.859071134589612, 7814001.603628350421786 ], [ 5558514.732113711535931, 7814061.470633855089545 ], [ 5558486.487991978414357, 7814062.35539925750345 ], [ 5558493.042919389903545, 7814271.889843607321382 ], [ 5558662.509627964347601, 7814266.581006425432861 ], [ 5558664.382924566045403, 7814326.448111247271299 ], [ 5558692.627466283738613, 7814325.56316876783967 ], [ 5558693.564143681898713, 7814355.496731150895357 ], [ 5558721.808731594122946, 7814354.611754085868597 ], [ 5558727.428822516463697, 7814534.21318674646318 ], [ 5558981.632620746269822, 7814526.24692845530808 ], [ 5558983.506742361932993, 7814586.114254539832473 ], [ 5559152.976449191570282, 7814580.801524521782994 ] ] ] ] } },
{ "type": "Feature", "properties": { "ID": 4, "Area_ha": 9054090.08, "x": 5619393.209, "y": 7811690.401, "CD_GEOCOD": "3170107", "NM_MUNICI": "Uberaba", "NM_MESO": "Triângulo Mineiro e Alto Paranaíba", "NM_MICRO": "UBERABA" }, "geometry": { "type": "MultiPolygon", "coordinates": [ [ [ [ 5619451.768969478085637, 7811748.351360942237079 ], [ 5619447.611041312105954, 7811628.524954348802567 ], [ 5619334.649974435567856, 7811632.450584630481899 ], [ 5619338.807139589451253, 7811752.276811137795448 ], [ 5619451.768969478085637, 7811748.351360942237079 ] ] ] ] } },
{ "type": "Feature", "properties": { "ID": 4, "Area_ha": 9054090.08, "x": 5688771.44, "y": 7809054.128, "CD_GEOCOD": "3149804", "NM_MUNICI": "Perdizes", "NM_MESO": "Triângulo Mineiro e Alto Paranaíba", "NM_MICRO": "ARAXÁ" }, "geometry": { "type": "MultiPolygon", "coordinates": [ [ [ [ 5688830.226146978326142, 7809111.916644614189863 ], [ 5688825.598876226693392, 7808991.973423255607486 ], [ 5688712.654521455988288, 7808996.338935524225235 ], [ 5688717.28102757781744, 7809116.281956653110683 ], [ 5688830.226146978326142, 7809111.916644614189863 ] ] ] ] } },
{ "type": "Feature", "properties": { "ID": 4, "Area_ha": 9054090.08, "x": 5447241.563, "y": 7817077.076, "CD_GEOCOD": "3161304", "NM_MUNICI": "São Francisco de Sales", "NM_MESO": "Triângulo Mineiro e Alto Paranaíba", "NM_MICRO": "FRUTAL" }, "geometry": { "type": "MultiPolygon", "coordinates": [ [ [ [ 5447343.977540627121925, 7817526.259234932251275 ], [ 5447340.980311387218535, 7817406.669156801886857 ], [ 5447369.229732058010995, 7817405.96053110063076 ], [ 5447368.480352596379817, 7817376.063002433627844 ], [ 5447396.729724666103721, 7817375.354323852807283 ], [ 5447390.733953784219921, 7817136.174015106633306 ], [ 5447447.231934897601604, 7817134.756393568590283 ], [ 5447444.983073043636978, 7817045.063722400926054 ], [ 5447473.231919470243156, 7817044.354820104315877 ], [ 5447468.733644287101924, 7816864.969418190419674 ], [ 5447440.485082770697773, 7816865.678369289264083 ], [ 5447437.486225135624409, 7816746.088125891983509 ], [ 5447380.989478640258312, 7816747.505958868190646 ], [ 5447379.490180547349155, 7816687.710867303423584 ], [ 5447294.745337320491672, 7816689.837329858914018 ], [ 5447293.99581593926996, 7816659.939807863906026 ], [ 5447181.002865875139832, 7816662.774497142061591 ], [ 5447181.752197293564677, 7816692.671986620873213 ], [ 5447125.255620542913675, 7816694.089046437293291 ], [ 5447126.754063818603754, 7816753.883991684764624 ], [ 5447098.505678781308234, 7816754.592438201420009 ], [ 5447100.753127237781882, 7816844.284828688949347 ], [ 5447072.504598611965775, 7816844.993206068873405 ], [ 5447077.747967334464192, 7817054.275379648432136 ], [ 5446993.001377542503178, 7817056.400072607211769 ], [ 5446999.740859403274953, 7817325.476904721930623 ], [ 5447140.987306712195277, 7817321.93589171115309 ], [ 5447144.732304992154241, 7817471.42320981901139 ], [ 5447172.981828465126455, 7817470.714913610368967 ], [ 5447173.730845996178687, 7817500.612384162843227 ], [ 5447201.980415823869407, 7817499.904051333665848 ], [ 5447202.729470961727202, 7817529.801529615186155 ], [ 5447343.977540627121925, 7817526.259234932251275 ] ] ] ] } },
{ "type": "Feature", "properties": { "ID": 4, "Area_ha": 9054090.08, "x": 5619766.133, "y": 7811437.494, "CD_GEOCOD": "3170107", "NM_MUNICI": "Uberaba", "NM_MESO": "Triângulo Mineiro e Alto Paranaíba", "NM_MICRO": "UBERABA" }, "geometry": { "type": "MultiPolygon", "coordinates": [ [ [ [ 5619838.813761646859348, 7811494.952574122697115 ], [ 5619834.652724862098694, 7811375.12553876452148 ], [ 5619693.453403959982097, 7811380.036047439090908 ], [ 5619697.613486871123314, 7811499.862857560627162 ], [ 5619838.813761646859348, 7811494.952574122697115 ] ] ] ] } },
{ "type": "Feature", "properties": { "ID": 4, "Area_ha": 9054090.08, "x": 5382968.095, "y": 7817652.947, "CD_GEOCOD": "3134400", "NM_MUNICI": "Iturama", "NM_MESO": "Triângulo Mineiro e Alto Paranaíba", "NM_MICRO": "FRUTAL" }, "geometry": { "type": "MultiPolygon", "coordinates": [ [ [ [ 5383132.436214887537062, 7817825.424561814405024 ], [ 5383131.794375855475664, 7817795.544172437861562 ], [ 5383160.044408997520804, 7817794.936960969120264 ], [ 5383157.476778590120375, 7817675.415370303206146 ], [ 5383129.226935214363039, 7817676.02260962780565 ], [ 5383128.585053925402462, 7817646.142217596061528 ], [ 5383100.33525703009218, 7817646.749419110827148 ], [ 5383099.693414733745158, 7817616.869033511728048 ], [ 5383071.443664320744574, 7817617.476197214797139 ], [ 5383070.160049265250564, 7817557.715438343584538 ], [ 5383041.910392777994275, 7817558.322571197524667 ], [ 5383041.268620020709932, 7817528.442197925411165 ], [ 5382984.769399051554501, 7817529.656343233771622 ], [ 5382984.127712737768888, 7817499.775983350351453 ], [ 5382842.879880709573627, 7817502.810597836971283 ], [ 5382843.521329794079065, 7817532.690922927111387 ], [ 5382758.772476697340608, 7817534.511133436113596 ], [ 5382761.337619248777628, 7817654.032344976440072 ], [ 5382789.587427685968578, 7817653.425680741667747 ], [ 5382790.228739658370614, 7817683.305989252403378 ], [ 5382846.728448536247015, 7817682.092540375888348 ], [ 5382847.369846950285137, 7817711.972862271592021 ], [ 5382903.869646865874529, 7817710.759248222224414 ], [ 5382904.511131716892123, 7817740.639583501964808 ], [ 5382961.011022669263184, 7817739.425804283469915 ], [ 5382961.652593956328928, 7817769.306152945384383 ], [ 5382989.902585430070758, 7817768.699203139171004 ], [ 5382990.544195710681379, 7817798.579558232799172 ], [ 5383018.79423366393894, 7817797.972570614889264 ], [ 5383019.435882936231792, 7817827.852932142093778 ], [ 5383132.436214887537062, 7817825.424561814405024 ] ] ] ] } },
{ "type": "Feature", "properties": { "ID": 4, "Area_ha": 9054090.08, "x": 5623016.201, "y": 7810760.811, "CD_GEOCOD": "3170107", "NM_MUNICI": "Uberaba", "NM_MESO": "Triângulo Mineiro e Alto Paranaíba", "NM_MICRO": "UBERABA" }, "geometry": { "type": "MultiPolygon", "coordinates": [ [ [ [ 5623739.066337715834379, 7811448.862179426476359 ], [ 5623738.01955839805305, 7811418.903861107304692 ], [ 5623766.25948862824589, 7811417.915517657995224 ], [ 5623762.072042798623443, 7811298.082199722528458 ], [ 5623733.832303358241916, 7811299.070588512346148 ], [ 5623732.785455158911645, 7811269.112270532175899 ], [ 5623591.586972964927554, 7811274.053599903360009 ], [ 5623586.353717867285013, 7811124.262294338084757 ], [ 5623558.114255235530436, 7811125.250482616946101 ], [ 5623554.974280018359423, 7811035.375734086148441 ], [ 5623526.734958931803703, 7811036.363911602646112 ], [ 5623525.688320687972009, 7811006.405673556029797 ], [ 5623497.449045740067959, 7811007.393817648291588 ], [ 5623488.02911121584475, 7810737.769780240952969 ], [ 5623516.267956792376935, 7810736.781534189358354 ], [ 5623511.033939313143492, 7810586.99034802056849 ], [ 5623482.795332298614085, 7810587.978650714270771 ], [ 5623481.748535204678774, 7810558.020425008609891 ], [ 5623453.509974338114262, 7810559.008694268763065 ], [ 5623452.463211188092828, 7810529.050479958765209 ], [ 5623395.986180184409022, 7810531.026906840503216 ], [ 5623394.939498696476221, 7810501.068715253844857 ], [ 5623338.462556857615709, 7810503.044985737651587 ], [ 5623337.415957033634186, 7810473.086816867813468 ], [ 5623252.700675674714148, 7810476.050920849665999 ], [ 5623250.607721025124192, 7810416.134651251137257 ], [ 5623222.369386207312346, 7810417.122619030997157 ], [ 5623221.322935952804983, 7810387.164495656266809 ], [ 5623193.084647286683321, 7810388.1524299941957 ], [ 5623192.038230985403061, 7810358.194318009540439 ], [ 5623163.799988470971584, 7810359.182218903675675 ], [ 5623162.753606125712395, 7810329.224118305370212 ], [ 5623106.277211834676564, 7810331.199808441102505 ], [ 5623105.230911165475845, 7810301.241730550304055 ], [ 5623076.992759389802814, 7810302.229519790038466 ], [ 5623075.946492677554488, 7810272.271453285589814 ], [ 5622962.994060799479485, 7810276.222207855433226 ], [ 5622959.855750750750303, 7810186.348144561983645 ], [ 5622564.524046204052866, 7810200.170620135962963 ], [ 5622566.614930473268032, 7810260.086345486342907 ], [ 5622227.757794311270118, 7810271.92692649550736 ], [ 5622228.802643184550107, 7810301.884653581306338 ], [ 5622172.326336488127708, 7810303.857434401288629 ], [ 5622176.505212821997702, 7810423.688252959400415 ], [ 5622204.743557823821902, 7810422.701930148527026 ], [ 5622206.833008974790573, 7810482.617362415418029 ], [ 5622235.071447843685746, 7810481.631017446517944 ], [ 5622236.116200521588326, 7810511.588744981214404 ], [ 5622264.354685541242361, 7810510.602366551756859 ], [ 5622265.399472191929817, 7810540.56010545603931 ], [ 5622293.638003362342715, 7810539.573693572543561 ], [ 5622294.682823983952403, 7810569.53144384175539 ], [ 5622322.921401306055486, 7810568.544998500496149 ], [ 5622323.966255895793438, 7810598.502760142087936 ], [ 5622380.443501274101436, 7810596.529757784679532 ], [ 5622381.488437544554472, 7810626.487542107701302 ], [ 5622409.727105600759387, 7810625.500985094346106 ], [ 5622410.772075836546719, 7810655.458780786022544 ], [ 5622439.010790041647851, 7810654.472190320491791 ], [ 5622440.055794243700802, 7810684.429997384548187 ], [ 5622665.965833269059658, 7810676.535752767696977 ], [ 5622668.05656380392611, 7810736.45154806599021 ], [ 5622696.295407065190375, 7810735.464588694274426 ], [ 5622698.386178011074662, 7810795.380406877957284 ], [ 5622726.625115126371384, 7810794.393425379879773 ], [ 5622731.852040353231132, 7810944.183028550818563 ], [ 5622788.330386967398226, 7810942.209044422954321 ], [ 5622790.421251606196165, 7811002.12493141181767 ], [ 5622818.660517975687981, 7811001.137894843704998 ], [ 5622821.796854883432388, 7811091.011759765446186 ], [ 5622850.036262803710997, 7811090.024712394922972 ], [ 5622852.127180702984333, 7811149.940645306371152 ], [ 5622880.366682460531592, 7811148.953575817868114 ], [ 5622882.457640737295151, 7811208.869531624019146 ], [ 5622967.17642283719033, 7811205.908122565597296 ], [ 5622968.222024442628026, 7811235.86613452155143 ], [ 5623052.940935559570789, 7811232.904356670565903 ], [ 5623053.98666650429368, 7811262.862402655184269 ], [ 5623082.226348115131259, 7811261.875065190717578 ], [ 5623083.272112997248769, 7811291.833122565411031 ], [ 5623196.231014591641724, 7811287.883370505645871 ], [ 5623197.27695650793612, 7811317.841473235748708 ], [ 5623225.516725691966712, 7811316.853934670798481 ], [ 5623226.562701543793082, 7811346.812048795633018 ], [ 5623254.802516861818731, 7811345.824476804584265 ], [ 5623255.848526645451784, 7811375.782602317631245 ], [ 5623340.568106302991509, 7811372.8196518458426 ], [ 5623341.614245411939919, 7811402.77781140152365 ], [ 5623369.854149865917861, 7811401.790083079598844 ], [ 5623370.900322904810309, 7811431.748254029080272 ], [ 5623483.8601158503443, 7811427.796938568353653 ], [ 5623484.906465904787183, 7811457.755154902115464 ], [ 5623739.066337715834379, 7811448.862179426476359 ] ] ] ] } },
{ "type": "Feature", "properties": { "ID": 4, "Area_ha": 9054090.08, "x": 5383838.844, "y": 7817009.402, "CD_GEOCOD": "3134400", "NM_MUNICI": "Iturama", "NM_MESO": "Triângulo Mineiro e Alto Paranaíba", "NM_MICRO": "FRUTAL" }, "geometry": { "type": "MultiPolygon", "coordinates": [ [ [ [ 5383993.389999330975115, 7817119.326343615539372 ], [ 5383990.815930476412177, 7816999.803869724273682 ], [ 5383906.069615893997252, 7817001.629943465813994 ], [ 5383905.426219877786934, 7816971.749344598501921 ], [ 5383877.177493876777589, 7816972.357953254133463 ], [ 5383876.534136849455535, 7816942.477360835298896 ], [ 5383848.285457343794405, 7816943.085931682959199 ], [ 5383847.64213930722326, 7816913.205345707014203 ], [ 5383819.393506294116378, 7816913.813878742046654 ], [ 5383818.750227250158787, 7816883.93329921271652 ], [ 5383705.755875390022993, 7816886.367011394351721 ], [ 5383708.971236784011126, 7817035.769764271564782 ], [ 5383737.220063487067819, 7817035.16143827047199 ], [ 5383737.863157829269767, 7817065.041994225233793 ], [ 5383794.36090325191617, 7817063.825221821665764 ], [ 5383795.004084041342139, 7817093.705791193991899 ], [ 5383879.750837307423353, 7817091.880317634902894 ], [ 5383880.39415199495852, 7817121.760907406918705 ], [ 5383993.389999330975115, 7817119.326343615539372 ] ] ] ] } },
{ "type": "Feature", "properties": { "ID": 4, "Area_ha": 9054090.08, "x": 5382892.383, "y": 7816405.508, "CD_GEOCOD": "3134400", "NM_MUNICI": "Iturama", "NM_MESO": "Triângulo Mineiro e Alto Paranaíba", "NM_MICRO": "FRUTAL" }, "geometry": { "type": "MultiPolygon", "coordinates": [ [ [ [ 5382910.302421534433961, 7816694.220421341247857 ], [ 5382909.660593604668975, 7816664.340060479938984 ], [ 5382966.157066038809717, 7816663.125690650194883 ], [ 5382965.515134733170271, 7816633.24531533755362 ], [ 5382993.76332204323262, 7816632.638056280091405 ], [ 5382993.121334825642407, 7816602.757673475891352 ], [ 5383021.369473706930876, 7816602.150362664833665 ], [ 5383020.727430574595928, 7816572.269972372800112 ], [ 5383048.97552102804184, 7816571.662609810940921 ], [ 5383043.838492065668106, 7816332.619412623345852 ], [ 5383015.590781359001994, 7816333.226830864325166 ], [ 5383013.664398496039212, 7816243.585644017904997 ], [ 5382985.416829243302345, 7816244.193038338795304 ], [ 5382984.132626703940332, 7816184.432258365675807 ], [ 5382955.885151432827115, 7816185.03962180390954 ], [ 5382955.243084965273738, 7816155.159237976185977 ], [ 5382926.995656206272542, 7816155.766563575714827 ], [ 5382925.711592878215015, 7816096.005808239802718 ], [ 5382784.474909386597574, 7816099.041833806782961 ], [ 5382787.683817500248551, 7816248.443544246256351 ], [ 5382759.436240541748703, 7816249.050580184906721 ], [ 5382767.777796613052487, 7816637.494874611496925 ], [ 5382796.025990660302341, 7816636.88792908936739 ], [ 5382797.309275256469846, 7816696.648595692589879 ], [ 5382910.302421534433961, 7816694.220421341247857 ] ] ] ] } },
{ "type": "Feature", "properties": { "ID": 4, "Area_ha": 9054090.08, "x": 5383986.624, "y": 7816419.979, "CD_GEOCOD": "3134400", "NM_MUNICI": "Iturama", "NM_MESO": "Triângulo Mineiro e Alto Paranaíba", "NM_MICRO": "FRUTAL" }, "geometry": { "type": "MultiPolygon", "coordinates": [ [ [ [ 5384268.79531423188746, 7816784.549207938835025 ], [ 5384263.64249846432358, 7816545.503646628931165 ], [ 5384178.898348641581833, 7816547.331378077156842 ], [ 5384175.034235242754221, 7816368.047310514375567 ], [ 5384090.290931161493063, 7816369.874764471314847 ], [ 5384088.359187299385667, 7816280.232786354608834 ], [ 5384060.111559755168855, 7816280.841869018040597 ], [ 5384058.823783096857369, 7816221.080561576411128 ], [ 5384030.576249532401562, 7816221.689613402821124 ], [ 5384029.932395968586206, 7816191.808965865522623 ], [ 5383973.437420889735222, 7816193.02694907784462 ], [ 5383972.14987824857235, 7816133.265680317766964 ], [ 5383943.902484210208058, 7816133.874618681147695 ], [ 5383943.258747660554945, 7816103.993990482762456 ], [ 5383915.011400131508708, 7816104.602891022339463 ], [ 5383914.36770258937031, 7816074.722269268706441 ], [ 5383744.883881997317076, 7816078.374773548915982 ], [ 5383745.527294682338834, 7816108.255353461951017 ], [ 5383717.279940396547318, 7816108.863940403796732 ], [ 5383720.496639477089047, 7816258.266797138378024 ], [ 5383748.744231134653091, 7816257.658245055004954 ], [ 5383750.674291425384581, 7816347.299973642453551 ], [ 5383778.922024534083903, 7816346.691397679969668 ], [ 5383780.852151048369706, 7816436.333142413757741 ], [ 5383809.100025600753725, 7816435.724542578682303 ], [ 5383810.386829218827188, 7816495.485717026516795 ], [ 5383838.634797743521631, 7816494.877086346969008 ], [ 5383839.278234320692718, 7816524.757679749280214 ], [ 5383867.526249347254634, 7816524.149011250585318 ], [ 5383868.813192032277584, 7816583.910210414789617 ], [ 5383925.309409056790173, 7816582.692766943015158 ], [ 5383926.596507732756436, 7816642.453991883434355 ], [ 5384067.837508055381477, 7816639.409669132903218 ], [ 5384069.768804509192705, 7816729.051607236266136 ], [ 5384098.017144069075584, 7816728.442629255354404 ], [ 5384098.660940072499216, 7816758.323281205259264 ], [ 5384155.157711220905185, 7816757.105204833671451 ], [ 5384155.801593675278127, 7816786.985870217904449 ], [ 5384268.79531423188746, 7816784.549207938835025 ] ] ] ] } },
{ "type": "Feature", "properties": { "ID": 4, "Area_ha": 9054090.08, "x": 5364709.1, "y": 7815940.349, "CD_GEOCOD": "3134400", "NM_MUNICI": "Iturama", "NM_MESO": "Triângulo Mineiro e Alto Paranaíba", "NM_MICRO": "FRUTAL" }, "geometry": { "type": "MultiPolygon", "coordinates": [ [ [ [ 5364781.553226245567203, 7816028.530521132051945 ], [ 5364777.882964430376887, 7815849.274355866014957 ], [ 5364636.648246927186847, 7815852.167267463169992 ], [ 5364640.317084580659866, 7816031.423233957029879 ], [ 5364781.553226245567203, 7816028.530521132051945 ] ] ] ] } },
{ "type": "Feature", "properties": { "ID": 4, "Area_ha": 9054090.08, "x": 5550146.238, "y": 7811196.105, "CD_GEOCOD": "3111408", "NM_MUNICI": "Campo Florido", "NM_MESO": "Triângulo Mineiro e Alto Paranaíba", "NM_MICRO": "UBERABA" }, "geometry": { "type": "MultiPolygon", "coordinates": [ [ [ [ 5550120.435421242378652, 7811386.470829632133245 ], [ 5550119.511709519661963, 7811356.540274827741086 ], [ 5550175.991337488405406, 7811354.794939965009689 ], [ 5550175.067518312484026, 7811324.864365028217435 ], [ 5550231.547045432962477, 7811323.118830999359488 ], [ 5550230.623118801042438, 7811293.188235927373171 ], [ 5550315.342256132513285, 7811290.569568933919072 ], [ 5550308.873428778722882, 7811081.055189467966557 ], [ 5550280.634051323868334, 7811081.928193228319287 ], [ 5550279.709932195022702, 7811051.9975770059973 ], [ 5550251.470601015724242, 7811052.870545960962772 ], [ 5550249.622421636246145, 7810993.00933306850493 ], [ 5550108.426221575587988, 7810997.373605769127607 ], [ 5550109.35007903072983, 7811027.304162326268852 ], [ 5550081.11078720446676, 7811028.176872471347451 ], [ 5550082.034584855660796, 7811058.107418891042471 ], [ 5550053.795243982225657, 7811058.980074245482683 ], [ 5550054.718981831334531, 7811088.910610526800156 ], [ 5550026.479591914452612, 7811089.783211088739336 ], [ 5550029.250589622184634, 7811179.574789090082049 ], [ 5550001.01105534657836, 7811180.447314885444939 ], [ 5550002.858231124468148, 7811240.308346174657345 ], [ 5549974.618600148707628, 7811241.180807186290622 ], [ 5549979.236088834702969, 7811390.833332907408476 ], [ 5550120.435421242378652, 7811386.470829632133245 ] ] ] ] } },
{ "type": "Feature", "properties": { "ID": 4, "Area_ha": 9054090.08, "x": 5391917.83, "y": 7814889.034, "CD_GEOCOD": "3134400", "NM_MUNICI": "Iturama", "NM_MESO": "Triângulo Mineiro e Alto Paranaíba", "NM_MICRO": "FRUTAL" }, "geometry": { "type": "MultiPolygon", "coordinates": [ [ [ [ 5392173.026293410919607, 7815087.563162395730615 ], [ 5392172.368442051112652, 7815057.68046046141535 ], [ 5392228.85980958212167, 7815056.435948955826461 ], [ 5392227.543890901841223, 7814996.670515041798353 ], [ 5392340.526234101504087, 7814994.180897254496813 ], [ 5392339.209900786168873, 7814934.415404277853668 ], [ 5392367.455389112234116, 7814933.792873538099229 ], [ 5392366.797161968424916, 7814903.910119149833918 ], [ 5392395.042601800523698, 7814903.287536466494203 ], [ 5392390.434436894953251, 7814694.108191462233663 ], [ 5392333.944221333600581, 7814695.353411788120866 ], [ 5392332.627714922651649, 7814635.587908525019884 ], [ 5392219.647652019746602, 7814638.077868338674307 ], [ 5392220.963778357021511, 7814697.843314602971077 ], [ 5391938.512601791881025, 7814704.064934236928821 ], [ 5391939.17017689999193, 7814733.947585375979543 ], [ 5391656.718426564708352, 7814740.164651837199926 ], [ 5391656.061326536349952, 7814710.282071863301098 ], [ 5391458.34537517465651, 7814714.631401404738426 ], [ 5391466.226014919579029, 7815073.221729595214128 ], [ 5391550.963138715364039, 7815071.358256155624986 ], [ 5391551.619945063255727, 7815101.240801488980651 ], [ 5392173.026293410919607, 7815087.563162395730615 ] ] ] ] } },
{ "type": "Feature", "properties": { "ID": 4, "Area_ha": 9054090.08, "x": 5549113.189, "y": 7810811.636, "CD_GEOCOD": "3111408", "NM_MUNICI": "Campo Florido", "NM_MESO": "Triângulo Mineiro e Alto Paranaíba", "NM_MICRO": "UBERABA" }, "geometry": { "type": "MultiPolygon", "coordinates": [ [ [ [ 5549157.512968017719686, 7811326.323121598921716 ], [ 5549153.824383741244674, 7811206.602257480844855 ], [ 5549182.063959510065615, 7811205.731075638905168 ], [ 5549178.374990630894899, 7811086.010169247165322 ], [ 5549206.614374387077987, 7811085.138902705162764 ], [ 5549203.847377447411418, 7810995.348191434517503 ], [ 5549232.086616839282215, 7810994.476850161328912 ], [ 5549227.47447447385639, 7810844.825611869804561 ], [ 5549453.386433327570558, 7810837.852869750931859 ], [ 5549454.309267363511026, 7810867.783197522163391 ], [ 5549595.504435018636286, 7810863.423827454447746 ], [ 5549593.658278170973063, 7810803.563071958720684 ], [ 5549650.136144889518619, 7810801.818970374763012 ], [ 5549648.289748846553266, 7810741.958174362778664 ], [ 5549845.961571445688605, 7810735.852267680689692 ], [ 5549841.343700597062707, 7810586.199925623834133 ], [ 5549813.105111291632056, 7810587.072382353246212 ], [ 5549812.181548377498984, 7810557.1419234899804 ], [ 5549783.943005356937647, 7810558.014345394447446 ], [ 5549783.019477975554764, 7810528.083896367810667 ], [ 5549754.78098124358803, 7810528.956283450126648 ], [ 5549753.85748939588666, 7810499.025844261050224 ], [ 5549725.619038949720562, 7810499.898196516558528 ], [ 5549724.695582637563348, 7810469.967767162248492 ], [ 5549696.457178480923176, 7810470.840084590017796 ], [ 5549695.533757705241442, 7810440.909665074199438 ], [ 5549639.057040582410991, 7810442.654185466468334 ], [ 5549638.133703019469976, 7810412.723785767331719 ], [ 5549496.942124356515706, 7810417.084352450445294 ], [ 5549500.634448362514377, 7810536.805750746279955 ], [ 5549472.395937789231539, 7810537.677689733915031 ], [ 5549474.241931666620076, 7810597.538368038833141 ], [ 5549446.003324369899929, 7810598.410242257639766 ], [ 5549448.772081201896071, 7810688.201228674501181 ], [ 5549420.533329516649246, 7810689.073028149083257 ], [ 5549424.224644810892642, 7810808.794301388785243 ], [ 5549057.118268402293324, 7810820.123098408803344 ], [ 5549049.740401159971952, 7810580.681586963124573 ], [ 5548993.263239034451544, 7810582.423966271802783 ], [ 5548988.652154790237546, 7810432.773116497322917 ], [ 5548960.413810010068119, 7810433.644288787618279 ], [ 5548957.647157049737871, 7810343.853807043284178 ], [ 5548844.694336188957095, 7810347.338167713955045 ], [ 5548845.616375263780355, 7810377.268288571387529 ], [ 5548817.378118918277323, 7810378.139256738126278 ], [ 5548819.22206537425518, 7810437.999478071928024 ], [ 5548790.983712300658226, 7810438.870381493121386 ], [ 5548791.905619681812823, 7810468.800481969490647 ], [ 5548763.667217554524541, 7810469.671330614946783 ], [ 5548765.510900629684329, 7810529.531511185690761 ], [ 5548737.272401778027415, 7810530.402295086532831 ], [ 5548740.037692521698773, 7810620.192534927278757 ], [ 5548683.560404654592276, 7810621.933908507227898 ], [ 5548690.011658401228487, 7810831.444323382340372 ], [ 5548661.772678729146719, 7810832.314873209223151 ], [ 5548664.537177080288529, 7810922.105018873699009 ], [ 5548636.298053038306534, 7810922.975493999198079 ], [ 5548640.905069737695158, 7811072.625683953985572 ], [ 5548669.144432082772255, 7811071.755258651450276 ], [ 5548670.065846746787429, 7811101.685306161642075 ], [ 5548726.544662613421679, 7811099.944341087713838 ], [ 5548727.466160480864346, 7811129.874408377334476 ], [ 5548812.184516898356378, 7811127.262654667720199 ], [ 5548813.106145625934005, 7811157.192751709371805 ], [ 5548841.345642659813166, 7811156.322087509557605 ], [ 5548842.267306929454207, 7811186.252194367349148 ], [ 5548898.746392169035971, 7811184.510751506313682 ], [ 5548900.589874982833862, 7811244.371004657819867 ], [ 5548985.308778421021998, 7811241.758564198389649 ], [ 5548986.230644618161023, 7811271.688720463775098 ], [ 5549014.470323990099132, 7811270.817827348597348 ], [ 5549015.392225722782314, 7811300.747993437573314 ], [ 5549043.631951367482543, 7811299.877065504901111 ], [ 5549044.553888634778559, 7811329.807241413742304 ], [ 5549157.512968017719686, 7811326.323121598921716 ] ] ] ] } },
{ "type": "Feature", "properties": { "ID": 4, "Area_ha": 9054090.08, "x": 5376335.059, "y": 7814472.849, "CD_GEOCOD": "3134400", "NM_MUNICI": "Iturama", "NM_MESO": "Triângulo Mineiro e Alto Paranaíba", "NM_MICRO": "FRUTAL" }, "geometry": { "type": "MultiPolygon", "coordinates": [ [ [ [ 5376392.81197052448988, 7814531.411774226464331 ], [ 5376390.285525795072317, 7814411.89647928904742 ], [ 5376277.306889832951128, 7814414.285841278731823 ], [ 5376279.832574447616935, 7814533.801026850938797 ], [ 5376392.81197052448988, 7814531.411774226464331 ] ] ] ] } },
{ "type": "Feature", "properties": { "ID": 4, "Area_ha": 9054090.08, "x": 5376394.981, "y": 7814651.208, "CD_GEOCOD": "3134400", "NM_MUNICI": "Iturama", "NM_MESO": "Triângulo Mineiro e Alto Paranaíba", "NM_MICRO": "FRUTAL" }, "geometry": { "type": "MultiPolygon", "coordinates": [ [ [ [ 5376262.950805391184986, 7815072.216332057490945 ], [ 5376262.319593586027622, 7815042.337553126737475 ], [ 5376290.565252483822405, 7815041.740468229167163 ], [ 5376289.933984884060919, 7815011.86168192140758 ], [ 5376318.179595339111984, 7815011.264545368030667 ], [ 5376317.54827194288373, 7814981.38575167953968 ], [ 5376345.793833953328431, 7814980.788563471287489 ], [ 5376344.53106726333499, 7814921.030960783362389 ], [ 5376372.776533332653344, 7814920.43371407687664 ], [ 5376372.145090037025511, 7814890.55490508209914 ], [ 5376400.390507659874856, 7814889.957606715150177 ], [ 5376399.759008564054966, 7814860.078790336847305 ], [ 5376428.004377740435302, 7814859.481440313160419 ], [ 5376427.372822842560709, 7814829.602616555057466 ], [ 5376455.618143570609391, 7814829.005214869044721 ], [ 5376454.986532868817449, 7814799.126383724622428 ], [ 5376483.231805150397122, 7814798.528930375352502 ], [ 5376481.968463832512498, 7814738.771252781152725 ], [ 5376566.70398997887969, 7814736.97858274821192 ], [ 5376563.54477880615741, 7814587.584276649169624 ], [ 5376648.279583867639303, 7814585.791100575588644 ], [ 5376647.647574198432267, 7814555.912217203527689 ], [ 5376675.892459816299379, 7814555.314395346678793 ], [ 5376674.628320541232824, 7814495.556613283231854 ], [ 5376731.117898905649781, 7814494.360807716846466 ], [ 5376726.060249302536249, 7814255.329548221081495 ], [ 5376528.34936894197017, 7814259.514466237276793 ], [ 5376527.085538614541292, 7814199.756741682067513 ], [ 5376414.108251917175949, 7814202.147191748954356 ], [ 5376416.635119163431227, 7814321.662529285997152 ], [ 5376444.879632306285203, 7814321.065011367201805 ], [ 5376451.828354800119996, 7814649.732219845987856 ], [ 5376310.603166721761227, 7814652.718985127285123 ], [ 5376311.865987833589315, 7814712.476583948358893 ], [ 5376255.375715955160558, 7814713.670948930084705 ], [ 5376256.007019056007266, 7814743.549733857624233 ], [ 5376001.800321188755333, 7814748.922095870599151 ], [ 5376005.585400531068444, 7814928.194425052031875 ], [ 5376090.321830001659691, 7814926.404164094477892 ], [ 5376091.583741744980216, 7814986.161643776111305 ], [ 5376148.074879978783429, 7814984.967939681373537 ], [ 5376149.967970346100628, 7815074.604196101427078 ], [ 5376262.950805391184986, 7815072.216332057490945 ] ] ] ] } },
{ "type": "Feature", "properties": { "ID": 4, "Area_ha": 9054090.08, "x": 5381493.914, "y": 7814241.564, "CD_GEOCOD": "3134400", "NM_MUNICI": "Iturama", "NM_MESO": "Triângulo Mineiro e Alto Paranaíba", "NM_MICRO": "FRUTAL" }, "geometry": { "type": "MultiPolygon", "coordinates": [ [ [ [ 5381423.579820225015283, 7814573.764114875346422 ], [ 5381422.939807083457708, 7814543.884069660678506 ], [ 5381451.184673857875168, 7814543.27869248855859 ], [ 5381450.544604794122279, 7814513.398639811202884 ], [ 5381478.789423097856343, 7814512.793210887350142 ], [ 5381478.149298110976815, 7814482.913150744512677 ], [ 5381506.394067947752774, 7814482.307670062407851 ], [ 5381505.753887036815286, 7814452.427602455951273 ], [ 5381533.998608401045203, 7814451.822070017457008 ], [ 5381533.358371565118432, 7814421.941994947381318 ], [ 5381561.603044459596276, 7814421.336410745978355 ], [ 5381557.761161630041897, 7814242.055907500907779 ], [ 5381727.227468369528651, 7814238.421211361885071 ], [ 5381726.58684001956135, 7814208.54108402505517 ], [ 5381754.831173595972359, 7814207.935137489810586 ], [ 5381754.190489310771227, 7814178.055002687498927 ], [ 5381810.67905854806304, 7814176.842961246147752 ], [ 5381810.038270810618997, 7814146.962812041863799 ], [ 5381838.282506470568478, 7814146.356717138551176 ], [ 5381834.437318069860339, 7813967.075769068673253 ], [ 5381777.949416004121304, 7813968.287997250445187 ], [ 5381777.308616830967367, 7813938.407851237803698 ], [ 5381664.332991233095527, 7813940.831797288730741 ], [ 5381664.973600326105952, 7813970.711915576830506 ], [ 5381551.997769259847701, 7813973.135116505436599 ], [ 5381554.559361146762967, 7814092.655473412945867 ], [ 5381272.117815450765193, 7814098.710060069337487 ], [ 5381274.037495509721339, 7814188.350114319473505 ], [ 5381245.79319310747087, 7814188.955305621959269 ], [ 5381248.352458719164133, 7814308.475342750549316 ], [ 5381220.107965300790966, 7814309.080461524426937 ], [ 5381224.586023768410087, 7814518.240457407198846 ], [ 5381252.830849758349359, 7814517.635387107729912 ], [ 5381253.47058626729995, 7814547.515391301363707 ], [ 5381309.960330381989479, 7814546.305130064487457 ], [ 5381310.600153494626284, 7814576.185147570446134 ], [ 5381423.579820225015283, 7814573.764114875346422 ] ] ] ] } },
{ "type": "Feature", "properties": { "ID": 4, "Area_ha": 9054090.08, "x": 5556631.75, "y": 7809123.501, "CD_GEOCOD": "3111408", "NM_MUNICI": "Campo Florido", "NM_MESO": "Triângulo Mineiro e Alto Paranaíba", "NM_MICRO": "UBERABA" }, "geometry": { "type": "MultiPolygon", "coordinates": [ [ [ [ 5556640.432784254662693, 7809266.230497390031815 ], [ 5556637.625939838588238, 7809176.431781623512506 ], [ 5556807.04397777095437, 7809171.128612346947193 ], [ 5556801.428239745087922, 7808991.530813477002084 ], [ 5556688.484031664207578, 7808995.066681578755379 ], [ 5556689.419827906414866, 7809024.999607941135764 ], [ 5556520.003187445923686, 7809030.30200451053679 ], [ 5556520.938685160130262, 7809060.234870113432407 ], [ 5556492.702525800094008, 7809061.118435864336789 ], [ 5556493.637963523156941, 7809091.051291232928634 ], [ 5556465.40175505541265, 7809091.934802045114338 ], [ 5556469.143192274495959, 7809211.666181825101376 ], [ 5556497.379591557197273, 7809210.782711426727474 ], [ 5556499.250331860035658, 7809270.648420752957463 ], [ 5556640.432784254662693, 7809266.230497390031815 ] ] ] ] } },
{ "type": "Feature", "properties": { "ID": 4, "Area_ha": 9054090.08, "x": 5376946.876, "y": 7813962.825, "CD_GEOCOD": "3134400", "NM_MUNICI": "Iturama", "NM_MESO": "Triângulo Mineiro e Alto Paranaíba", "NM_MICRO": "FRUTAL" }, "geometry": { "type": "MultiPolygon", "coordinates": [ [ [ [ 5376867.282278227619827, 7814252.338976038619876 ], [ 5376866.649797071702778, 7814222.460031935945153 ], [ 5377064.360265094786882, 7814218.271299919113517 ], [ 5377063.727443033829331, 7814188.392307348549366 ], [ 5377091.971744297072291, 7814187.793730874545872 ], [ 5377089.440182823687792, 7814068.277727765962481 ], [ 5377004.707846362143755, 7814070.07340485882014 ], [ 5377000.278291420079768, 7813860.920522278174758 ], [ 5377113.253407629206777, 7813858.526004748418927 ], [ 5377112.62039071880281, 7813828.646991958841681 ], [ 5377140.864119875244796, 7813828.048243624158204 ], [ 5377138.33177896309644, 7813708.532159633934498 ], [ 5377110.08823989611119, 7813709.130935358814895 ], [ 5377109.455181393772364, 7813679.251919851638377 ], [ 5377081.211688901297748, 7813679.850657585076988 ], [ 5377080.578669604845345, 7813649.971648378297687 ], [ 5376967.604880221188068, 7813652.366178253665566 ], [ 5376968.237709419801831, 7813682.245160069316626 ], [ 5376939.994212173856795, 7813682.843673583120108 ], [ 5376940.626985533162951, 7813712.72264801338315 ], [ 5376884.139893144369125, 7813713.919526817277074 ], [ 5376884.772563143633306, 7813743.798487013205886 ], [ 5376856.528968000784516, 7813744.396852302365005 ], [ 5376857.161582164466381, 7813774.275805111974478 ], [ 5376828.91793854907155, 7813774.874118717387319 ], [ 5376835.875622997060418, 7814103.542488410137594 ], [ 5376751.143118343316019, 7814105.336934365332127 ], [ 5376754.304656986147165, 7814254.731523452326655 ], [ 5376867.282278227619827, 7814252.338976038619876 ] ] ] ] } },
{ "type": "Feature", "properties": { "ID": 25, "Area_ha": 3174630.2, "x": 5877750.005, "y": 7796169.45, "CD_GEOCOD": "3138807", "NM_MUNICI": "Luz", "NM_MESO": "Central Mineira", "NM_MICRO": "BOM DESPACHO" }, "geometry": { "type": "MultiPolygon", "coordinates": [ [ [ [ 5878552.313256591558456, 7797087.877376839518547 ], [ 5878550.831564532592893, 7797057.79591250885278 ], [ 5878579.048680383712053, 7797056.401618950068951 ], [ 5878570.15783060528338, 7796875.912758750841022 ], [ 5878626.591477351263165, 7796873.123845934867859 ], [ 5878625.109504617750645, 7796843.042340915650129 ], [ 5878653.326276474632323, 7796841.647801388055086 ], [ 5878647.397998323664069, 7796721.32172773219645 ], [ 5878506.315080848522484, 7796728.294296439737082 ], [ 5878504.833203696645796, 7796698.212860303930938 ], [ 5878222.667684745043516, 7796712.15479813888669 ], [ 5878221.186270142905414, 7796682.073522428050637 ], [ 5878023.670612614601851, 7796691.830325637944043 ], [ 5878011.821295450441539, 7796451.181049069389701 ], [ 5878068.253580302000046, 7796448.393359994515777 ], [ 5878066.772231816314161, 7796418.3121731383726 ], [ 5878094.988322718068957, 7796416.918245480395854 ], [ 5878090.544016065075994, 7796326.674643216654658 ], [ 5878118.759960138238966, 7796325.280622960068285 ], [ 5878115.796895467676222, 7796265.118194676935673 ], [ 5878144.012740912847221, 7796263.72409775480628 ], [ 5878133.641065005213022, 7796053.155519324354827 ], [ 5878161.856570769101381, 7796051.761266060173512 ], [ 5878160.374776842072606, 7796021.680028714239597 ], [ 5878188.59023217856884, 7796020.285714717581868 ], [ 5878185.626489600166678, 7795960.123211205005646 ], [ 5878213.841846296563745, 7795958.728820538148284 ], [ 5878206.431908695027232, 7795808.322499928064644 ], [ 5878178.216793077066541, 7795809.716970270499587 ], [ 5878176.734795473515987, 7795779.635725145228207 ], [ 5878148.519725859165192, 7795781.030166618525982 ], [ 5878147.03775704279542, 7795750.948938441462815 ], [ 5878090.60770760755986, 7795753.737718850374222 ], [ 5878089.125815794803202, 7795723.65652356017381 ], [ 5878032.695853941142559, 7795726.445156618952751 ], [ 5878031.214039135724306, 7795696.363994214683771 ], [ 5877974.78416486363858, 7795699.152479918673635 ], [ 5877973.302427068352699, 7795669.071350392885506 ], [ 5877775.798134919255972, 7795678.82975051458925 ], [ 5877774.316715235821903, 7795648.748733512125909 ], [ 5877605.027524955570698, 7795657.111424632370472 ], [ 5877606.508655320852995, 7795687.192346083000302 ], [ 5877437.219096050597727, 7795695.553328666836023 ], [ 5877438.699917681515217, 7795725.634155604057014 ], [ 5877382.269950452260673, 7795728.420759520493448 ], [ 5877383.750656230375171, 7795758.501555631868541 ], [ 5877129.815260232426226, 7795771.03891216032207 ], [ 5877131.295512641780078, 7795801.119566031731665 ], [ 5877018.435086267068982, 7795806.690495925024152 ], [ 5877021.395147131755948, 7795866.85167939402163 ], [ 5876993.179938578046858, 7795868.244268031790853 ], [ 5876999.099634565412998, 7795988.566583486273885 ], [ 5876970.884230945259333, 7795989.959063669666648 ], [ 5876979.762903465889394, 7796170.44247180223465 ], [ 5877007.9785963492468, 7796169.050087103620172 ], [ 5877009.45835539046675, 7796199.130674585700035 ], [ 5877150.53702768497169, 7796192.168158700689673 ], [ 5877152.017008358612657, 7796222.248826781287789 ], [ 5877236.664329828694463, 7796218.070827439427376 ], [ 5877238.144435714930296, 7796248.151544285938144 ], [ 5877351.007692882791162, 7796242.580315029248595 ], [ 5877352.487972184084356, 7796272.661096571013331 ], [ 5877521.783080834895372, 7796264.303004343062639 ], [ 5877529.185632289387286, 7796414.707404975779355 ], [ 5877585.617799535393715, 7796411.921175118535757 ], [ 5877587.098347979597747, 7796442.0020901421085 ], [ 5877615.314476490020752, 7796440.608923949301243 ], [ 5877616.79505371581763, 7796470.689855922013521 ], [ 5877673.227400507777929, 7796467.903421014547348 ], [ 5877674.708054719492793, 7796497.984385854564607 ], [ 5877702.924272999167442, 7796496.591117138043046 ], [ 5877705.885619562119246, 7796556.753081724978983 ], [ 5877734.101932033896446, 7796555.359800077974796 ], [ 5877735.582624382339418, 7796585.440799824893475 ], [ 5877763.798982843756676, 7796584.047489318996668 ], [ 5877765.279703970998526, 7796614.128506008535624 ], [ 5877793.496108420193195, 7796612.735166640952229 ], [ 5877794.976858322508633, 7796642.816200282424688 ], [ 5877823.193308760412037, 7796641.422832053154707 ], [ 5877826.154846689663827, 7796701.584934249520302 ], [ 5877854.371391314081848, 7796700.19155309535563 ], [ 5877855.852179338224232, 7796730.272621650248766 ], [ 5878081.584842294454575, 7796719.124087538570166 ], [ 5878086.02824654057622, 7796809.367681721225381 ], [ 5878368.195322052575648, 7796795.428461398929358 ], [ 5878371.15845831297338, 7796855.591181388124824 ], [ 5878427.592039649374783, 7796852.802863663993776 ], [ 5878439.444578290916979, 7797093.45403949264437 ], [ 5878552.313256591558456, 7797087.877376839518547 ] ] ] ] } },
{ "type": "Feature", "properties": { "ID": 4, "Area_ha": 9054090.08, "x": 5439489.248, "y": 7811817.558, "CD_GEOCOD": "3161304", "NM_MUNICI": "São Francisco de Sales", "NM_MESO": "Triângulo Mineiro e Alto Paranaíba", "NM_MICRO": "FRUTAL" }, "geometry": { "type": "MultiPolygon", "coordinates": [ [ [ [ 5439545.243272073566914, 7811916.936219115741551 ], [ 5439544.504962095990777, 7811887.040804227814078 ], [ 5439572.745606552809477, 7811886.342779797501862 ], [ 5439568.315257493406534, 7811706.970233807340264 ], [ 5439455.353815156035125, 7811709.762253982946277 ], [ 5439456.09204054903239, 7811739.657647436484694 ], [ 5439427.851629603654146, 7811740.355532379820943 ], [ 5439428.589797710999846, 7811770.250917437486351 ], [ 5439400.349338066764176, 7811770.948749547824264 ], [ 5439404.039795227348804, 7811920.425628686323762 ], [ 5439545.243272073566914, 7811916.936219115741551 ] ] ] ] } },
{ "type": "Feature", "properties": { "ID": 4, "Area_ha": 9054090.08, "x": 5440306.881, "y": 7811652.88, "CD_GEOCOD": "3161304", "NM_MUNICI": "São Francisco de Sales", "NM_MESO": "Triângulo Mineiro e Alto Paranaíba", "NM_MICRO": "FRUTAL" }, "geometry": { "type": "MultiPolygon", "coordinates": [ [ [ [ 5440474.225944091565907, 7811774.295280919410288 ], [ 5440470.526250703260303, 7811624.81687577161938 ], [ 5440442.286022479645908, 7811625.516399268060923 ], [ 5440441.546102239750326, 7811595.620724989101291 ], [ 5440356.825553684495389, 7811597.719050366431475 ], [ 5440356.085766509175301, 7811567.823399659246206 ], [ 5440327.845629029907286, 7811568.522759744897485 ], [ 5440327.105879733338952, 7811538.627116620540619 ], [ 5440298.865788737311959, 7811539.326439846307039 ], [ 5440298.126077320426702, 7811509.430804297327995 ], [ 5440156.925843661651015, 7811512.926787616685033 ], [ 5440161.362538632005453, 7811692.300354884937406 ], [ 5440189.602873146533966, 7811691.601295878179371 ], [ 5440191.081788958050311, 7811751.392497624270618 ], [ 5440304.043496641330421, 7811748.595877044834197 ], [ 5440304.783130339346826, 7811778.491509266197681 ], [ 5440474.225944091565907, 7811774.295280919410288 ] ] ] ] } },
{ "type": "Feature", "properties": { "ID": 4, "Area_ha": 9054090.08, "x": 5683908.975, "y": 7804074.934, "CD_GEOCOD": "3156908", "NM_MUNICI": "Sacramento", "NM_MESO": "Triângulo Mineiro e Alto Paranaíba", "NM_MICRO": "ARAXÁ" }, "geometry": { "type": "MultiPolygon", "coordinates": [ [ [ [ 5684009.671010942198336, 7804342.990628092549741 ], [ 5684008.519558845087886, 7804313.006911681033671 ], [ 5684036.748176696710289, 7804311.92074665799737 ], [ 5684035.596661601215601, 7804281.937018092721701 ], [ 5684261.425159241072834, 7804273.245984882116318 ], [ 5684259.121317519806325, 7804213.278329855762422 ], [ 5684287.349776186980307, 7804212.19172415137291 ], [ 5684286.197784760035574, 7804182.207884615287185 ], [ 5684314.426193814724684, 7804181.121221663430333 ], [ 5684313.274139380082488, 7804151.137369971722364 ], [ 5684341.502498819492757, 7804150.050649773329496 ], [ 5684336.893938321620226, 7804030.115195984020829 ], [ 5684308.665770443156362, 7804031.201965864747763 ], [ 5684307.513640408404171, 7804001.218115506693721 ], [ 5684279.285518695600331, 7804002.304852982051671 ], [ 5684278.133421435020864, 7803972.32101530674845 ], [ 5684249.90534588880837, 7803973.407720372080803 ], [ 5684247.601201796904206, 7803913.440070657990873 ], [ 5684219.373220309615135, 7803914.526755731552839 ], [ 5684218.221173480153084, 7803884.542943689972162 ], [ 5684077.081479634158313, 7803889.975758675485849 ], [ 5684078.233286993578076, 7803919.959508629515767 ], [ 5684021.777301586233079, 7803922.132295969873667 ], [ 5684022.92899804469198, 7803952.116021358408034 ], [ 5683768.876547289080918, 7803961.89123353920877 ], [ 5683767.725281868129969, 7803931.907619871199131 ], [ 5683711.269258512184024, 7803934.079420926049352 ], [ 5683710.118073769845068, 7803904.095832338556647 ], [ 5683681.890107399784029, 7803905.181678028777242 ], [ 5683679.587788384407759, 7803845.21452646702528 ], [ 5683594.904166288673878, 7803848.471868997439742 ], [ 5683593.753127807751298, 7803818.488330835476518 ], [ 5683367.930442846380174, 7803827.172704190015793 ], [ 5683372.532973539084196, 7803947.106461454182863 ], [ 5683513.67312244977802, 7803941.679312448017299 ], [ 5683514.823956836946309, 7803971.662814442068338 ], [ 5683543.052029339596629, 7803970.577262552455068 ], [ 5683544.202896516770124, 7804000.56077721901238 ], [ 5683572.431015187874436, 7803999.475192905403674 ], [ 5683578.185363983735442, 7804149.392832219600677 ], [ 5683719.327128726057708, 7804143.964548422023654 ], [ 5683722.780275076627731, 7804233.915321302600205 ], [ 5683751.008766516111791, 7804232.829567295499146 ], [ 5683752.15983297303319, 7804262.813171192072332 ], [ 5683780.388370574451983, 7804261.727384770289063 ], [ 5683781.539469809271395, 7804291.71100134588778 ], [ 5683809.768053572624922, 7804290.625182504765689 ], [ 5683810.919185585342348, 7804320.608811756595969 ], [ 5683895.60507018584758, 7804317.35112352669239 ], [ 5683896.75633074529469, 7804347.334790285676718 ], [ 5684009.671010942198336, 7804342.990628092549741 ] ] ] ] } },
{ "type": "Feature", "properties": { "ID": 4, "Area_ha": 9054090.08, "x": 5548148.567, "y": 7808977.069, "CD_GEOCOD": "3111408", "NM_MUNICI": "Campo Florido", "NM_MESO": "Triângulo Mineiro e Alto Paranaíba", "NM_MICRO": "UBERABA" }, "geometry": { "type": "MultiPolygon", "coordinates": [ [ [ [ 5548398.084027130156755, 7809612.148800292983651 ], [ 5548397.162388387136161, 7809582.218824977055192 ], [ 5548425.399376668035984, 7809581.34821530431509 ], [ 5548421.71250986866653, 7809461.628272702917457 ], [ 5548449.949306, 7809460.757578366436064 ], [ 5548447.183885694481432, 7809370.967589962296188 ], [ 5548475.420537363737822, 7809370.096820926293731 ], [ 5548467.123193363659084, 7809100.726757986471057 ], [ 5548495.359414370730519, 7809099.855854492634535 ], [ 5548489.827020627446473, 7808920.275746030732989 ], [ 5548518.062954040244222, 7808919.404737949371338 ], [ 5548508.84085204731673, 7808620.104445595294237 ], [ 5548537.076307002454996, 7808619.233293094672263 ], [ 5548530.619781134650111, 7808409.723009814508259 ], [ 5548445.914414079859853, 7808412.336541872471571 ], [ 5548440.380635680630803, 7808232.756472427397966 ], [ 5548327.441272102296352, 7808236.240792904980481 ], [ 5548331.129742657765746, 7808355.960680527612567 ], [ 5548218.189593470655382, 7808359.444124169647694 ], [ 5548220.033374397084117, 7808419.303987456485629 ], [ 5548163.563100644387305, 7808421.045400384813547 ], [ 5548164.484877524897456, 7808450.975311897695065 ], [ 5548079.779313381761312, 7808453.587065095081925 ], [ 5548080.700935021974146, 7808483.516946606338024 ], [ 5548052.465696496888995, 7808484.387431362643838 ], [ 5548055.230345683172345, 7808574.177045146934688 ], [ 5548026.994962636381388, 7808575.04745520837605 ], [ 5548028.837906179018319, 7808634.907177079468966 ], [ 5547915.895978493615985, 7808638.388289314694703 ], [ 5547919.580957061611116, 7808758.107572063803673 ], [ 5547891.345280851237476, 7808758.977698229253292 ], [ 5547893.187602147459984, 7808818.837318800389767 ], [ 5547639.065595367923379, 7808826.666257448494434 ], [ 5547639.986308523453772, 7808856.595978003926575 ], [ 5547611.750475379638374, 7808857.465625934302807 ], [ 5547613.591770013794303, 7808917.325046706944704 ], [ 5547585.355840081349015, 7808918.194629915058613 ], [ 5547586.276421559974551, 7808948.124330133199692 ], [ 5547558.040442544035614, 7808948.993858562782407 ], [ 5547563.563391355797648, 7809128.571997011080384 ], [ 5547761.217218924313784, 7809122.484774014912546 ], [ 5547769.503831080161035, 7809391.852597823366523 ], [ 5548023.633944813162088, 7809384.023745915852487 ], [ 5548027.318286081776023, 7809503.743132897652686 ], [ 5548055.555149250663817, 7809502.87307611387223 ], [ 5548056.476252012886107, 7809532.802932432852685 ], [ 5548112.950069590471685, 7809531.062704283744097 ], [ 5548113.87125563621521, 7809560.992580352351069 ], [ 5548170.345163069665432, 7809559.252192800864577 ], [ 5548171.266432396136224, 7809589.182088624686003 ], [ 5548255.977426256984472, 7809586.571200959384441 ], [ 5548256.898826549760997, 7809616.501126492395997 ], [ 5548398.084027130156755, 7809612.148800292983651 ] ] ] ] } },
{ "type": "Feature", "properties": { "ID": 4, "Area_ha": 9054090.08, "x": 5453505.961, "y": 7810848.349, "CD_GEOCOD": "3161304", "NM_MUNICI": "São Francisco de Sales", "NM_MESO": "Triângulo Mineiro e Alto Paranaíba", "NM_MICRO": "FRUTAL" }, "geometry": { "type": "MultiPolygon", "coordinates": [ [ [ [ 5453563.963619779795408, 7810906.706671379506588 ], [ 5453560.914822410792112, 7810787.108856327831745 ], [ 5453447.959232854656875, 7810789.990482915192842 ], [ 5453451.007268377579749, 7810909.588166235014796 ], [ 5453563.963619779795408, 7810906.706671379506588 ] ] ] ] } },
{ "type": "Feature", "properties": { "ID": 4, "Area_ha": 9054090.08, "x": 5489117.613, "y": 7809947.235, "CD_GEOCOD": "3133402", "NM_MUNICI": "Itapagipe", "NM_MESO": "Triângulo Mineiro e Alto Paranaíba", "NM_MICRO": "FRUTAL" }, "geometry": { "type": "MultiPolygon", "coordinates": [ [ [ [ 5489233.103548765182495, 7810110.536552532576025 ], [ 5489232.281258262693882, 7810080.626292398199439 ], [ 5489345.232344110496342, 7810077.517613602802157 ], [ 5489344.409852216020226, 7810047.607317636720836 ], [ 5489372.647572942078114, 7810046.830026922747493 ], [ 5489371.825022596865892, 7810016.919721769168973 ], [ 5489484.775702557526529, 7810013.810074854642153 ], [ 5489479.839030044153333, 7809834.348024345934391 ], [ 5489423.364264356903732, 7809835.903044132515788 ], [ 5489422.54154310375452, 7809805.992719093337655 ], [ 5489366.06686778459698, 7809807.547577225603163 ], [ 5489365.244231039658189, 7809777.637269651517272 ], [ 5489308.769646090455353, 7809779.191966123878956 ], [ 5489307.947093856520951, 7809749.281676015816629 ], [ 5489138.523595307022333, 7809753.944742146879435 ], [ 5489139.34586161095649, 7809783.854978973977268 ], [ 5489026.396647267974913, 7809786.962757062166929 ], [ 5489027.218712158501148, 7809816.872958071529865 ], [ 5488942.506645482033491, 7809819.203294008970261 ], [ 5488943.32855661958456, 7809849.113468083553016 ], [ 5488858.616335875354707, 7809851.443373687565327 ], [ 5488859.438093262724578, 7809881.353520832955837 ], [ 5488746.488257723860443, 7809884.459398157894611 ], [ 5488752.238923142664135, 7810093.83017120976001 ], [ 5488865.190092891454697, 7810090.72454234585166 ], [ 5488866.011763968504965, 7810120.634687061421573 ], [ 5489233.103548765182495, 7810110.536552532576025 ] ] ] ] } },
{ "type": "Feature", "properties": { "ID": 4, "Area_ha": 9054090.08, "x": 5423931.362, "y": 7811392.493, "CD_GEOCOD": "3161304", "NM_MUNICI": "São Francisco de Sales", "NM_MESO": "Triângulo Mineiro e Alto Paranaíba", "NM_MICRO": "FRUTAL" }, "geometry": { "type": "MultiPolygon", "coordinates": [ [ [ [ 5424050.658067186363041, 7811515.533963127993047 ], [ 5424047.095575862564147, 7811366.078308429569006 ], [ 5424018.855761051177979, 7811366.751942841336131 ], [ 5424018.143282311037183, 7811336.86081824824214 ], [ 5423989.903514018282294, 7811337.534415496513247 ], [ 5423989.191073516383767, 7811307.643298150971532 ], [ 5423932.711628908291459, 7811308.990373451262712 ], [ 5423931.286910213530064, 7811249.208168192766607 ], [ 5423818.328388905152678, 7811251.90184198692441 ], [ 5423821.889163648709655, 7811401.357197854667902 ], [ 5423850.129033542238176, 7811400.683885173872113 ], [ 5423851.553373166359961, 7811460.466039754450321 ], [ 5423879.793337169103324, 7811459.792697601020336 ], [ 5423881.217734565958381, 7811519.574865765869617 ], [ 5424050.658067186363041, 7811515.533963127993047 ] ] ] ] } },
{ "type": "Feature", "properties": { "ID": 4, "Area_ha": 9054090.08, "x": 5453512.97, "y": 7810476.677, "CD_GEOCOD": "3161304", "NM_MUNICI": "São Francisco de Sales", "NM_MESO": "Triângulo Mineiro e Alto Paranaíba", "NM_MICRO": "FRUTAL" }, "geometry": { "type": "MultiPolygon", "coordinates": [ [ [ [ 5453583.055260858498514, 7810547.192623022943735 ], [ 5453579.243400529026985, 7810397.695288896560669 ], [ 5453466.290291829966009, 7810400.57752303685993 ], [ 5453467.052493414841592, 7810430.47695770394057 ], [ 5453438.814165753312409, 7810431.197395842522383 ], [ 5453441.862681541591883, 7810550.795097718015313 ], [ 5453583.055260858498514, 7810547.192623022943735 ] ] ] ] } },
{ "type": "Feature", "properties": { "ID": 4, "Area_ha": 9054090.08, "x": 5626811.412, "y": 7805146.756, "CD_GEOCOD": "3170107", "NM_MUNICI": "Uberaba", "NM_MESO": "Triângulo Mineiro e Alto Paranaíba", "NM_MICRO": "UBERABA" }, "geometry": { "type": "MultiPolygon", "coordinates": [ [ [ [ 5626885.680297780781984, 7805249.124957281164825 ], [ 5626881.459148314781487, 7805129.286338899284601 ], [ 5626853.229243105277419, 7805130.282307894900441 ], [ 5626850.063379120081663, 7805040.40337906870991 ], [ 5626737.144316430203617, 7805044.386943039484322 ], [ 5626741.364675429649651, 7805164.225332960486412 ], [ 5626769.594634797424078, 7805163.229554746299982 ], [ 5626772.759902185760438, 7805253.108382137492299 ], [ 5626885.680297780781984, 7805249.124957281164825 ] ] ] ] } },
{ "type": "Feature", "properties": { "ID": 25, "Area_ha": 3174630.2, "x": 5898167.134, "y": 7793486.436, "CD_GEOCOD": "3107406", "NM_MUNICI": "Bom Despacho", "NM_MESO": "Central Mineira", "NM_MICRO": "BOM DESPACHO" }, "geometry": { "type": "MultiPolygon", "coordinates": [ [ [ [ 5898376.932089468464255, 7793623.336130985990167 ], [ 5898369.344853556714952, 7793472.872269250452518 ], [ 5898341.133467756211758, 7793474.299579148180783 ], [ 5898339.616009208373725, 7793444.20682642608881 ], [ 5898311.404669422656298, 7793445.634107797406614 ], [ 5898309.887239278294146, 7793415.541372482664883 ], [ 5898253.464649475179613, 7793418.395833341404796 ], [ 5898251.947296020574868, 7793388.303131722845137 ], [ 5898110.891023263335228, 7793395.438580930233002 ], [ 5898109.373891359195113, 7793365.345961882732809 ], [ 5898052.951462956145406, 7793368.199860377237201 ], [ 5898051.434407747350633, 7793338.107275016605854 ], [ 5897938.589716883376241, 7793343.814599269069731 ], [ 5897944.657045889645815, 7793464.184686742722988 ], [ 5897972.868415150791407, 7793462.757988069206476 ], [ 5897974.385246002115309, 7793492.85052899364382 ], [ 5898002.596661277115345, 7793491.423801789060235 ], [ 5898004.113520537503064, 7793521.516360110603273 ], [ 5898060.536440855823457, 7793518.662803808227181 ], [ 5898062.053376807831228, 7793548.755395820364356 ], [ 5898090.26488184928894, 7793547.328566728159785 ], [ 5898091.781846204772592, 7793577.421176138333976 ], [ 5898148.204946051351726, 7793574.567416071891785 ], [ 5898149.721987094730139, 7793604.660059170797467 ], [ 5898206.145174438133836, 7793601.806152406148612 ], [ 5898207.662292163819075, 7793631.898829204961658 ], [ 5898376.932089468464255, 7793623.336130985990167 ] ] ] ] } },
{ "type": "Feature", "properties": { "ID": 25, "Area_ha": 3174630.2, "x": 5882135.507, "y": 7794045.511, "CD_GEOCOD": "3138807", "NM_MUNICI": "Luz", "NM_MESO": "Central Mineira", "NM_MICRO": "BOM DESPACHO" }, "geometry": { "type": "MultiPolygon", "coordinates": [ [ [ [ 5882196.401948764920235, 7794132.957766002975404 ], [ 5882187.461977740749717, 7793952.456720630638301 ], [ 5882074.613393606618047, 7793958.063660173676908 ], [ 5882083.552206445485353, 7794138.564321519806981 ], [ 5882196.401948764920235, 7794132.957766002975404 ] ] ] ] } },
{ "type": "Feature", "properties": { "ID": 4, "Area_ha": 9054090.08, "x": 5553103.234, "y": 7807119.805, "CD_GEOCOD": "3111408", "NM_MUNICI": "Campo Florido", "NM_MESO": "Triângulo Mineiro e Alto Paranaíba", "NM_MICRO": "UBERABA" }, "geometry": { "type": "MultiPolygon", "coordinates": [ [ [ [ 5553103.153901191428304, 7807309.300835667178035 ], [ 5553100.362130419351161, 7807219.505809232592583 ], [ 5553241.528228814713657, 7807215.110718599520624 ], [ 5553240.597375422716141, 7807185.178992648608983 ], [ 5553268.830543169751763, 7807184.299829884432256 ], [ 5553265.106816485524178, 7807064.572884552180767 ], [ 5553208.640861551277339, 7807066.33124553412199 ], [ 5553203.055478066205978, 7806886.740943904966116 ], [ 5553061.89199870172888, 7806891.136362344026566 ], [ 5553069.337169109843671, 7807130.589695214293897 ], [ 5552928.171744963154197, 7807134.98359047062695 ], [ 5552933.753677686676383, 7807314.573283248580992 ], [ 5553103.153901191428304, 7807309.300835667178035 ] ] ] ] } },
{ "type": "Feature", "properties": { "ID": 4, "Area_ha": 9054090.08, "x": 5438456.747, "y": 7809817.144, "CD_GEOCOD": "3161304", "NM_MUNICI": "São Francisco de Sales", "NM_MESO": "Triângulo Mineiro e Alto Paranaíba", "NM_MICRO": "FRUTAL" }, "geometry": { "type": "MultiPolygon", "coordinates": [ [ [ [ 5438510.390855377539992, 7810057.944162625819445 ], [ 5438503.017879746854305, 7809758.992520682513714 ], [ 5438531.255135115236044, 7809758.295492690056562 ], [ 5438526.093143063597381, 7809549.029262642376125 ], [ 5438413.145448684692383, 7809551.817328131757677 ], [ 5438421.254841791465878, 7809880.663901682943106 ], [ 5438393.017391472123563, 7809881.360718313604593 ], [ 5438393.754503358155489, 7809911.255850886926055 ], [ 5438365.517004304565489, 7809911.952614682726562 ], [ 5438369.202180513180792, 7810061.428231463767588 ], [ 5438510.390855377539992, 7810057.944162625819445 ] ] ] ] } },
{ "type": "Feature", "properties": { "ID": 4, "Area_ha": 9054090.08, "x": 5439241.161, "y": 7809797.673, "CD_GEOCOD": "3161304", "NM_MUNICI": "São Francisco de Sales", "NM_MESO": "Triângulo Mineiro e Alto Paranaíba", "NM_MICRO": "FRUTAL" }, "geometry": { "type": "MultiPolygon", "coordinates": [ [ [ [ 5439474.906145852059126, 7810213.595330704003572 ], [ 5439471.950827171094716, 7810094.013605380430818 ], [ 5439387.237452912144363, 7810096.108711047098041 ], [ 5439379.111098300665617, 7809767.259195146150887 ], [ 5439435.585634429939091, 7809765.862327456474304 ], [ 5439432.629924488253891, 7809646.280608976259828 ], [ 5439263.207445968873799, 7809650.470864828675985 ], [ 5439262.468780050054193, 7809620.575482005253434 ], [ 5439093.046547379344702, 7809624.764169822447002 ], [ 5439090.83134890999645, 7809535.078162313438952 ], [ 5439062.594449154101312, 7809535.776143754832447 ], [ 5439060.379306402988732, 7809446.090156387537718 ], [ 5438947.432267930358648, 7809448.881728895008564 ], [ 5438949.64683903567493, 7809538.567620659247041 ], [ 5438921.409933732822537, 7809539.265377667732537 ], [ 5438924.362369075417519, 7809658.846528954803944 ], [ 5439150.259104756638408, 7809653.263471028767526 ], [ 5439153.951336321420968, 7809802.740219445899129 ], [ 5439238.663308380171657, 7809800.64595168735832 ], [ 5439244.57151810452342, 7810039.808918710798025 ], [ 5439329.284623257815838, 7810037.714438360184431 ], [ 5439333.716230736114085, 7810217.086789587512612 ], [ 5439474.906145852059126, 7810213.595330704003572 ] ] ] ] } },
{ "type": "Feature", "properties": { "ID": 4, "Area_ha": 9054090.08, "x": 5548822.446, "y": 7805975.029, "CD_GEOCOD": "3111408", "NM_MUNICI": "Campo Florido", "NM_MESO": "Triângulo Mineiro e Alto Paranaíba", "NM_MICRO": "UBERABA" }, "geometry": { "type": "MultiPolygon", "coordinates": [ [ [ [ 5548828.415384659543633, 7806153.629834671504796 ], [ 5548827.491446320898831, 7806123.699652932584286 ], [ 5548855.722919742576778, 7806122.827045803889632 ], [ 5548852.950888739898801, 7806033.03646982088685 ], [ 5548881.182217483408749, 7806032.163787933066487 ], [ 5548880.258135150186718, 7806002.233585681766272 ], [ 5548908.489414741285145, 7806001.360848944634199 ], [ 5548906.641118192113936, 7805941.500424074009061 ], [ 5548934.872300863265991, 7805940.627622533589602 ], [ 5548930.2511085877195, 7805790.976507961750031 ], [ 5548817.327324940823019, 7805794.467643971554935 ], [ 5548819.175456053577363, 7805854.328010575845838 ], [ 5548790.94441113434732, 7805855.20066243968904 ], [ 5548791.868410748429596, 7805885.130835561081767 ], [ 5548763.637316673994064, 7805886.003432573750615 ], [ 5548765.485184023156762, 7805945.863758461549878 ], [ 5548737.253993026912212, 7805946.736290669068694 ], [ 5548739.101716385222971, 7806006.596596045419574 ], [ 5548710.870428469963372, 7806007.469063453376293 ], [ 5548715.489286050200462, 7806157.119774490594864 ], [ 5548828.415384659543633, 7806153.629834671504796 ] ] ] ] } },
{ "type": "Feature", "properties": { "ID": 4, "Area_ha": 9054090.08, "x": 5549068.632, "y": 7805696.821, "CD_GEOCOD": "3111408", "NM_MUNICI": "Campo Florido", "NM_MESO": "Triângulo Mineiro e Alto Paranaíba", "NM_MICRO": "UBERABA" }, "geometry": { "type": "MultiPolygon", "coordinates": [ [ [ [ 5549126.943067327141762, 7805754.934998545795679 ], [ 5549123.244509292766452, 7805635.213824700564146 ], [ 5549010.321719942614436, 7805638.706416899338365 ], [ 5549014.019513627514243, 7805758.427431354299188 ], [ 5549126.943067327141762, 7805754.934998545795679 ] ] ] ] } },
{ "type": "Feature", "properties": { "ID": 4, "Area_ha": 9054090.08, "x": 5522880.311, "y": 7806174.174, "CD_GEOCOD": "3116902", "NM_MUNICI": "Comendador Gomes", "NM_MESO": "Triângulo Mineiro e Alto Paranaíba", "NM_MICRO": "FRUTAL" }, "geometry": { "type": "MultiPolygon", "coordinates": [ [ [ [ 5522948.401366857811809, 7806275.809436279349029 ], [ 5522947.520910928957164, 7806245.888156848028302 ], [ 5523003.984237696044147, 7806244.224712094292045 ], [ 5523000.461916572414339, 7806124.539516290649772 ], [ 5522972.230444840155542, 7806125.371299071237445 ], [ 5522971.349883447401226, 7806095.450009064748883 ], [ 5522943.118458141572773, 7806096.281756430864334 ], [ 5522942.237932954914868, 7806066.360475692898035 ], [ 5522772.849639836698771, 7806071.350073885172606 ], [ 5522779.011068342253566, 7806280.798636053688824 ], [ 5522948.401366857811809, 7806275.809436279349029 ] ] ] ] } },
{ "type": "Feature", "properties": { "ID": 4, "Area_ha": 9054090.08, "x": 5346964.748, "y": 7810171.439, "CD_GEOCOD": "3114550", "NM_MUNICI": "Carneirinho", "NM_MESO": "Triângulo Mineiro e Alto Paranaíba", "NM_MICRO": "FRUTAL" }, "geometry": { "type": "MultiPolygon", "coordinates": [ [ [ [ 5346925.004876400344074, 7810378.812551128678024 ], [ 5346924.421455098316073, 7810348.940465467050672 ], [ 5347122.088760427199304, 7810345.076855754479766 ], [ 5347120.337451356463134, 7810255.46046295017004 ], [ 5347176.813530904240906, 7810254.356132449582219 ], [ 5347171.558333687484264, 7809985.50680834800005 ], [ 5347143.320722637698054, 7809986.059052748605609 ], [ 5347142.736821140162647, 7809956.18690893612802 ], [ 5346888.598710488528013, 7809961.155143840238452 ], [ 5346889.182183673605323, 7809991.027230987325311 ], [ 5346832.706943134777248, 7809992.130776483565569 ], [ 5346833.290313489735126, 7810022.002850446850061 ], [ 5346805.052644315175712, 7810022.55454952083528 ], [ 5346807.969143404625356, 7810171.914878885261714 ], [ 5346779.731235413812101, 7810172.466501580551267 ], [ 5346780.897686334326863, 7810232.210616547614336 ], [ 5346724.421677378006279, 7810233.313702024519444 ], [ 5346727.337194992229342, 7810382.673916043713689 ], [ 5346925.004876400344074, 7810378.812551128678024 ] ] ] ] } },
{ "type": "Feature", "properties": { "ID": 4, "Area_ha": 9054090.08, "x": 5537883.641, "y": 7805282.369, "CD_GEOCOD": "3116902", "NM_MUNICI": "Comendador Gomes", "NM_MESO": "Triângulo Mineiro e Alto Paranaíba", "NM_MICRO": "FRUTAL" }, "geometry": { "type": "MultiPolygon", "coordinates": [ [ [ [ 5537982.124544974416494, 7805377.256760636344552 ], [ 5537977.593990108929574, 7805227.624699714593589 ], [ 5537949.363947469741106, 7805228.480470858514309 ], [ 5537947.551737944595516, 7805168.627664760686457 ], [ 5537834.631935984827578, 7805172.050378320738673 ], [ 5537835.537855579517782, 7805201.976742429658771 ], [ 5537807.307853911072016, 7805202.8322987947613 ], [ 5537808.213713857345283, 7805232.758652966469526 ], [ 5537779.98366305232048, 7805233.614154668524861 ], [ 5537783.606793021783233, 7805353.319530552253127 ], [ 5537811.837034922093153, 7805352.464067874476314 ], [ 5537812.742835508659482, 7805382.390421155840158 ], [ 5537982.124544974416494, 7805377.256760636344552 ] ] ] ] } },
{ "type": "Feature", "properties": { "ID": 4, "Area_ha": 9054090.08, "x": 5433061.161, "y": 7807802.07, "CD_GEOCOD": "3161304", "NM_MUNICI": "São Francisco de Sales", "NM_MESO": "Triângulo Mineiro e Alto Paranaíba", "NM_MICRO": "FRUTAL" }, "geometry": { "type": "MultiPolygon", "coordinates": [ [ [ [ 5432977.622399535961449, 7807950.279987785965204 ], [ 5432976.893667815253139, 7807920.38632751815021 ], [ 5433061.596637363545597, 7807918.319675290025771 ], [ 5433060.867753086611629, 7807888.425991022959352 ], [ 5433117.336298637092113, 7807887.047982566058636 ], [ 5433116.607309468090534, 7807857.15428215265274 ], [ 5433257.778415814973414, 7807853.708435658365488 ], [ 5433257.049178744666278, 7807823.81469551846385 ], [ 5433313.517518269829452, 7807822.436026766896248 ], [ 5433310.600093029439449, 7807702.86099901329726 ], [ 5433225.898154146037996, 7807704.929029082879424 ], [ 5433225.168916951864958, 7807675.035294646397233 ], [ 5432942.829526121728122, 7807681.925886899232864 ], [ 5432945.015778884291649, 7807771.606853211298585 ], [ 5432888.547601536847651, 7807772.98438547924161 ], [ 5432889.276238012127578, 7807802.878024345263839 ], [ 5432832.807960941456258, 7807804.25536122918129 ], [ 5432836.450523371808231, 7807953.723470547236502 ], [ 5432977.622399535961449, 7807950.279987785965204 ] ] ] ] } },
{ "type": "Feature", "properties": { "ID": 25, "Area_ha": 3174630.2, "x": 5875321.623, "y": 7791386.404, "CD_GEOCOD": "3138807", "NM_MUNICI": "Luz", "NM_MESO": "Central Mineira", "NM_MICRO": "BOM DESPACHO" }, "geometry": { "type": "MultiPolygon", "coordinates": [ [ [ [ 5875311.551321597769856, 7791579.043984619900584 ], [ 5875308.590753760188818, 7791518.884779095649719 ], [ 5875393.215435477904975, 7791514.706865667365491 ], [ 5875391.734977591782808, 7791484.627216809429228 ], [ 5875419.943152094259858, 7791483.234473377466202 ], [ 5875416.982081595808268, 7791423.075146954506636 ], [ 5875445.19015727005899, 7791421.682326901704073 ], [ 5875442.228912671096623, 7791361.522972783073783 ], [ 5875470.436889515258372, 7791360.130076104775071 ], [ 5875468.956189849413931, 7791330.050384689122438 ], [ 5875497.164116168394685, 7791328.657427265308797 ], [ 5875491.24093054048717, 7791208.33860822301358 ], [ 5875378.409984925761819, 7791213.910422562621534 ], [ 5875379.890617148950696, 7791243.990062328055501 ], [ 5875295.267239734530449, 7791248.168404210358858 ], [ 5875296.74770765658468, 7791278.247997381724417 ], [ 5875240.332015013322234, 7791281.033302491530776 ], [ 5875241.812366948463023, 7791311.112864933907986 ], [ 5875157.188666437752545, 7791315.290438385680318 ], [ 5875163.109300811775029, 7791435.608507871627808 ], [ 5875191.317396428436041, 7791434.216091733425856 ], [ 5875198.717995191924274, 7791584.613780627027154 ], [ 5875311.551321597769856, 7791579.043984619900584 ] ] ] ] } },
{ "type": "Feature", "properties": { "ID": 4, "Area_ha": 9054090.08, "x": 5347084.437, "y": 7809235.574, "CD_GEOCOD": "3114550", "NM_MUNICI": "Carneirinho", "NM_MESO": "Triângulo Mineiro e Alto Paranaíba", "NM_MICRO": "FRUTAL" }, "geometry": { "type": "MultiPolygon", "coordinates": [ [ [ [ 5347274.577356718480587, 7809475.470319865271449 ], [ 5347271.655931797809899, 7809326.109386472031474 ], [ 5347328.129049958661199, 7809325.004126301966608 ], [ 5347324.038066883571446, 7809115.898706216365099 ], [ 5347126.384470631368458, 7809119.766639171168208 ], [ 5347124.632077052257955, 7809030.150153866037726 ], [ 5346983.451624634675682, 7809032.911709533073008 ], [ 5346984.035525434650481, 7809062.783840419724584 ], [ 5346786.382521876133978, 7809066.648087008856237 ], [ 5346789.300244811922312, 7809216.008512211963534 ], [ 5346845.773012012243271, 7809214.904729349538684 ], [ 5346846.356628864072263, 7809244.776825176551938 ], [ 5346874.593058751896024, 7809244.224872641265392 ], [ 5346875.176715559326112, 7809274.096974162384868 ], [ 5346903.413192175328732, 7809273.544982984662056 ], [ 5346903.996888936497271, 7809303.417090197093785 ], [ 5347045.179496857337654, 7809300.656491816975176 ], [ 5347048.682944817468524, 7809479.88931137509644 ], [ 5347274.577356718480587, 7809475.470319865271449 ] ] ] ] } },
{ "type": "Feature", "properties": { "ID": 4, "Area_ha": 9054090.08, "x": 5346435.596, "y": 7808460.891, "CD_GEOCOD": "3114550", "NM_MUNICI": "Carneirinho", "NM_MESO": "Triângulo Mineiro e Alto Paranaíba", "NM_MICRO": "FRUTAL" }, "geometry": { "type": "MultiPolygon", "coordinates": [ [ [ [ 5346493.52419835049659, 7808534.468096859753132 ], [ 5346490.607976905070245, 7808385.107917120680213 ], [ 5346377.667729688808322, 7808387.31385019980371 ], [ 5346380.582998699508607, 7808536.67390426248312 ], [ 5346493.52419835049659, 7808534.468096859753132 ] ] ] ] } },
{ "type": "Feature", "properties": { "ID": 4, "Area_ha": 9054090.08, "x": 5622431.034, "y": 7800726.554, "CD_GEOCOD": "3170107", "NM_MUNICI": "Uberaba", "NM_MESO": "Triângulo Mineiro e Alto Paranaíba", "NM_MICRO": "UBERABA" }, "geometry": { "type": "MultiPolygon", "coordinates": [ [ [ [ 5622489.579884868115187, 7800784.488161016255617 ], [ 5622485.378961026668549, 7800664.656386424787343 ], [ 5622372.487873996607959, 7800668.620038267225027 ], [ 5622376.688031126745045, 7800788.451632282696664 ], [ 5622489.579884868115187, 7800784.488161016255617 ] ] ] ] } },
{ "type": "Feature", "properties": { "ID": 4, "Area_ha": 9054090.08, "x": 5600857.081, "y": 7801569.907, "CD_GEOCOD": "3170107", "NM_MUNICI": "Uberaba", "NM_MESO": "Triângulo Mineiro e Alto Paranaíba", "NM_MICRO": "UBERABA" }, "geometry": { "type": "MultiPolygon", "coordinates": [ [ [ [ 5600878.44250413775444, 7801769.975991806015372 ], [ 5600876.415671397931874, 7801710.077096064575016 ], [ 5600904.640105647034943, 7801709.120597550645471 ], [ 5600899.572552153840661, 7801559.373303705826402 ], [ 5600956.020937212742865, 7801557.460062924772501 ], [ 5600949.93886043317616, 7801377.763179562985897 ], [ 5600808.81932308152318, 7801382.546271401457489 ], [ 5600814.899963145144284, 7801562.242827899754047 ], [ 5600786.675763763487339, 7801563.199246101081371 ], [ 5600788.702441866509616, 7801623.098076479509473 ], [ 5600760.478145185858011, 7801624.054427966475487 ], [ 5600765.544368838891387, 7801773.801449431106448 ], [ 5600878.44250413775444, 7801769.975991806015372 ] ] ] ] } },
{ "type": "Feature", "properties": { "ID": 4, "Area_ha": 9054090.08, "x": 5347076.903, "y": 7808426.041, "CD_GEOCOD": "3114550", "NM_MUNICI": "Carneirinho", "NM_MESO": "Triângulo Mineiro e Alto Paranaíba", "NM_MICRO": "FRUTAL" }, "geometry": { "type": "MultiPolygon", "coordinates": [ [ [ [ 5347005.263779216445982, 7808703.765939747914672 ], [ 5347004.095691052265465, 7808644.021650414913893 ], [ 5347455.863143592141569, 7808635.178688814863563 ], [ 5347455.278326133266091, 7808605.30644247494638 ], [ 5347568.219963593408465, 7808603.093879166990519 ], [ 5347567.634947993792593, 7808573.221607013605535 ], [ 5347595.870307536795735, 7808572.668347528204322 ], [ 5347592.944876438938081, 7808423.306946272030473 ], [ 5347338.82875179965049, 7808428.284947324544191 ], [ 5347332.981600938364863, 7808129.562667173333466 ], [ 5346740.053700997494161, 7808141.16516686975956 ], [ 5346740.63745036162436, 7808171.037265392951667 ], [ 5346712.402731157839298, 7808171.589264629408717 ], [ 5346714.737461630254984, 7808291.077627587132156 ], [ 5346799.442188121378422, 7808289.421570499427617 ], [ 5346804.112424946390092, 7808528.39841859228909 ], [ 5346606.46538395434618, 7808532.261570347473025 ], [ 5346609.382366713136435, 7808681.621860817074776 ], [ 5346835.266600513830781, 7808677.206902028992772 ], [ 5346835.850355066359043, 7808707.07900863699615 ], [ 5347005.263779216445982, 7808703.765939747914672 ] ] ] ] } },
{ "type": "Feature", "properties": { "ID": 4, "Area_ha": 9054090.08, "x": 5564257.603, "y": 7802583.544, "CD_GEOCOD": "3111408", "NM_MUNICI": "Campo Florido", "NM_MESO": "Triângulo Mineiro e Alto Paranaíba", "NM_MICRO": "UBERABA" }, "geometry": { "type": "MultiPolygon", "coordinates": [ [ [ [ 5564315.958025608211756, 7802641.618377001956105 ], [ 5564312.151683179661632, 7802521.875306561589241 ], [ 5564199.248772740364075, 7802525.468649933114648 ], [ 5564203.054349640384316, 7802645.211556665599346 ], [ 5564315.958025608211756, 7802641.618377001956105 ] ] ] ] } },
{ "type": "Feature", "properties": { "ID": 4, "Area_ha": 9054090.08, "x": 5624916.557, "y": 7800438.175, "CD_GEOCOD": "3170107", "NM_MUNICI": "Uberaba", "NM_MESO": "Triângulo Mineiro e Alto Paranaíba", "NM_MICRO": "UBERABA" }, "geometry": { "type": "MultiPolygon", "coordinates": [ [ [ [ 5624972.139845899306238, 7800667.150982303544879 ], [ 5624970.030949842184782, 7800607.233104551210999 ], [ 5624998.253626462072134, 7800606.238136685453355 ], [ 5624997.199109804816544, 7800576.279186585918069 ], [ 5625053.644362445920706, 7800574.28909339569509 ], [ 5625052.589736135676503, 7800544.330120706930757 ], [ 5625109.034886591136456, 7800542.339825125411153 ], [ 5625107.980150625109673, 7800512.380829842761159 ], [ 5625136.202675550244749, 7800511.385603322647512 ], [ 5625133.038241033442318, 7800421.508583916351199 ], [ 5625161.260620594955981, 7800420.513278460130095 ], [ 5625155.98604728281498, 7800270.718190925195813 ], [ 5624901.986730991862714, 7800279.674832405522466 ], [ 5624900.932206286117435, 7800249.715917110443115 ], [ 5624703.37742929905653, 7800256.67975670658052 ], [ 5624711.810556516982615, 7800496.350446734577417 ], [ 5624740.033055692911148, 7800495.355837931856513 ], [ 5624745.303551404736936, 7800645.150078203529119 ], [ 5624858.194490755908191, 7800641.171420232392848 ], [ 5624859.248740194365382, 7800671.130313823930919 ], [ 5624972.139845899306238, 7800667.150982303544879 ] ] ] ] } },
{ "type": "Feature", "properties": { "ID": 4, "Area_ha": 9054090.08, "x": 5452775.189, "y": 7805174.35, "CD_GEOCOD": "3161304", "NM_MUNICI": "São Francisco de Sales", "NM_MESO": "Triângulo Mineiro e Alto Paranaíba", "NM_MICRO": "FRUTAL" }, "geometry": { "type": "MultiPolygon", "coordinates": [ [ [ [ 5452886.413931019604206, 7805389.010867790319026 ], [ 5452885.650802326388657, 7805359.111499206162989 ], [ 5452913.881042097695172, 7805358.390336915850639 ], [ 5452913.117855681106448, 7805328.490959731861949 ], [ 5452941.348046573810279, 7805327.769744277000427 ], [ 5452940.584802432917058, 7805297.870358491316438 ], [ 5452968.814944446086884, 7805297.149089870974422 ], [ 5452964.998335160315037, 7805147.652114050462842 ], [ 5452936.76843181066215, 7805148.373423738405108 ], [ 5452936.005127703770995, 7805118.474035624414682 ], [ 5452907.775270939804614, 7805119.19530856795609 ], [ 5452905.485441857948899, 7805029.497166535817087 ], [ 5452877.255727153271437, 7805030.218419157899916 ], [ 5452876.492478542029858, 7805000.319045918993652 ], [ 5452848.262810425832868, 7805001.040261797606945 ], [ 5452845.973147849552333, 7804911.342164373025298 ], [ 5452733.055036756210029, 7804914.226676844060421 ], [ 5452734.581106558442116, 7804974.02534316945821 ], [ 5452706.35148043744266, 7804974.746342470869422 ], [ 5452707.11445261631161, 7805004.645666837692261 ], [ 5452678.88477760925889, 7805005.3666129745543 ], [ 5452679.647692061960697, 7805035.265928745269775 ], [ 5452651.417968170717359, 7805035.986821715719998 ], [ 5452652.180824898183346, 7805065.886128889396787 ], [ 5452623.951052121818066, 7805066.606968691572547 ], [ 5452625.476640142500401, 7805126.405565464869142 ], [ 5452597.246770749799907, 7805127.126343892887235 ], [ 5452598.009502043947577, 7805157.025633486919105 ], [ 5452569.779583767056465, 7805157.746358757838607 ], [ 5452573.592851776629686, 7805307.242759855464101 ], [ 5452601.823008715175092, 7805306.522075619548559 ], [ 5452602.585680088028312, 7805336.42136288061738 ], [ 5452771.966883995570242, 7805332.09636271558702 ], [ 5452773.492769536562264, 7805391.895034579560161 ], [ 5452886.413931019604206, 7805389.010867790319026 ] ] ] ] } },
{ "type": "Feature", "properties": { "ID": 4, "Area_ha": 9054090.08, "x": 5335985.325, "y": 7807676.472, "CD_GEOCOD": "3114550", "NM_MUNICI": "Carneirinho", "NM_MESO": "Triângulo Mineiro e Alto Paranaíba", "NM_MICRO": "FRUTAL" }, "geometry": { "type": "MultiPolygon", "coordinates": [ [ [ [ 5336030.564483473077416, 7807899.109008694067597 ], [ 5336029.998665072023869, 7807869.23924704361707 ], [ 5336086.467137518338859, 7807868.168979192152619 ], [ 5336083.637458020821214, 7807718.820100725628436 ], [ 5336111.871454804204404, 7807718.284868884831667 ], [ 5336111.305449033156037, 7807688.415085246786475 ], [ 5336252.475182000547647, 7807685.738221117295325 ], [ 5336247.944963491521776, 7807446.779685894958675 ], [ 5336135.010703200474381, 7807448.921462222002447 ], [ 5336137.275109576061368, 7807568.40063722524792 ], [ 5335967.872550251893699, 7807571.611806444823742 ], [ 5335968.438347493298352, 7807601.481562080793083 ], [ 5335686.100204095244408, 7807606.829852689057589 ], [ 5335686.665517571382225, 7807636.699546809308231 ], [ 5335658.431650912389159, 7807637.234122481197119 ], [ 5335660.692640242166817, 7807756.712868433445692 ], [ 5335914.799124342389405, 7807751.9002879364416 ], [ 5335917.627337836660445, 7807901.248980505391955 ], [ 5336030.564483473077416, 7807899.109008694067597 ] ] ] ] } },
{ "type": "Feature", "properties": { "ID": 4, "Area_ha": 9054090.08, "x": 5335237.328, "y": 7807533.201, "CD_GEOCOD": "3114550", "NM_MUNICI": "Carneirinho", "NM_MESO": "Triângulo Mineiro e Alto Paranaíba", "NM_MICRO": "FRUTAL" }, "geometry": { "type": "MultiPolygon", "coordinates": [ [ [ [ 5335210.640987358056009, 7807854.868335704319179 ], [ 5335210.076535435393453, 7807824.998749332502484 ], [ 5335238.310701503418386, 7807824.46492956019938 ], [ 5335236.052629347890615, 7807704.986553564667702 ], [ 5335320.754550866782665, 7807703.384751520119607 ], [ 5335318.495788793079555, 7807583.90629265923053 ], [ 5335346.729570391587913, 7807583.372244393453002 ], [ 5335345.600049707107246, 7807523.632999082095921 ], [ 5335373.833735182881355, 7807523.098893690854311 ], [ 5335373.268916108645499, 7807493.229264027439058 ], [ 5335429.73618923034519, 7807492.16090617980808 ], [ 5335426.911506510339677, 7807342.812687750905752 ], [ 5335398.6781085729599, 7807343.346919570118189 ], [ 5335398.113197476603091, 7807313.477280114777386 ], [ 5335369.879846330732107, 7807314.01147304661572 ], [ 5335369.314975478686392, 7807284.141839049756527 ], [ 5335312.848365916870534, 7807285.21010216884315 ], [ 5335312.283582953736186, 7807255.340479716658592 ], [ 5335199.350544192828238, 7807257.476490629836917 ], [ 5335200.479721584357321, 7807317.215686283074319 ], [ 5335172.246364482678473, 7807317.749564427882433 ], [ 5335173.375417020171881, 7807377.48874544724822 ], [ 5335145.141963787376881, 7807378.02256646566093 ], [ 5335146.270891476422548, 7807437.761732852086425 ], [ 5335118.037342112511396, 7807438.295496750622988 ], [ 5335119.166144956834614, 7807498.034648505970836 ], [ 5335090.932499467395246, 7807498.568355282768607 ], [ 5335097.704124059528112, 7807857.003140868619084 ], [ 5335210.640987358056009, 7807854.868335704319179 ] ] ] ] } },
{ "type": "Feature", "properties": { "ID": 4, "Area_ha": 9054090.08, "x": 5556422.068, "y": 7800403.515, "CD_GEOCOD": "3111408", "NM_MUNICI": "Campo Florido", "NM_MESO": "Triângulo Mineiro e Alto Paranaíba", "NM_MICRO": "UBERABA" }, "geometry": { "type": "MultiPolygon", "coordinates": [ [ [ [ 5556508.766878227703273, 7800551.31597314029932 ], [ 5556503.130190807394683, 7800371.718014435842633 ], [ 5556446.68561798427254, 7800373.491764352656901 ], [ 5556442.927963755093515, 7800253.759870012290776 ], [ 5556330.039567363448441, 7800257.306991438381374 ], [ 5556334.735646676272154, 7800406.971657361835241 ], [ 5556391.180326579138637, 7800405.198287445120513 ], [ 5556395.87657767906785, 7800554.863051000982523 ], [ 5556508.766878227703273, 7800551.31597314029932 ] ] ] ] } },
{ "type": "Feature", "properties": { "ID": 4, "Area_ha": 9054090.08, "x": 5337386.27, "y": 7806371.054, "CD_GEOCOD": "3114550", "NM_MUNICI": "Carneirinho", "NM_MESO": "Triângulo Mineiro e Alto Paranaíba", "NM_MICRO": "FRUTAL" }, "geometry": { "type": "MultiPolygon", "coordinates": [ [ [ [ 5337507.08394612185657, 7806825.233117526397109 ], [ 5337506.515342749655247, 7806795.363010627217591 ], [ 5337534.747866651043296, 7806794.82530209235847 ], [ 5337533.610542266629636, 7806735.085074212402105 ], [ 5337561.842970003373921, 7806734.547308457084 ], [ 5337561.27424898929894, 7806704.677187474444509 ], [ 5337589.506628213450313, 7806704.139370620250702 ], [ 5337586.662673182785511, 7806554.78872586786747 ], [ 5337643.126952493563294, 7806553.712896008044481 ], [ 5337638.006506456062198, 7806284.881586507894099 ], [ 5337553.311373057775199, 7806286.495429087430239 ], [ 5337551.035997628234327, 7806167.014904536306858 ], [ 5337268.720737206749618, 7806172.391700383275747 ], [ 5337260.194169107824564, 7805724.340563120320439 ], [ 5337147.270901209674776, 7805726.490388575941324 ], [ 5337151.817086937837303, 7805965.450816749595106 ], [ 5337180.048286581411958, 7805964.913476776331663 ], [ 5337187.435443021357059, 7806353.224167911335826 ], [ 5337215.667261473834515, 7806352.686862422153354 ], [ 5337217.940170478075743, 7806472.167078584432602 ], [ 5337246.172178719192743, 7806471.629752565175295 ], [ 5337247.87692535482347, 7806561.239926564507186 ], [ 5337276.109075717628002, 7806560.702573904767632 ], [ 5337277.245631597936153, 7806620.442699057981372 ], [ 5337305.477876420132816, 7806619.905313649214804 ], [ 5337307.751089538447559, 7806739.385581019334495 ], [ 5337335.983524126000702, 7806738.848175097256899 ], [ 5337336.551856460981071, 7806768.718246515840292 ], [ 5337364.784337848424911, 7806768.180801726877689 ], [ 5337365.921075503341854, 7806827.920954953879118 ], [ 5337507.08394612185657, 7806825.233117526397109 ] ] ] ] } },
{ "type": "Feature", "properties": { "ID": 4, "Area_ha": 9054090.08, "x": 5510537.888, "y": 7802977.894, "CD_GEOCOD": "3127107", "NM_MUNICI": "Frutal", "NM_MESO": "Triângulo Mineiro e Alto Paranaíba", "NM_MICRO": "FRUTAL" }, "geometry": { "type": "MultiPolygon", "coordinates": [ [ [ [ 5510511.404746851883829, 7804152.647069577127695 ], [ 5510507.962752600200474, 7804032.978293653577566 ], [ 5510846.700218415819108, 7804023.221360856667161 ], [ 5510845.839118247851729, 7803993.304055124521255 ], [ 5511156.347772448323667, 7803984.354412773624063 ], [ 5511157.20939826965332, 7804014.271820431575179 ], [ 5511298.349882741458714, 7804010.2020497713238 ], [ 5511294.902356004342437, 7803890.532232227735221 ], [ 5511266.674452854320407, 7803891.346313334070146 ], [ 5511264.950717353262007, 7803831.511421617120504 ], [ 5511180.267286862246692, 7803833.953450877219439 ], [ 5511175.958467507734895, 7803684.366356290876865 ], [ 5511147.730893709696829, 7803685.180322494357824 ], [ 5511139.974738229997456, 7803415.923620000481606 ], [ 5511252.883304974064231, 7803412.667151801288128 ], [ 5511239.951480215415359, 7802963.90538015216589 ], [ 5511211.725057531148195, 7802964.719703668728471 ], [ 5511210.862893415614963, 7802934.802259508520365 ], [ 5511182.636517244391143, 7802935.616547331213951 ], [ 5511180.912250781431794, 7802875.781676800921559 ], [ 5511152.685968932695687, 7802876.595938195474446 ], [ 5511150.099628053605556, 7802786.843658337369561 ], [ 5511121.873488340526819, 7802787.657902567647398 ], [ 5511119.287189360707998, 7802697.905648276209831 ], [ 5511091.061191789805889, 7802698.719875342212617 ], [ 5511088.474934722296894, 7802608.967646608129144 ], [ 5511060.249079299159348, 7802609.781856498681009 ], [ 5511059.387018864043057, 7802579.864455688744783 ], [ 5510946.483775465749204, 7802583.120882644318044 ], [ 5510944.760003292001784, 7802523.286154391244054 ], [ 5510803.631398033350706, 7802527.355768917128444 ], [ 5510804.493050673045218, 7802557.273086863569915 ], [ 5510691.589951859787107, 7802560.527932008728385 ], [ 5510693.312840786762536, 7802620.362493083812296 ], [ 5510608.635216170921922, 7802622.803099223412573 ], [ 5510617.247550114989281, 7802921.975611883215606 ], [ 5510306.757567423395813, 7802930.920020611956716 ], [ 5510304.175563301891088, 7802841.168574833311141 ], [ 5510275.949336897581816, 7802841.981460878625512 ], [ 5510268.203146632760763, 7802572.727193265222013 ], [ 5510465.783692018128932, 7802567.035463800653815 ], [ 5510455.450002361088991, 7802208.028964917175472 ], [ 5510737.702075764536858, 7802199.892989763058722 ], [ 5510735.116965096443892, 7802110.141081745736301 ], [ 5510819.792131408117712, 7802107.699328865855932 ], [ 5510818.930261826142669, 7802077.781997917219996 ], [ 5510875.380270561203361, 7802076.153919262811542 ], [ 5510874.518294051289558, 7802046.23656954523176 ], [ 5510902.743248645216227, 7802045.4224534900859 ], [ 5510901.881213031709194, 7802015.505094263702631 ], [ 5510930.106118501164019, 7802014.690923971123993 ], [ 5510929.244023781269789, 7801984.77355523686856 ], [ 5510957.468880125321448, 7801983.959330701269209 ], [ 5510955.744561195373535, 7801924.124573958106339 ], [ 5511012.194078671745956, 7801922.495952914468944 ], [ 5511007.882605669088662, 7801772.908964076079428 ], [ 5510979.658086738549173, 7801773.723343403078616 ], [ 5510978.795806135050952, 7801743.805954149924219 ], [ 5510950.571333739906549, 7801744.620297754183412 ], [ 5510949.709089691750705, 7801714.702917514368892 ], [ 5510921.484663832932711, 7801715.51722539588809 ], [ 5510920.622456341981888, 7801685.599854168482125 ], [ 5510892.398077020421624, 7801686.414126329123974 ], [ 5510891.535906087607145, 7801656.496764112263918 ], [ 5510863.311573303304613, 7801657.311000548303127 ], [ 5510862.449438930489123, 7801627.393647342920303 ], [ 5510777.776576299220324, 7801629.836114522069693 ], [ 5510776.914574159309268, 7801599.918788843788207 ], [ 5510409.999323049560189, 7801610.498255211859941 ], [ 5510408.276528716087341, 7801550.663843721151352 ], [ 5510267.155698301270604, 7801554.730937419459224 ], [ 5510268.016861914657056, 7801584.648097040131688 ], [ 5510239.79264410585165, 7801585.461371577344835 ], [ 5510240.653748620301485, 7801615.378521699458361 ], [ 5510184.205213440582156, 7801617.004917315207422 ], [ 5510198.840640833601356, 7802125.596116622909904 ], [ 5510001.265035029500723, 7802131.285983997397125 ], [ 5510002.125506398268044, 7802161.203046386130154 ], [ 5509945.675226005725563, 7802162.828299500048161 ], [ 5509961.160064249299467, 7802701.335046665742993 ], [ 5509820.030036910437047, 7802705.396560506895185 ], [ 5509823.469660583883524, 7802825.064530595205724 ], [ 5509851.695859887637198, 7802824.252354733645916 ], [ 5509852.555785483680665, 7802854.169355870224535 ], [ 5509880.782031304202974, 7802853.35714428499341 ], [ 5509882.50194435659796, 7802913.191164289601147 ], [ 5509910.728284501470625, 7802912.378926229663193 ], [ 5509911.588271955028176, 7802942.295945099554956 ], [ 5509939.814658615738153, 7802941.48367132153362 ], [ 5509940.674682622775435, 7802971.400699183344841 ], [ 5509968.901115795597434, 7802970.588389687240124 ], [ 5509980.081025087274611, 7803359.509849200956523 ], [ 5509810.718677957542241, 7803364.382310665212572 ], [ 5509815.016702603548765, 7803513.967198733240366 ], [ 5509843.244002681225538, 7803513.1552804261446 ], [ 5509844.103621648624539, 7803543.07226652931422 ], [ 5509872.330968230031431, 7803542.260312516242266 ], [ 5509873.190623739734292, 7803572.177307611331344 ], [ 5509957.872799108736217, 7803569.741203600540757 ], [ 5509965.610482663847506, 7803838.994397766888142 ], [ 5509993.838301998563111, 7803838.182356417179108 ], [ 5509994.698036125861108, 7803868.099385980516672 ], [ 5510022.925901957787573, 7803867.287308933213353 ], [ 5510023.785672617144883, 7803897.204347493126988 ], [ 5510249.608935019932687, 7803890.706187028437853 ], [ 5510252.189326357096434, 7803980.45752321369946 ], [ 5510280.417371698655188, 7803979.645078657194972 ], [ 5510281.277527406811714, 7804009.56219947244972 ], [ 5510309.505619242787361, 7804008.749719223938882 ], [ 5510311.225992440246046, 7804068.583978606387973 ], [ 5510339.454178554005921, 7804067.771471923217177 ], [ 5510340.314396042376757, 7804097.68861049041152 ], [ 5510368.542628646828234, 7804096.87606811709702 ], [ 5510369.402882655151188, 7804126.793215692974627 ], [ 5510397.631161749362946, 7804125.980637633241713 ], [ 5510398.491452276706696, 7804155.897794211283326 ], [ 5510511.404746851883829, 7804152.647069577127695 ] ] ] ] } },
{ "type": "Feature", "properties": { "ID": 4, "Area_ha": 9054090.08, "x": 5573584.842, "y": 7798936.53, "CD_GEOCOD": "3111408", "NM_MUNICI": "Campo Florido", "NM_MESO": "Triângulo Mineiro e Alto Paranaíba", "NM_MICRO": "UBERABA" }, "geometry": { "type": "MultiPolygon", "coordinates": [ [ [ [ 5573894.686273295432329, 7799157.262086651287973 ], [ 5573893.716950313188136, 7799127.322770887985826 ], [ 5573921.937246725894511, 7799126.40783768799156 ], [ 5573919.998466898687184, 7799066.529185123741627 ], [ 5573948.218666004016995, 7799065.614186129532754 ], [ 5573946.279739638790488, 7799005.73551244661212 ], [ 5573974.499841435812414, 7799004.820447662845254 ], [ 5573970.621644925326109, 7798885.063057757914066 ], [ 5573942.4017348382622, 7798885.97816414758563 ], [ 5573941.432201956398785, 7798856.038826872594655 ], [ 5573913.212338337674737, 7798856.953898668289185 ], [ 5573912.242840714752674, 7798827.014571718871593 ], [ 5573884.023023565299809, 7798827.929608917795122 ], [ 5573881.114598453044891, 7798738.111658787354827 ], [ 5573570.698095253668725, 7798748.174441418610513 ], [ 5573569.729122120887041, 7798718.235238902270794 ], [ 5573456.85054165776819, 7798721.893124276772141 ], [ 5573457.819323064759374, 7798751.832285220734775 ], [ 5573232.061708711087704, 7798759.145813027396798 ], [ 5573233.998466657474637, 7798819.023968451656401 ], [ 5573149.339049647562206, 7798821.765736628323793 ], [ 5573153.211838523857296, 7798941.521921874955297 ], [ 5573181.431837363168597, 7798940.608085686340928 ], [ 5573185.304615461267531, 7799060.364311183802783 ], [ 5573495.726615251973271, 7799050.309600732289255 ], [ 5573498.632647419348359, 7799140.127111861482263 ], [ 5573526.85296424664557, 7799139.212808506563306 ], [ 5573527.821664232760668, 7799169.151989120990038 ], [ 5573894.686273295432329, 7799157.262086651287973 ] ] ] ] } },
{ "type": "Feature", "properties": { "ID": 4, "Area_ha": 9054090.08, "x": 5546608.446, "y": 7799545.779, "CD_GEOCOD": "3111408", "NM_MUNICI": "Campo Florido", "NM_MESO": "Triângulo Mineiro e Alto Paranaíba", "NM_MICRO": "UBERABA" }, "geometry": { "type": "MultiPolygon", "coordinates": [ [ [ [ 5546677.604855554178357, 7799629.237836502492428 ], [ 5546672.064884230494499, 7799449.660655111074448 ], [ 5546559.181642090901732, 7799453.147168372757733 ], [ 5546561.02796426974237, 7799513.006150217726827 ], [ 5546532.807054459117353, 7799513.877646224573255 ], [ 5546536.499362431466579, 7799633.595568438060582 ], [ 5546677.604855554178357, 7799629.237836502492428 ] ] ] ] } },
{ "type": "Feature", "properties": { "ID": 4, "Area_ha": 9054090.08, "x": 5546076.321, "y": 7799334.065, "CD_GEOCOD": "3111408", "NM_MUNICI": "Campo Florido", "NM_MESO": "Triângulo Mineiro e Alto Paranaíba", "NM_MICRO": "UBERABA" }, "geometry": { "type": "MultiPolygon", "coordinates": [ [ [ [ 5546337.106154416687787, 7799579.835681077092886 ], [ 5546332.492295127362013, 7799430.188622921705246 ], [ 5546247.829959287308156, 7799432.801985040307045 ], [ 5546246.907294951379299, 7799402.872602639719844 ], [ 5546218.686561461538076, 7799403.743643242865801 ], [ 5546217.763932967558503, 7799373.81427058018744 ], [ 5546189.543245990760624, 7799374.685276076197624 ], [ 5546187.698048635385931, 7799314.826550082303584 ], [ 5546159.477456076070666, 7799315.697530369274318 ], [ 5546158.554887215606868, 7799285.768177034333348 ], [ 5546497.201331393793225, 7799275.313324578106403 ], [ 5546492.585431875661016, 7799125.665961618535221 ], [ 5545899.959053409285843, 7799143.958739712834358 ], [ 5545899.036843373440206, 7799114.029474479146302 ], [ 5545870.816572266630828, 7799114.90007397159934 ], [ 5545869.894398086704314, 7799084.970818473026156 ], [ 5545757.013491404242814, 7799088.452805932611227 ], [ 5545761.623283661901951, 7799238.098884066566825 ], [ 5545789.843751948326826, 7799237.228504156693816 ], [ 5545790.765722159296274, 7799267.15772920101881 ], [ 5545818.986236961558461, 7799266.287314174696803 ], [ 5545819.908243028447032, 7799296.216548952274024 ], [ 5545763.467116227373481, 7799297.957314219325781 ], [ 5545767.154636776074767, 7799417.674172637052834 ], [ 5545823.596146797761321, 7799415.933486485853791 ], [ 5545828.205755390226841, 7799565.579654866829515 ], [ 5545969.31070364639163, 7799561.227399252355099 ], [ 5545970.232828705571592, 7799591.156681919470429 ], [ 5546337.106154416687787, 7799579.835681077092886 ] ], [ [ 5546017.452143102884293, 7799290.122452898882329 ], [ 5546016.529801706783473, 7799260.193148880265653 ], [ 5546157.632306297309697, 7799255.838823544792831 ], [ 5546158.554887215606868, 7799285.768177034333348 ], [ 5546017.452143102884293, 7799290.122452898882329 ] ] ] ] } },
{ "type": "Feature", "properties": { "ID": 4, "Area_ha": 9054090.08, "x": 5656082.103, "y": 7795689.266, "CD_GEOCOD": "3170107", "NM_MUNICI": "Uberaba", "NM_MESO": "Triângulo Mineiro e Alto Paranaíba", "NM_MICRO": "UBERABA" }, "geometry": { "type": "MultiPolygon", "coordinates": [ [ [ [ 5655894.339669443666935, 7796248.666957877576351 ], [ 5655893.230895635671914, 7796218.695263551548123 ], [ 5656147.171764994040132, 7796209.282474983483553 ], [ 5656146.062544372864068, 7796179.3106738505885 ], [ 5656484.649583606049418, 7796166.754478538408875 ], [ 5656483.5397720457986, 7796136.782534880563617 ], [ 5656652.832913341000676, 7796130.501936737447977 ], [ 5656651.722799049690366, 7796100.529921878129244 ], [ 5656679.938268719241023, 7796099.482986180111766 ], [ 5656673.276990104466677, 7795919.650829326361418 ], [ 5656757.922524370253086, 7795916.50953814946115 ], [ 5656749.038854109123349, 7795676.733053285628557 ], [ 5657115.830998895689845, 7795663.114875001832843 ], [ 5657111.38631702400744, 7795543.226017912849784 ], [ 5657054.957159056328237, 7795545.321712406352162 ], [ 5657053.8460483988747, 7795515.349522387608886 ], [ 5657025.631514959037304, 7795516.397314045578241 ], [ 5657024.520437837578356, 7795486.425136102363467 ], [ 5656996.305950778536499, 7795487.472894669510424 ], [ 5656995.194907194934785, 7795457.50072880834341 ], [ 5656684.835967850871384, 7795469.023234298452735 ], [ 5656680.393762717954814, 7795349.135096184909344 ], [ 5656652.17949587572366, 7795350.18237429857254 ], [ 5656651.068956380710006, 7795320.210352102294564 ], [ 5656538.212064530700445, 7795324.399062161333859 ], [ 5656535.991326463408768, 7795264.455113455653191 ], [ 5656451.348928371444345, 7795267.596244879066944 ], [ 5656450.238681752234697, 7795237.624306466430426 ], [ 5655829.528360558673739, 7795260.647157057188451 ], [ 5655830.637549955397844, 7795290.618833967484534 ], [ 5655209.925364106893539, 7795313.619643605314195 ], [ 5655225.437695015221834, 7795733.21948083397001 ], [ 5655253.652575481683016, 7795732.174628162756562 ], [ 5655254.760538605973125, 7795762.146058256737888 ], [ 5655282.975465449504554, 7795761.101172466762364 ], [ 5655284.083462143316865, 7795791.072614605538547 ], [ 5655312.298435366712511, 7795790.027695691213012 ], [ 5655313.406465627253056, 7795819.999149872921407 ], [ 5655369.836503160186112, 7795817.909200822003186 ], [ 5655370.94461503252387, 7795847.880678920075297 ], [ 5655596.665082858875394, 7795839.519178105518222 ], [ 5655603.315756029449403, 7796019.348620350472629 ], [ 5655631.531095256097615, 7796018.303301565349102 ], [ 5655634.85638043936342, 7796108.21806064248085 ], [ 5655747.718297138810158, 7796104.036478193476796 ], [ 5655753.261110164225101, 7796253.894651038572192 ], [ 5655894.339669443666935, 7796248.666957877576351 ] ] ] ] } },
{ "type": "Feature", "properties": { "ID": 25, "Area_ha": 3174630.2, "x": 5880891.326, "y": 7784562.778, "CD_GEOCOD": "3138807", "NM_MUNICI": "Luz", "NM_MESO": "Central Mineira", "NM_MICRO": "BOM DESPACHO" }, "geometry": { "type": "MultiPolygon", "coordinates": [ [ [ [ 5880829.769986222498119, 7784822.027551075443625 ], [ 5880826.78103509452194, 7784761.86219977401197 ], [ 5881080.557255983352661, 7784749.212752586230636 ], [ 5881074.577375530265272, 7784628.881488256156445 ], [ 5881102.774528382346034, 7784627.475705386139452 ], [ 5881093.803832041099668, 7784446.978744342923164 ], [ 5881065.606969925574958, 7784448.384622925892472 ], [ 5881058.131095744669437, 7784297.970597058534622 ], [ 5880917.147962999530137, 7784304.999713816680014 ], [ 5880918.642934527248144, 7784335.082437166944146 ], [ 5880862.249568805098534, 7784337.893737016245723 ], [ 5880865.239259541034698, 7784398.059123044833541 ], [ 5880696.058527038432658, 7784406.49175139516592 ], [ 5880699.047558306716383, 7784466.656950229778886 ], [ 5880670.85066479165107, 7784468.062198925763369 ], [ 5880679.817000123672187, 7784648.557724660262465 ], [ 5880708.014184369705617, 7784647.152571631595492 ], [ 5880716.980108817107975, 7784827.648230373859406 ], [ 5880829.769986222498119, 7784822.027551075443625 ] ] ] ] } },
{ "type": "Feature", "properties": { "ID": 4, "Area_ha": 9054090.08, "x": 5330735.334, "y": 7802635.37, "CD_GEOCOD": "3114550", "NM_MUNICI": "Carneirinho", "NM_MESO": "Triângulo Mineiro e Alto Paranaíba", "NM_MICRO": "FRUTAL" }, "geometry": { "type": "MultiPolygon", "coordinates": [ [ [ [ 5330849.633401748724282, 7802707.93070671427995 ], [ 5330847.399209669791162, 7802588.455567264929414 ], [ 5330819.173402864485979, 7802588.983620536513627 ], [ 5330818.614884342998266, 7802559.114840099588037 ], [ 5330621.034547289833426, 7802562.809993490576744 ], [ 5330623.267240935005248, 7802682.284943714737892 ], [ 5330651.493196850642562, 7802681.757223773747683 ], [ 5330652.051399770192802, 7802711.625965749844909 ], [ 5330849.633401748724282, 7802707.93070671427995 ] ] ] ] } },
{ "type": "Feature", "properties": { "ID": 4, "Area_ha": 9054090.08, "x": 5544764.972, "y": 7797141.845, "CD_GEOCOD": "3127107", "NM_MUNICI": "Frutal", "NM_MESO": "Triângulo Mineiro e Alto Paranaíba", "NM_MICRO": "FRUTAL" }, "geometry": { "type": "MultiPolygon", "coordinates": [ [ [ [ 5544823.248857580125332, 7797199.963242638856173 ], [ 5544819.563668377697468, 7797080.247561560943723 ], [ 5544706.695603979751468, 7797083.725932323373854 ], [ 5544710.380026009865105, 7797203.441455541178584 ], [ 5544823.248857580125332, 7797199.963242638856173 ] ] ] ] } },
{ "type": "Feature", "properties": { "ID": 25, "Area_ha": 3174630.2, "x": 5884702.307, "y": 7783120.606, "CD_GEOCOD": "3138807", "NM_MUNICI": "Luz", "NM_MESO": "Central Mineira", "NM_MICRO": "BOM DESPACHO" }, "geometry": { "type": "MultiPolygon", "coordinates": [ [ [ [ 5884763.2029173001647, 7783208.035801135003567 ], [ 5884754.189024112187326, 7783027.526439500972629 ], [ 5884641.410699465312064, 7783033.176065873354673 ], [ 5884650.423428917303681, 7783213.685043200850487 ], [ 5884763.2029173001647, 7783208.035801135003567 ] ] ] ] } },
{ "type": "Feature", "properties": { "ID": 4, "Area_ha": 9054090.08, "x": 5456673.208, "y": 7798655.432, "CD_GEOCOD": "3133402", "NM_MUNICI": "Itapagipe", "NM_MESO": "Triângulo Mineiro e Alto Paranaíba", "NM_MICRO": "FRUTAL" }, "geometry": { "type": "MultiPolygon", "coordinates": [ [ [ [ 5456754.472706841304898, 7798737.200326133519411 ], [ 5456749.83958376199007, 7798557.796532217413187 ], [ 5456636.962104981765151, 7798560.713860865682364 ], [ 5456637.734125865623355, 7798590.614461055025458 ], [ 5456609.51470538508147, 7798591.343672282062471 ], [ 5456610.286668320186436, 7798621.24426382035017 ], [ 5456582.067198803648353, 7798621.973421715199947 ], [ 5456585.154758302494884, 7798741.575750989839435 ], [ 5456754.472706841304898, 7798737.200326133519411 ] ] ] ] } },
{ "type": "Feature", "properties": { "ID": 4, "Area_ha": 9054090.08, "x": 5457331.084, "y": 7798695.044, "CD_GEOCOD": "3133402", "NM_MUNICI": "Itapagipe", "NM_MESO": "Triângulo Mineiro e Alto Paranaíba", "NM_MICRO": "FRUTAL" }, "geometry": { "type": "MultiPolygon", "coordinates": [ [ [ [ 5457547.716487181372941, 7798836.363675843924284 ], [ 5457543.07556388899684, 7798656.958500167354941 ], [ 5457486.636509127914906, 7798658.419712031260133 ], [ 5457485.863082319498062, 7798628.518864665180445 ], [ 5457231.887709006667137, 7798635.092161931097507 ], [ 5457228.79562427289784, 7798515.489066854119301 ], [ 5457087.699111309833825, 7798519.139486994594336 ], [ 5457091.562995174899697, 7798668.643147921189666 ], [ 5457232.660704965703189, 7798664.992934754118323 ], [ 5457236.525533420965075, 7798814.496793176978827 ], [ 5457377.624410818330944, 7798810.845660459250212 ], [ 5457378.397585581988096, 7798840.746472416445613 ], [ 5457547.716487181372941, 7798836.363675843924284 ] ] ] ] } },
{ "type": "Feature", "properties": { "ID": 4, "Area_ha": 9054090.08, "x": 5566763.09, "y": 7795437.749, "CD_GEOCOD": "3111408", "NM_MUNICI": "Campo Florido", "NM_MESO": "Triângulo Mineiro e Alto Paranaíba", "NM_MICRO": "UBERABA" }, "geometry": { "type": "MultiPolygon", "coordinates": [ [ [ [ 5566802.51572997495532, 7795579.900457184761763 ], [ 5566801.556653403677046, 7795549.963682044297457 ], [ 5566829.77121770940721, 7795549.058557133190334 ], [ 5566826.893768923357129, 7795459.248200329951942 ], [ 5566855.108187797479331, 7795458.342999571934342 ], [ 5566850.311949535273015, 7795308.659018272534013 ], [ 5566681.0268545281142, 7795314.089854845777154 ], [ 5566689.657266329042614, 7795583.520465231500566 ], [ 5566802.51572997495532, 7795579.900457184761763 ] ] ] ] } },
{ "type": "Feature", "properties": { "ID": 4, "Area_ha": 9054090.08, "x": 5607266.417, "y": 7793018.077, "CD_GEOCOD": "3170107", "NM_MUNICI": "Uberaba", "NM_MESO": "Triângulo Mineiro e Alto Paranaíba", "NM_MICRO": "UBERABA" }, "geometry": { "type": "MultiPolygon", "coordinates": [ [ [ [ 5607307.338908139616251, 7793124.540636329911649 ], [ 5607306.310331210494041, 7793094.588586389087141 ], [ 5607447.363490208983421, 7793089.736771205440164 ], [ 5607443.248086957260966, 7792969.928351758979261 ], [ 5607358.616773059591651, 7792972.839708023704588 ], [ 5607356.559279381297529, 7792912.935564398765564 ], [ 5607328.348934459500015, 7792913.905948329716921 ], [ 5607327.320215574465692, 7792883.953887540847063 ], [ 5607214.479012679308653, 7792887.835016504861414 ], [ 5607216.536052452400327, 7792947.739050164818764 ], [ 5607103.694440170191228, 7792951.619370026513934 ], [ 5607108.835843509994447, 7793101.37923470698297 ], [ 5607137.04648925922811, 7793100.409277300350368 ], [ 5607138.074777774512768, 7793130.361261282116175 ], [ 5607307.338908139616251, 7793124.540636329911649 ] ] ] ] } },
{ "type": "Feature", "properties": { "ID": 4, "Area_ha": 9054090.08, "x": 5520350.407, "y": 7796219.732, "CD_GEOCOD": "3127107", "NM_MUNICI": "Frutal", "NM_MESO": "Triângulo Mineiro e Alto Paranaíba", "NM_MICRO": "FRUTAL" }, "geometry": { "type": "MultiPolygon", "coordinates": [ [ [ [ 5520755.275481137447059, 7797026.930667932145298 ], [ 5520749.990598195232451, 7796847.406434968113899 ], [ 5520552.47411214094609, 7796853.226585967466235 ], [ 5520548.071404914371669, 7796703.623382311314344 ], [ 5520519.854998451657593, 7796704.454699343070388 ], [ 5520511.929833083413541, 7796435.169003457762301 ], [ 5520540.145808023400605, 7796434.337601599283516 ], [ 5520539.265128696337342, 7796404.41695818118751 ], [ 5520764.992496797814965, 7796397.764045466668904 ], [ 5520760.587009725160897, 7796248.160447901114821 ], [ 5520591.292930183000863, 7796253.150685671716928 ], [ 5520584.245855028741062, 7796013.785370425321162 ], [ 5520612.461154623888433, 7796012.953701404854655 ], [ 5520611.580170560628176, 7795983.033026563003659 ], [ 5520639.795420869253576, 7795982.201303036883473 ], [ 5520638.914377355016768, 7795952.28061854839325 ], [ 5520779.990369162522256, 7795948.121277659200132 ], [ 5520776.465120957233012, 7795828.438348907977343 ], [ 5520748.250117098912597, 7795829.270344952121377 ], [ 5520746.487519950605929, 7795769.428898092359304 ], [ 5520690.057700099423528, 7795771.092792653478682 ], [ 5520689.176480211317539, 7795741.172087740153074 ], [ 5520632.74675097130239, 7795742.835820840671659 ], [ 5520631.865615518763661, 7795712.915134553797543 ], [ 5520180.428357698954642, 7795726.21865866985172 ], [ 5520178.667587208561599, 7795666.377586914226413 ], [ 5519896.520087723620236, 7795674.686617407016456 ], [ 5519897.399999057874084, 7795704.607059250585735 ], [ 5519869.185193843208253, 7795705.437704941257834 ], [ 5519873.584338561631739, 7795855.039863713085651 ], [ 5519901.799383591860533, 7795854.209265078417957 ], [ 5519902.679226070642471, 7795884.129705567844212 ], [ 5519930.894317734986544, 7795883.2990712672472 ], [ 5519935.293597787618637, 7796032.901317379437387 ], [ 5519963.508927922695875, 7796032.07068507745862 ], [ 5519964.388797460123897, 7796061.99114303290844 ], [ 5519992.604174225591123, 7796061.160475062206388 ], [ 5519995.243857844732702, 7796150.921875828877091 ], [ 5520023.459377152845263, 7796150.091191031038761 ], [ 5520025.219204751774669, 7796209.932142574340105 ], [ 5520081.650431205518544, 7796208.270675428211689 ], [ 5520087.810137552209198, 7796417.714130543172359 ], [ 5520116.026084451936185, 7796416.883395278826356 ], [ 5520116.906044531613588, 7796446.803897382691503 ], [ 5520145.122038055211306, 7796445.973126469179988 ], [ 5520147.761993253603578, 7796535.73465968016535 ], [ 5520175.978129295632243, 7796534.903871953487396 ], [ 5520179.498100604861975, 7796654.585950752720237 ], [ 5520235.930752279236913, 7796652.924315459094942 ], [ 5520240.330937503837049, 7796802.527003083378077 ], [ 5520268.547501068562269, 7796801.696164944209158 ], [ 5520270.307590656913817, 7796861.537257259711623 ], [ 5520326.740905570797622, 7796859.875483484938741 ], [ 5520327.621029020287097, 7796889.796048149466515 ], [ 5520355.837732426822186, 7796888.965103089809418 ], [ 5520356.717892331071198, 7796918.885676950216293 ], [ 5520413.151391043327749, 7796917.223670506849885 ], [ 5520414.031635340303183, 7796947.144262988120317 ], [ 5520583.332387261092663, 7796942.157218784093857 ], [ 5520585.973914114758372, 7797031.919164542108774 ], [ 5520755.275481137447059, 7797026.930667932145298 ] ] ] ] } },
{ "type": "Feature", "properties": { "ID": 25, "Area_ha": 3174630.2, "x": 5881979.402, "y": 7781736.6, "CD_GEOCOD": "3138807", "NM_MUNICI": "Luz", "NM_MESO": "Central Mineira", "NM_MICRO": "BOM DESPACHO" }, "geometry": { "type": "MultiPolygon", "coordinates": [ [ [ [ 5881990.845220807008445, 7782592.743588168174028 ], [ 5881989.347169297747314, 7782562.66026899497956 ], [ 5882045.73481522500515, 7782559.843279605731368 ], [ 5882044.236647199839354, 7782529.759929551742971 ], [ 5882072.430418290197849, 7782528.351351362653077 ], [ 5882070.932182246819139, 7782498.267986388877034 ], [ 5882099.125902588479221, 7782496.859347210265696 ], [ 5882096.129274943843484, 7782436.692588469013572 ], [ 5882237.09735790360719, 7782429.648557586595416 ], [ 5882235.59877229295671, 7782399.565099962055683 ], [ 5882320.179449563845992, 7782395.338093237951398 ], [ 5882318.680698923766613, 7782365.254588762298226 ], [ 5882346.874205011874437, 7782363.845480500720441 ], [ 5882345.375386342406273, 7782333.761961102485657 ], [ 5882486.342640507034957, 7782326.71566457580775 ], [ 5882484.843559793196619, 7782296.632066382095218 ], [ 5882541.230348696000874, 7782293.813200645148754 ], [ 5882533.734167133457959, 7782143.395065674558282 ], [ 5882505.54101633746177, 7782144.804600903764367 ], [ 5882504.041769942268729, 7782114.720993017777801 ], [ 5882475.848665401339531, 7782116.130499189719558 ], [ 5882472.850211041048169, 7782055.963318498805165 ], [ 5882416.46418924164027, 7782058.782259626314044 ], [ 5882413.465850805863738, 7781998.615146994590759 ], [ 5882385.272933549247682, 7782000.024581947363913 ], [ 5882380.775424974039197, 7781909.77396874409169 ], [ 5882352.5826509995386, 7781911.183406562544405 ], [ 5882349.584311340935528, 7781851.016368262469769 ], [ 5882321.391632141545415, 7781852.425792979076505 ], [ 5882319.892481537535787, 7781822.342291362583637 ], [ 5882291.699848599731922, 7781823.75168701261282 ], [ 5882285.703244990669191, 7781703.417754862457514 ], [ 5882257.510803863406181, 7781704.827169331721961 ], [ 5882235.021485919132829, 7781253.575312292203307 ], [ 5882150.446332476101816, 7781257.80400376021862 ], [ 5882144.449021454900503, 7781137.47040649689734 ], [ 5882088.065962780267, 7781140.289436593651772 ], [ 5882085.067384256049991, 7781080.122708069160581 ], [ 5882028.684510687366128, 7781082.94162181392312 ], [ 5882022.687507644295692, 7780962.608304977416992 ], [ 5881994.496261602267623, 7780964.017758107744157 ], [ 5881992.997010577470064, 7780933.934447467327118 ], [ 5881823.849778231233358, 7780942.390315920114517 ], [ 5881825.34873806592077, 7780972.473530828952789 ], [ 5881797.157476261258125, 7780973.882668610662222 ], [ 5881798.656368049792945, 7781003.96586861461401 ], [ 5881573.125804307870567, 7781015.237221452407539 ], [ 5881571.627300765365362, 7780985.154149057343602 ], [ 5881458.862158985808492, 7780990.788808088749647 ], [ 5881467.851722916588187, 7781171.286875350400805 ], [ 5881439.660140672698617, 7781172.695331804454327 ], [ 5881445.652599065564573, 7781293.027333710342646 ], [ 5881473.844375412911177, 7781291.61894105002284 ], [ 5881476.840584622696042, 7781351.784980153664947 ], [ 5881533.224324662238359, 7781348.96812348999083 ], [ 5881534.722497052513063, 7781379.051176505163312 ], [ 5881591.106325135566294, 7781376.234171565622091 ], [ 5881594.10280548222363, 7781436.400344523601234 ], [ 5881622.294813191518188, 7781434.991806393489242 ], [ 5881628.287733854725957, 7781555.324228627607226 ], [ 5881656.479933395981789, 7781553.9157092589885 ], [ 5881660.974564593285322, 7781644.16508474573493 ], [ 5881689.166907439939678, 7781642.756568199023604 ], [ 5881692.163327719084918, 7781702.922855645418167 ], [ 5881720.355765347369015, 7781701.514325963333249 ], [ 5881721.853994735516608, 7781731.597487207502127 ], [ 5881750.046478629112244, 7781730.188928440213203 ], [ 5881759.035736287944019, 7781910.688013536855578 ], [ 5881787.228509011678398, 7781909.279505465179682 ], [ 5881790.224869152531028, 7781969.445907423272729 ], [ 5881818.41773665137589, 7781968.037386229261756 ], [ 5881831.900827927514911, 7782238.786390317603946 ], [ 5881719.127598165534437, 7782244.419630479067564 ], [ 5881725.118799747899175, 7782364.752293013036251 ], [ 5881753.312304575927556, 7782363.344114339910448 ], [ 5881756.30788529664278, 7782423.510483774356544 ], [ 5881784.50148488022387, 7782422.102291990071535 ], [ 5881787.497084552422166, 7782482.268697517924011 ], [ 5881815.690778885968029, 7782480.860492618754506 ], [ 5881817.188597950153053, 7782510.943712905049324 ], [ 5881845.38233853597194, 7782509.535478945821524 ], [ 5881848.37801512144506, 7782569.701954560354352 ], [ 5881876.57185045350343, 7782568.293707493692636 ], [ 5881878.069707971997559, 7782598.376962827518582 ], [ 5881990.845220807008445, 7782592.743588168174028 ] ] ] ] } },
{ "type": "Feature", "properties": { "ID": 4, "Area_ha": 9054090.08, "x": 5452731.71, "y": 7796785.647, "CD_GEOCOD": "3133402", "NM_MUNICI": "Itapagipe", "NM_MESO": "Triângulo Mineiro e Alto Paranaíba", "NM_MICRO": "FRUTAL" }, "geometry": { "type": "MultiPolygon", "coordinates": [ [ [ [ 5452753.167862736620009, 7796865.504478551447392 ], [ 5452752.401742899790406, 7796835.60497453995049 ], [ 5452837.051563286222517, 7796833.433932212181389 ], [ 5452833.986409124918282, 7796713.835813912563026 ], [ 5452636.4714868189767, 7796718.901177456602454 ], [ 5452640.301227735355496, 7796868.398537512868643 ], [ 5452753.167862736620009, 7796865.504478551447392 ] ] ] ] } },
{ "type": "Feature", "properties": { "ID": 4, "Area_ha": 9054090.08, "x": 5551415.79, "y": 7794030.97, "CD_GEOCOD": "3111408", "NM_MUNICI": "Campo Florido", "NM_MESO": "Triângulo Mineiro e Alto Paranaíba", "NM_MICRO": "UBERABA" }, "geometry": { "type": "MultiPolygon", "coordinates": [ [ [ [ 5551393.819493610411882, 7794150.002533040940762 ], [ 5551391.951976804062724, 7794090.139979990199208 ], [ 5551420.164197038859129, 7794089.258716253563762 ], [ 5551417.362686481326818, 7793999.46485566906631 ], [ 5551473.786834623664618, 7793997.702133030630648 ], [ 5551469.766411, 7793868.859619243070483 ], [ 5551443.90854200720787, 7793928.992006768472493 ], [ 5551420.598389078862965, 7793981.19322114251554 ], [ 5551402.153501965105534, 7794028.128406339325011 ], [ 5551368.771742296405137, 7794083.312339253723621 ], [ 5551347.890318561345339, 7794132.769312176853418 ], [ 5551339.430003551766276, 7794151.701233083382249 ], [ 5551393.819493610411882, 7794150.002533040940762 ] ] ] ] } },
{ "type": "Feature", "properties": { "ID": 4, "Area_ha": 9054090.08, "x": 5551356.384, "y": 7793984.81, "CD_GEOCOD": "3150703", "NM_MUNICI": "Pirajuba", "NM_MESO": "Triângulo Mineiro e Alto Paranaíba", "NM_MICRO": "FRUTAL" }, "geometry": { "type": "MultiPolygon", "coordinates": [ [ [ [ 5551339.430003551766276, 7794151.701233083382249 ], [ 5551347.890318561345339, 7794132.769312176853418 ], [ 5551368.771742296405137, 7794083.312339253723621 ], [ 5551402.153501965105534, 7794028.128406339325011 ], [ 5551420.598389078862965, 7793981.19322114251554 ], [ 5551443.90854200720787, 7793928.992006768472493 ], [ 5551469.766411, 7793868.859619243070483 ], [ 5551469.116926695220172, 7793848.045596081763506 ], [ 5551356.269585160538554, 7793851.571060599759221 ], [ 5551357.203399013727903, 7793881.502328351140022 ], [ 5551300.779623753391206, 7793883.264770093373954 ], [ 5551303.580704166553915, 7793973.05851262062788 ], [ 5551275.368670366704464, 7793973.93963591940701 ], [ 5551280.970214473083615, 7794153.527057267725468 ], [ 5551339.430003551766276, 7794151.701233083382249 ] ] ] ] } },
{ "type": "Feature", "properties": { "ID": 4, "Area_ha": 9054090.08, "x": 5346061.056, "y": 7798220.884, "CD_GEOCOD": "3114550", "NM_MUNICI": "Carneirinho", "NM_MESO": "Triângulo Mineiro e Alto Paranaíba", "NM_MICRO": "FRUTAL" }, "geometry": { "type": "MultiPolygon", "coordinates": [ [ [ [ 5346099.008898158557713, 7798471.432881463319063 ], [ 5346097.252468377351761, 7798381.816299499943852 ], [ 5346125.471545394510031, 7798381.262916948646307 ], [ 5346121.37260721437633, 7798172.157494092360139 ], [ 5346177.810088915750384, 7798171.050505915656686 ], [ 5346175.467287870123982, 7798051.561629476025701 ], [ 5346147.248738813214004, 7798052.11517119128257 ], [ 5346145.491701375693083, 7797962.498526331968606 ], [ 5346004.399660409428179, 7797965.265651997178793 ], [ 5346012.009883653372526, 7798353.60400004312396 ], [ 5345927.352782829664648, 7798355.26348971016705 ], [ 5345929.693556523881853, 7798474.752116547897458 ], [ 5346099.008898158557713, 7798471.432881463319063 ] ] ] ] } },
{ "type": "Feature", "properties": { "ID": 25, "Area_ha": 3174630.2, "x": 5867560.781, "y": 7779961.294, "CD_GEOCOD": "3138807", "NM_MUNICI": "Luz", "NM_MESO": "Central Mineira", "NM_MICRO": "BOM DESPACHO" }, "geometry": { "type": "MultiPolygon", "coordinates": [ [ [ [ 5867620.111653114669025, 7780018.669721215963364 ], [ 5867614.208705109544098, 7779898.368798512965441 ], [ 5867501.450619443319738, 7779903.918501541018486 ], [ 5867507.352790810167789, 7780024.219173199497163 ], [ 5867620.111653114669025, 7780018.669721215963364 ] ] ] ] } },
{ "type": "Feature", "properties": { "ID": 4, "Area_ha": 9054090.08, "x": 5346274.791, "y": 7797692.609, "CD_GEOCOD": "3114550", "NM_MUNICI": "Carneirinho", "NM_MESO": "Triângulo Mineiro e Alto Paranaíba", "NM_MICRO": "FRUTAL" }, "geometry": { "type": "MultiPolygon", "coordinates": [ [ [ [ 5346340.090298640541732, 7797809.261348990723491 ], [ 5346339.504231140948832, 7797779.389085953123868 ], [ 5346367.722343425266445, 7797778.835171955637634 ], [ 5346366.550089817494154, 7797719.090631540864706 ], [ 5346394.768105524592102, 7797718.536659874022007 ], [ 5346392.423315246589482, 7797599.047546742483974 ], [ 5346335.987665724940598, 7797600.155495094135404 ], [ 5346335.401544751599431, 7797570.28322784230113 ], [ 5346222.530426471494138, 7797572.498608041554689 ], [ 5346223.116356049664319, 7797602.370850224047899 ], [ 5346166.680695897899568, 7797603.47825700044632 ], [ 5346170.781319277361035, 7797812.583847690373659 ], [ 5346340.090298640541732, 7797809.261348990723491 ] ] ] ] } },
{ "type": "Feature", "properties": { "ID": 4, "Area_ha": 9054090.08, "x": 5534809.976, "y": 7792967.865, "CD_GEOCOD": "3127107", "NM_MUNICI": "Frutal", "NM_MESO": "Triângulo Mineiro e Alto Paranaíba", "NM_MICRO": "FRUTAL" }, "geometry": { "type": "MultiPolygon", "coordinates": [ [ [ [ 5534869.56931553222239, 7793070.893278978765011 ], [ 5534863.224664345383644, 7792861.414462635293603 ], [ 5534750.383668016642332, 7792864.835982624441385 ], [ 5534756.726974366232753, 7793074.314527995884418 ], [ 5534869.56931553222239, 7793070.893278978765011 ] ] ] ] } },
{ "type": "Feature", "properties": { "ID": 4, "Area_ha": 9054090.08, "x": 5616173.394, "y": 7790127.412, "CD_GEOCOD": "3100708", "NM_MUNICI": "Água Comprida", "NM_MESO": "Triângulo Mineiro e Alto Paranaíba", "NM_MICRO": "UBERABA" }, "geometry": { "type": "MultiPolygon", "coordinates": [ [ [ [ 5616274.098764915019274, 7790264.545531619340181 ], [ 5616265.737055085599422, 7790024.900723917409778 ], [ 5616237.531346078962088, 7790025.886445225216448 ], [ 5616236.486119241453707, 7789995.93085562530905 ], [ 5616067.252120934426785, 7790001.844302915036678 ], [ 5616074.566401205956936, 7790211.532962904311717 ], [ 5616102.772408494725823, 7790210.547579171136022 ], [ 5616103.817299386486411, 7790240.503113365732133 ], [ 5616160.229405503720045, 7790238.532232856377959 ], [ 5616161.274379056878388, 7790268.487789392471313 ], [ 5616274.098764915019274, 7790264.545531619340181 ] ] ] ] } },
{ "type": "Feature", "properties": { "ID": 4, "Area_ha": 9054090.08, "x": 5433817.051, "y": 7795551.834, "CD_GEOCOD": "3161304", "NM_MUNICI": "São Francisco de Sales", "NM_MESO": "Triângulo Mineiro e Alto Paranaíba", "NM_MICRO": "FRUTAL" }, "geometry": { "type": "MultiPolygon", "coordinates": [ [ [ [ 5433923.164331057108939, 7795812.821158363483846 ], [ 5433922.429623118601739, 7795782.926977714523673 ], [ 5434063.504207316786051, 7795779.456521142274141 ], [ 5434062.769250195473433, 7795749.562300791963935 ], [ 5434119.198980260640383, 7795748.173786578699946 ], [ 5434118.463917717337608, 7795718.279550087638199 ], [ 5434231.323172832839191, 7795715.501948731020093 ], [ 5434226.911446237936616, 7795536.136332161724567 ], [ 5434198.696921673603356, 7795536.830847337841988 ], [ 5434196.491072814911604, 7795447.1480568125844 ], [ 5434168.276690920814872, 7795447.842550430446863 ], [ 5434166.806172971613705, 7795388.054036973044276 ], [ 5434138.591885825619102, 7795388.748501174151897 ], [ 5434137.856660411693156, 7795358.854251658543944 ], [ 5434024.999692436307669, 7795361.631688572466373 ], [ 5434025.734726131893694, 7795391.525906669907272 ], [ 5433800.02035344298929, 7795397.078551355749369 ], [ 5433799.285703185945749, 7795367.184396075084805 ], [ 5433658.214423825964332, 7795370.653371484950185 ], [ 5433658.948834436014295, 7795400.547487524338067 ], [ 5433348.591394991613925, 7795408.175175548531115 ], [ 5433349.325268818996847, 7795438.069204859435558 ], [ 5433180.039048633538187, 7795442.227413226850331 ], [ 5433182.97329808305949, 7795561.803337985649705 ], [ 5433690.835289621725678, 7795549.324403501115739 ], [ 5433691.569690747186542, 7795579.218524790368974 ], [ 5433719.784283220767975, 7795578.524829780682921 ], [ 5433721.987572955898941, 7795668.207214618101716 ], [ 5433750.202308095991611, 7795667.513498026877642 ], [ 5433753.140085455030203, 7795787.09003649558872 ], [ 5433781.355011171661317, 7795786.396306176669896 ], [ 5433782.089479506015778, 7795816.290447566658258 ], [ 5433923.164331057108939, 7795812.821158363483846 ] ] ] ] } },
{ "type": "Feature", "properties": { "ID": 4, "Area_ha": 9054090.08, "x": 5616411.022, "y": 7788609.398, "CD_GEOCOD": "3100708", "NM_MUNICI": "Água Comprida", "NM_MESO": "Triângulo Mineiro e Alto Paranaíba", "NM_MICRO": "UBERABA" }, "geometry": { "type": "MultiPolygon", "coordinates": [ [ [ [ 5616503.860566919669509, 7788756.901156352832913 ], [ 5616499.675172189250588, 7788637.078315792605281 ], [ 5616443.26821430772543, 7788639.051641603931785 ], [ 5616436.990291780792177, 7788459.317516028881073 ], [ 5616324.177513153292239, 7788463.263893531635404 ], [ 5616329.408185885287821, 7788613.042108424007893 ], [ 5616385.815060061402619, 7788611.069121438078582 ], [ 5616391.045874168165028, 7788760.847449017688632 ], [ 5616503.860566919669509, 7788756.901156352832913 ] ] ] ] } },
{ "type": "Feature", "properties": { "ID": 4, "Area_ha": 9054090.08, "x": 5507331.643, "y": 7790955.621, "CD_GEOCOD": "3127107", "NM_MUNICI": "Frutal", "NM_MESO": "Triângulo Mineiro e Alto Paranaíba", "NM_MICRO": "FRUTAL" }, "geometry": { "type": "MultiPolygon", "coordinates": [ [ [ [ 5507481.079779476858675, 7791095.557306105270982 ], [ 5507477.636075363494456, 7790975.891549877822399 ], [ 5507449.428860303945839, 7790976.704146673902869 ], [ 5507448.567954330705106, 7790946.787716149352491 ], [ 5507420.360786029137671, 7790947.600276950746775 ], [ 5507419.499916912056506, 7790917.683855345472693 ], [ 5507391.292795366607606, 7790918.496380155906081 ], [ 5507390.431963108479977, 7790888.579967468976974 ], [ 5507362.224888320080936, 7790889.392456287518144 ], [ 5507361.364092921838164, 7790859.476052521727979 ], [ 5507333.157064891420305, 7790860.288505343720317 ], [ 5507332.296306354925036, 7790830.372110487893224 ], [ 5507304.089325083419681, 7790831.184527318924665 ], [ 5507303.228603408671916, 7790801.268141383305192 ], [ 5507190.400857552886009, 7790804.517393687739968 ], [ 5507193.842908120714128, 7790924.182789102196693 ], [ 5507222.050038772635162, 7790923.370580474846065 ], [ 5507223.771093002520502, 7790983.203294978477061 ], [ 5507251.978318467736244, 7790982.391059526242316 ], [ 5507252.838876845315099, 7791012.307425565086305 ], [ 5507281.0461490675807, 7791011.495154120028019 ], [ 5507282.767328346148133, 7791071.327903762459755 ], [ 5507367.389425538480282, 7791068.890873479656875 ], [ 5507368.250142546370625, 7791098.807275438681245 ], [ 5507481.079779476858675, 7791095.557306105270982 ] ] ] ] } },
{ "type": "Feature", "properties": { "ID": 4, "Area_ha": 9054090.08, "x": 5452852.271, "y": 7791533.054, "CD_GEOCOD": "3133402", "NM_MUNICI": "Itapagipe", "NM_MESO": "Triângulo Mineiro e Alto Paranaíba", "NM_MICRO": "FRUTAL" }, "geometry": { "type": "MultiPolygon", "coordinates": [ [ [ [ 5452901.027373630553484, 7791625.832702393643558 ], [ 5452899.490667453035712, 7791566.033393820747733 ], [ 5452927.698822355829179, 7791565.307864714413881 ], [ 5452924.625097997486591, 7791445.709210130386055 ], [ 5452783.585272246040404, 7791449.336567571386695 ], [ 5452788.194358264096081, 7791628.734301442280412 ], [ 5452901.027373630553484, 7791625.832702393643558 ] ] ] ] } },
{ "type": "Feature", "properties": { "ID": 4, "Area_ha": 9054090.08, "x": 5551025.33, "y": 7788679.24, "CD_GEOCOD": "3150703", "NM_MUNICI": "Pirajuba", "NM_MESO": "Triângulo Mineiro e Alto Paranaíba", "NM_MICRO": "FRUTAL" }, "geometry": { "type": "MultiPolygon", "coordinates": [ [ [ [ 5551029.99347813334316, 7788828.412958968430758 ], [ 5551029.057896194048226, 7788798.481727017089725 ], [ 5551057.261617766693234, 7788797.599014146253467 ], [ 5551056.325975536368787, 7788767.667772084474564 ], [ 5551084.529647568240762, 7788766.785004068166018 ], [ 5551082.658230355940759, 7788706.922499596141279 ], [ 5551139.065377668477595, 7788705.156788164749742 ], [ 5551138.129554555751383, 7788675.225515785627067 ], [ 5551166.333077962510288, 7788674.342582335695624 ], [ 5551162.589471316896379, 7788554.617451533675194 ], [ 5550965.166125405579805, 7788560.797315863892436 ], [ 5550966.10170840471983, 7788590.728529034182429 ], [ 5550937.898319486528635, 7788591.61117609962821 ], [ 5550938.833842191845179, 7788621.542379165068269 ], [ 5550910.630403730086982, 7788622.424971086904407 ], [ 5550917.17838520091027, 7788831.943318817764521 ], [ 5551029.99347813334316, 7788828.412958968430758 ] ] ] ] } },
{ "type": "Feature", "properties": { "ID": 4, "Area_ha": 9054090.08, "x": 5511086.912, "y": 7789840.33, "CD_GEOCOD": "3127107", "NM_MUNICI": "Frutal", "NM_MESO": "Triângulo Mineiro e Alto Paranaíba", "NM_MICRO": "FRUTAL" }, "geometry": { "type": "MultiPolygon", "coordinates": [ [ [ [ 5511116.806874706409872, 7789912.504850538447499 ], [ 5511115.939311940222979, 7789882.58720544166863 ], [ 5511200.55568087566644, 7789880.130613468587399 ], [ 5511197.084739999845624, 7789760.45991968177259 ], [ 5511084.263681455515325, 7789763.735433151945472 ], [ 5511085.131241265684366, 7789793.653070003725588 ], [ 5510972.309969397261739, 7789796.927823529578745 ], [ 5510975.779326506890357, 7789916.598220601677895 ], [ 5511116.806874706409872, 7789912.504850538447499 ] ] ] ] } },
{ "type": "Feature", "properties": { "ID": 4, "Area_ha": 9054090.08, "x": 5585310.234, "y": 7787531.105, "CD_GEOCOD": "3117306", "NM_MUNICI": "Conceição das Alagoas", "NM_MESO": "Triângulo Mineiro e Alto Paranaíba", "NM_MICRO": "UBERABA" }, "geometry": { "type": "MultiPolygon", "coordinates": [ [ [ [ 5585521.130716762505472, 7787685.164157450199127 ], [ 5585517.152724104933441, 7787565.388964594341815 ], [ 5585488.950977172702551, 7787566.326927284710109 ], [ 5585487.956494858488441, 7787536.383139546960592 ], [ 5585431.553092830814421, 7787538.258950566872954 ], [ 5585430.558693932369351, 7787508.315183952450752 ], [ 5585374.155382240191102, 7787510.190835421904922 ], [ 5585373.161066761240363, 7787480.247089933604002 ], [ 5585288.556232475675642, 7787483.060260037891567 ], [ 5585286.567851783707738, 7787423.172832416370511 ], [ 5585201.963293021544814, 7787425.985659388825297 ], [ 5585199.975149684585631, 7787366.098295070230961 ], [ 5585087.169435707852244, 7787369.848183127120137 ], [ 5585091.144899902865291, 7787489.622742308303714 ], [ 5585175.749765731394291, 7787486.810520988889039 ], [ 5585177.737709346227348, 7787546.697863779962063 ], [ 5585262.34285069257021, 7787543.885299321264029 ], [ 5585264.331031648442149, 7787603.77270541805774 ], [ 5585320.73464438971132, 7787601.897478876635432 ], [ 5585321.728811823762953, 7787631.841203021816909 ], [ 5585378.132514897733927, 7787629.965816933661699 ], [ 5585379.126765746623278, 7787659.909562202170491 ], [ 5585407.328663200139999, 7787658.971811976283789 ], [ 5585408.322949293069541, 7787688.91556778177619 ], [ 5585521.130716762505472, 7787685.164157450199127 ] ] ] ] } },
{ "type": "Feature", "properties": { "ID": 4, "Area_ha": 9054090.08, "x": 5317981.39, "y": 7793649.952, "CD_GEOCOD": "3114550", "NM_MUNICI": "Carneirinho", "NM_MESO": "Triângulo Mineiro e Alto Paranaíba", "NM_MICRO": "FRUTAL" }, "geometry": { "type": "MultiPolygon", "coordinates": [ [ [ [ 5317787.856593808159232, 7793924.954908495768905 ], [ 5317787.317753121256828, 7793895.088614259846509 ], [ 5317843.741521574556828, 7793894.070109644904733 ], [ 5317843.202578046359122, 7793864.203803263604641 ], [ 5317871.414413131773472, 7793863.694477399811149 ], [ 5317870.87541467603296, 7793833.828164620324969 ], [ 5317927.298986567184329, 7793832.809365776367486 ], [ 5317926.759885266423225, 7793802.943040849640965 ], [ 5317954.971622069366276, 7793802.433567868545651 ], [ 5317954.432465838268399, 7793772.567236542701721 ], [ 5317982.64415390510112, 7793772.057712607085705 ], [ 5317982.104942742735147, 7793742.191374881193042 ], [ 5318038.528220592066646, 7793741.172179883345962 ], [ 5318037.449585548602045, 7793681.439479477703571 ], [ 5318065.661127408966422, 7793680.929802665486932 ], [ 5318065.121751445345581, 7793651.06344573572278 ], [ 5318121.544736871495843, 7793650.043944979086518 ], [ 5318121.005258049815893, 7793620.177575897425413 ], [ 5318149.216701615601778, 7793619.667751951143146 ], [ 5318147.59807928558439, 7793530.068623545579612 ], [ 5318260.443270307034254, 7793528.028806623071432 ], [ 5318259.903523800894618, 7793498.162406170740724 ], [ 5318316.326018558815122, 7793497.142214931547642 ], [ 5318315.786169183440506, 7793467.275802321732044 ], [ 5318343.997367412783206, 7793466.765633125789464 ], [ 5318341.837708001956344, 7793347.299953166395426 ], [ 5318200.782667212188244, 7793349.850462110713124 ], [ 5318201.322352958843112, 7793379.716854300349951 ], [ 5318144.900235066190362, 7793380.736729869619012 ], [ 5318147.058524475432932, 7793500.202246109955013 ], [ 5318006.002256934531033, 7793502.751028764992952 ], [ 5318006.541572125628591, 7793532.617377443239093 ], [ 5317978.330268241465092, 7793533.126992589794099 ], [ 5317978.869528494775295, 7793562.993334865197539 ], [ 5317950.658175873570144, 7793563.502899050712585 ], [ 5317951.197381191886961, 7793593.36923492886126 ], [ 5317894.774577651172876, 7793594.38821616768837 ], [ 5317895.313680112361908, 7793624.254539897665381 ], [ 5317867.102229195646942, 7793624.76395695284009 ], [ 5317867.641276723705232, 7793654.630274284631014 ], [ 5317839.429777070879936, 7793655.139640383422375 ], [ 5317839.968769668601453, 7793685.005951317027211 ], [ 5317811.757221275940537, 7793685.515266457572579 ], [ 5317812.296158944256604, 7793715.381570994853973 ], [ 5317727.661365115083754, 7793716.909227926284075 ], [ 5317728.738931908272207, 7793776.641800571233034 ], [ 5317672.315540265291929, 7793777.659989505074918 ], [ 5317672.854217315092683, 7793807.526263359934092 ], [ 5317644.642472352832556, 7793808.035284273326397 ], [ 5317646.796918819658458, 7793927.500350217334926 ], [ 5317787.856593808159232, 7793924.954908495768905 ] ] ] ] } },
{ "type": "Feature", "properties": { "ID": 4, "Area_ha": 9054090.08, "x": 5577314.86, "y": 7785515.143, "CD_GEOCOD": "3117306", "NM_MUNICI": "Conceição das Alagoas", "NM_MESO": "Triângulo Mineiro e Alto Paranaíba", "NM_MICRO": "UBERABA" }, "geometry": { "type": "MultiPolygon", "coordinates": [ [ [ [ 5577380.745212901383638, 7785676.067866984754801 ], [ 5577374.854985285550356, 7785496.423087295144796 ], [ 5577403.053399025462568, 7785495.497186472639441 ], [ 5577399.126132793724537, 7785375.733956919983029 ], [ 5577229.936785157769918, 7785381.288933953270316 ], [ 5577236.807342358864844, 7785590.874146779067814 ], [ 5577265.005908148363233, 7785589.948503345251083 ], [ 5577267.950386098586023, 7785679.77076768502593 ], [ 5577380.745212901383638, 7785676.067866984754801 ] ] ] ] } },
{ "type": "Feature", "properties": { "ID": 4, "Area_ha": 9054090.08, "x": 5646531.425, "y": 7782830.011, "CD_GEOCOD": "3121258", "NM_MUNICI": "Delta", "NM_MESO": "Triângulo Mineiro e Alto Paranaíba", "NM_MICRO": "UBERABA" }, "geometry": { "type": "MultiPolygon", "coordinates": [ [ [ [ 5646740.483057728968561, 7783141.881213236600161 ], [ 5646739.382626098580658, 7783111.913208247162402 ], [ 5646795.771804631687701, 7783109.838922413997352 ], [ 5646794.671262106858194, 7783079.870894197374582 ], [ 5646822.865800574421883, 7783078.83367177285254 ], [ 5646821.765195458196104, 7783048.865632012486458 ], [ 5646849.959683958441019, 7783047.828352689743042 ], [ 5646848.859016248956323, 7783017.860301388427615 ], [ 5646877.053454779088497, 7783016.822965164668858 ], [ 5646875.952724475413561, 7782986.854902317747474 ], [ 5646904.147113038226962, 7782985.81750919111073 ], [ 5646903.046320137567818, 7782955.849434804171324 ], [ 5646931.240658729337156, 7782954.811984774656594 ], [ 5646930.139803231693804, 7782924.843898843973875 ], [ 5646958.334091853350401, 7782923.806391908787191 ], [ 5646957.233173757791519, 7782893.838294436223805 ], [ 5646985.427412406541407, 7782892.800730594433844 ], [ 5646984.32643171120435, 7782862.832621579989791 ], [ 5647238.074069890193641, 7782853.492407059296966 ], [ 5647232.566778063774109, 7782703.651338020339608 ], [ 5647091.597092371433973, 7782708.841090579517186 ], [ 5647088.293270403519273, 7782618.936626315116882 ], [ 5647031.905674351379275, 7782621.012280954048038 ], [ 5647030.804468401707709, 7782591.044149873778224 ], [ 5646974.416962319985032, 7782593.119647009298205 ], [ 5646973.315838707610965, 7782563.151539456099272 ], [ 5646945.122131485491991, 7782564.189231883734465 ], [ 5646944.02104189619422, 7782534.221136163920164 ], [ 5646746.665382944047451, 7782541.483798757195473 ], [ 5646747.766134327277541, 7782571.451812665909529 ], [ 5646522.216323459520936, 7782579.749191705137491 ], [ 5646520.015579448081553, 7782519.813350959680974 ], [ 5646491.821942234411836, 7782520.850343203172088 ], [ 5646490.72159712202847, 7782490.882434729486704 ], [ 5646377.947224896401167, 7782495.029998201876879 ], [ 5646376.847058769315481, 7782465.062136588618159 ], [ 5646264.072853200137615, 7782469.209023199975491 ], [ 5646265.172826062887907, 7782499.176838105544448 ], [ 5646152.398400624282658, 7782503.322954442352057 ], [ 5646160.096458155661821, 7782713.097335891798139 ], [ 5646019.126697983592749, 7782718.278555233031511 ], [ 5646022.424926739186049, 7782808.18168861605227 ], [ 5645994.23082478903234, 7782809.217761806212366 ], [ 5646006.322700027376413, 7783138.862466834485531 ], [ 5646119.101223316043615, 7783134.718416392803192 ], [ 5646120.200592289678752, 7783164.686164404265583 ], [ 5646740.483057728968561, 7783141.881213236600161 ] ] ] ] } },
{ "type": "Feature", "properties": { "ID": 4, "Area_ha": 9054090.08, "x": 5672735.821, "y": 7781039.438, "CD_GEOCOD": "3118205", "NM_MUNICI": "Conquista", "NM_MESO": "Triângulo Mineiro e Alto Paranaíba", "NM_MICRO": "UBERABA" }, "geometry": { "type": "MultiPolygon", "coordinates": [ [ [ [ 5672871.163527372293174, 7781290.605021911673248 ], [ 5672864.289070854894817, 7781110.730651405639946 ], [ 5672892.480442399159074, 7781109.651161941699684 ], [ 5672885.60516051389277, 7780929.776726866140962 ], [ 5672857.41407915763557, 7780930.856289262883365 ], [ 5672855.122296329587698, 7780870.898170404136181 ], [ 5672770.549332072027028, 7780874.136659132316709 ], [ 5672769.403563464060426, 7780844.157636513933539 ], [ 5672572.066924823448062, 7780851.712612181901932 ], [ 5672573.212354856543243, 7780881.691549742594361 ], [ 5672545.021351183764637, 7780882.770638903602958 ], [ 5672549.602729255333543, 7781002.686342861503363 ], [ 5672577.793926392681897, 7781001.607302298769355 ], [ 5672582.375260172411799, 7781121.523058550432324 ], [ 5672638.758036159910262, 7781119.364938938990235 ], [ 5672639.90342917945236, 7781149.343902884051204 ], [ 5672724.477725261822343, 7781146.106420717202127 ], [ 5672730.205192849040031, 7781296.001426193863153 ], [ 5672871.163527372293174, 7781290.605021911673248 ] ] ] ] } },
{ "type": "Feature", "properties": { "ID": 25, "Area_ha": 3174630.2, "x": 5885764.535, "y": 7772023.012, "CD_GEOCOD": "3137205", "NM_MUNICI": "Lagoa da Prata", "NM_MESO": "Central Mineira", "NM_MICRO": "BOM DESPACHO" }, "geometry": { "type": "MultiPolygon", "coordinates": [ [ [ [ 5885962.619304852560163, 7772742.232279796153307 ], [ 5885961.107314168475568, 7772712.146773415617645 ], [ 5885989.285227575339377, 7772710.726060604676604 ], [ 5885957.527871141210198, 7772078.930337309837341 ], [ 5885929.350980742834508, 7772080.351386135444045 ], [ 5885924.813655864447355, 7771990.094940684735775 ], [ 5885868.460160563699901, 7771992.9369987398386 ], [ 5885839.721523811109364, 7771421.313675353303552 ], [ 5885811.545698592439294, 7771422.734940513968468 ], [ 5885805.494752435013652, 7771302.393301328644156 ], [ 5885692.792208534665406, 7771308.078165801241994 ], [ 5885695.817330926656723, 7771368.24885531142354 ], [ 5885667.641591777093709, 7771369.669926422648132 ], [ 5885666.129089118912816, 7771339.584597125649452 ], [ 5885581.602004200220108, 7771343.847587186843157 ], [ 5885578.577232505194843, 7771283.677027745172381 ], [ 5885465.874810590408742, 7771289.360509492456913 ], [ 5885471.923495806753635, 7771409.701376813463867 ], [ 5885556.450900498777628, 7771405.439025189727545 ], [ 5885580.644845080561936, 7771886.803432647138834 ], [ 5885608.821421764791012, 7771885.382814221084118 ], [ 5885611.845409523695707, 7771945.55341633874923 ], [ 5885640.022081379778683, 7771944.132784696295857 ], [ 5885667.23532033059746, 7772485.668683653697371 ], [ 5885695.412866836413741, 7772484.248294721357524 ], [ 5885705.994419079273939, 7772694.845794068649411 ], [ 5885734.17230427917093, 7772693.425471927970648 ], [ 5885735.683924904093146, 7772723.510849238373339 ], [ 5885792.039785887114704, 7772720.670101393014193 ], [ 5885793.551484325900674, 7772750.755511770024896 ], [ 5885962.619304852560163, 7772742.232279796153307 ] ] ] ] } },
{ "type": "Feature", "properties": { "ID": 25, "Area_ha": 3174630.2, "x": 5879496.972, "y": 7771412.151, "CD_GEOCOD": "3138807", "NM_MUNICI": "Luz", "NM_MESO": "Central Mineira", "NM_MICRO": "BOM DESPACHO" }, "geometry": { "type": "MultiPolygon", "coordinates": [ [ [ [ 5879590.640074597671628, 7771856.053133253008127 ], [ 5879578.624648543074727, 7771615.398017467930913 ], [ 5879832.209759594872594, 7771602.694348778575659 ], [ 5879817.184339668601751, 7771301.874118134379387 ], [ 5880014.413665935397148, 7771291.989843046292663 ], [ 5880012.910675731487572, 7771261.90771450009197 ], [ 5880041.08623597305268, 7771260.495478450320661 ], [ 5880035.073885481804609, 7771140.166911138221622 ], [ 5879978.72315260861069, 7771142.991465124301612 ], [ 5879977.220113771036267, 7771112.909357676282525 ], [ 5879864.518815770745277, 7771118.557986588217318 ], [ 5879863.015952405519783, 7771088.475943732075393 ], [ 5879665.78893481194973, 7771098.359414637088776 ], [ 5879667.291457024402916, 7771128.441346309147775 ], [ 5879385.537894809618592, 7771142.556588109582663 ], [ 5879384.035859952680767, 7771112.474815236404538 ], [ 5879158.633236983790994, 7771123.763880002312362 ], [ 5879166.141267310827971, 7771274.17211976274848 ], [ 5879137.965685579925776, 7771275.582970011979342 ], [ 5879143.971564727835357, 7771395.909517019987106 ], [ 5879031.268435477279127, 7771401.552211903966963 ], [ 5879037.273223703727126, 7771521.87852156534791 ], [ 5879065.449204324744642, 7771520.467979153618217 ], [ 5879068.451579177752137, 7771580.631171958521008 ], [ 5879096.627654985524714, 7771579.220616079866886 ], [ 5879098.128861958160996, 7771609.302229913882911 ], [ 5879126.304984230548143, 7771607.891644699499011 ], [ 5879127.806220473721623, 7771637.973275441676378 ], [ 5879155.982389206066728, 7771636.562660889700055 ], [ 5879157.483654718846083, 7771666.644308546558022 ], [ 5879213.836082842200994, 7771663.822975565679371 ], [ 5879215.337426347658038, 7771693.904656012542546 ], [ 5879271.689942863769829, 7771691.08317394554615 ], [ 5879273.191364360041916, 7771721.164887184277177 ], [ 5879301.367667946964502, 7771719.754094214178622 ], [ 5879302.869118707254529, 7771749.835824370384216 ], [ 5879331.045468751341105, 7771748.425002068281174 ], [ 5879332.546948776580393, 7771778.506749138236046 ], [ 5879360.723345280624926, 7771777.095897512510419 ], [ 5879362.224854568019509, 7771807.177661499008536 ], [ 5879446.75417665950954, 7771802.944883010350168 ], [ 5879449.757429180666804, 7771863.108509380370378 ], [ 5879590.640074597671628, 7771856.053133253008127 ] ] ] ] } },
{ "type": "Feature", "properties": { "ID": 25, "Area_ha": 3174630.2, "x": 5877962.755, "y": 7770851.67, "CD_GEOCOD": "3138807", "NM_MUNICI": "Luz", "NM_MESO": "Central Mineira", "NM_MICRO": "BOM DESPACHO" }, "geometry": { "type": "MultiPolygon", "coordinates": [ [ [ [ 5878110.14465959649533, 7771055.613934924826026 ], [ 5878104.144787089899182, 7770935.289726122282445 ], [ 5878047.794721010141075, 7770938.108447616919875 ], [ 5878043.294905034825206, 7770847.865396989509463 ], [ 5878015.120014818385243, 7770849.27473746240139 ], [ 5878012.120137833058834, 7770789.112740579992533 ], [ 5877983.945342835970223, 7770790.522067528218031 ], [ 5877979.445527863688767, 7770700.279127510264516 ], [ 5877951.270876831375062, 7770701.68845678307116 ], [ 5877948.271000527776778, 7770641.526533640921116 ], [ 5877835.572763720527291, 7770647.16352525819093 ], [ 5877843.071333917789161, 7770797.568023892119527 ], [ 5877871.246140224859118, 7770796.158923069015145 ], [ 5877875.745195457711816, 7770886.401682196184993 ], [ 5877903.920145723037422, 7770884.992583689279854 ], [ 5877906.919516223482788, 7770945.154459971934557 ], [ 5877935.094561704434454, 7770943.745347946882248 ], [ 5877936.594266552478075, 7770973.826303485780954 ], [ 5877992.944448203779757, 7770971.007975468412042 ], [ 5877997.443738598376513, 7771061.250943396240473 ], [ 5878110.14465959649533, 7771055.613934924826026 ] ] ] ] } },
{ "type": "Feature", "properties": { "ID": 4, "Area_ha": 9054090.08, "x": 5666473.35, "y": 7779925.357, "CD_GEOCOD": "3118205", "NM_MUNICI": "Conquista", "NM_MESO": "Triângulo Mineiro e Alto Paranaíba", "NM_MICRO": "UBERABA" }, "geometry": { "type": "MultiPolygon", "coordinates": [ [ [ [ 5666529.886962758377194, 7780091.320143819786608 ], [ 5666528.75133341550827, 7780061.343789726495743 ], [ 5666585.1306840069592, 7780059.203901492059231 ], [ 5666582.859187619760633, 7779999.251145791262388 ], [ 5666780.18618324957788, 7779991.759943045675755 ], [ 5666775.641659026034176, 7779871.854097050614655 ], [ 5666719.262913073413074, 7779873.994763276539743 ], [ 5666718.126841959543526, 7779844.018326390534639 ], [ 5666689.937514790333807, 7779845.0886036651209 ], [ 5666687.665425145067275, 7779785.135754610411823 ], [ 5666574.908486373722553, 7779789.416507489979267 ], [ 5666576.044345016591251, 7779819.392883756197989 ], [ 5666350.529997933655977, 7779827.952121032401919 ], [ 5666349.394526374526322, 7779797.975841052830219 ], [ 5666321.205273646861315, 7779799.045554105192423 ], [ 5666320.069835752248764, 7779769.069286372512579 ], [ 5666207.313001210801303, 7779773.347734168171883 ], [ 5666214.124246535822749, 7779953.205054947175086 ], [ 5666242.313748052343726, 7779952.13558307196945 ], [ 5666243.448952473700047, 7779982.11181596852839 ], [ 5666271.638500656932592, 7779981.042310874909163 ], [ 5666273.908962104469538, 7780040.994801364839077 ], [ 5666302.098605331964791, 7780039.9252750845626 ], [ 5666303.233862357214093, 7780069.901532681658864 ], [ 5666415.992611622437835, 7780065.623023198917508 ], [ 5666417.12804744578898, 7780095.599329141899943 ], [ 5666529.886962758377194, 7780091.320143819786608 ] ] ] ] } },
{ "type": "Feature", "properties": { "ID": 4, "Area_ha": 9054090.08, "x": 5650518.011, "y": 7779551.305, "CD_GEOCOD": "3121258", "NM_MUNICI": "Delta", "NM_MESO": "Triângulo Mineiro e Alto Paranaíba", "NM_MICRO": "UBERABA" }, "geometry": { "type": "MultiPolygon", "coordinates": [ [ [ [ 5650590.701235179789364, 7779608.632326904684305 ], [ 5650586.265681178309023, 7779488.753768188878894 ], [ 5650445.321921922266483, 7779493.977381919510663 ], [ 5650449.756508318707347, 7779613.855705706402659 ], [ 5650590.701235179789364, 7779608.632326904684305 ] ] ] ] } },
{ "type": "Feature", "properties": { "ID": 4, "Area_ha": 9054090.08, "x": 5523868.336, "y": 7783800.176, "CD_GEOCOD": "3127107", "NM_MUNICI": "Frutal", "NM_MESO": "Triângulo Mineiro e Alto Paranaíba", "NM_MICRO": "FRUTAL" }, "geometry": { "type": "MultiPolygon", "coordinates": [ [ [ [ 5523988.154755214229226, 7784173.367257993668318 ], [ 5523986.371042613871396, 7784113.523242264054716 ], [ 5524042.763394025154412, 7784111.840399838984013 ], [ 5524041.871423956006765, 7784081.91837272234261 ], [ 5524154.655917727388442, 7784078.552106700837612 ], [ 5524153.763743250630796, 7784048.630041504278779 ], [ 5524181.959815105423331, 7784047.788352344185114 ], [ 5524178.390808649361134, 7783928.100051550194621 ], [ 5524121.999049282632768, 7783929.783460332080722 ], [ 5524119.322462229989469, 7783840.017289279028773 ], [ 5524034.735246965661645, 7783842.542148051783442 ], [ 5524030.27476039621979, 7783692.932000631466508 ], [ 5523973.883758957497776, 7783694.615108050405979 ], [ 5523972.991723377257586, 7783664.693096848204732 ], [ 5523944.796268849633634, 7783665.534592093899846 ], [ 5523943.904269920662045, 7783635.612590139731765 ], [ 5523915.708862259052694, 7783636.454049566760659 ], [ 5523914.816899984143674, 7783606.532056856900454 ], [ 5523858.42617704719305, 7783608.214858783408999 ], [ 5523857.534299646504223, 7783578.292884780094028 ], [ 5523829.338984369300306, 7783579.134227279573679 ], [ 5523828.447143625468016, 7783549.212262518703938 ], [ 5523800.251875218935311, 7783550.053569191135466 ], [ 5523799.36007113289088, 7783520.131613676436245 ], [ 5523742.96962670609355, 7783521.814110087230802 ], [ 5523742.077907500788569, 7783491.892173278145492 ], [ 5523713.882731481455266, 7783492.733363012783229 ], [ 5523712.991048936732113, 7783462.811435441486537 ], [ 5523684.795919789932668, 7783463.652589345350862 ], [ 5523683.904273905791342, 7783433.730671017430723 ], [ 5523542.928849019110203, 7783437.935808535665274 ], [ 5523543.820253788493574, 7783467.857679583132267 ], [ 5523515.625116536393762, 7783468.698561770841479 ], [ 5523520.081725929863751, 7783618.307866502553225 ], [ 5523576.472481289878488, 7783616.626151390373707 ], [ 5523577.363864937797189, 7783646.548030593432486 ], [ 5523605.559288810007274, 7783645.707114566117525 ], [ 5523606.45070911757648, 7783675.629003014415503 ], [ 5523691.037117287516594, 7783673.106011603958905 ], [ 5523691.928670691326261, 7783703.0279282014817 ], [ 5523720.124185597524047, 7783702.186849957332015 ], [ 5523721.015775656327605, 7783732.108775798231363 ], [ 5523749.211337429471314, 7783731.267661729827523 ], [ 5523750.102964145131409, 7783761.189596815034747 ], [ 5523806.494180069305003, 7783759.507251750677824 ], [ 5523807.385891656391323, 7783789.429205536842346 ], [ 5523835.581545807421207, 7783788.587974544614553 ], [ 5523847.173370962031186, 7784177.573477122932673 ], [ 5523988.154755214229226, 7784173.367257993668318 ] ] ] ] } },
{ "type": "Feature", "properties": { "ID": 4, "Area_ha": 9054090.08, "x": 5649985.992, "y": 7779285.915, "CD_GEOCOD": "3121258", "NM_MUNICI": "Delta", "NM_MESO": "Triângulo Mineiro e Alto Paranaíba", "NM_MICRO": "UBERABA" }, "geometry": { "type": "MultiPolygon", "coordinates": [ [ [ [ 5650045.139003410004079, 7779358.750400024466217 ], [ 5650039.598474912345409, 7779208.903324643149972 ], [ 5649926.845278752967715, 7779213.07933502830565 ], [ 5649932.384839542210102, 7779362.926175689324737 ], [ 5650045.139003410004079, 7779358.750400024466217 ] ] ] ] } },
{ "type": "Feature", "properties": { "ID": 4, "Area_ha": 9054090.08, "x": 5484944.758, "y": 7784015.046, "CD_GEOCOD": "3133402", "NM_MUNICI": "Itapagipe", "NM_MESO": "Triângulo Mineiro e Alto Paranaíba", "NM_MICRO": "FRUTAL" }, "geometry": { "type": "MultiPolygon", "coordinates": [ [ [ [ 5484989.105033210478723, 7784186.238046789541841 ], [ 5484984.150951276533306, 7784006.78148530703038 ], [ 5485096.934938965365291, 7784003.664472019299865 ], [ 5485091.979315071366727, 7783824.207689013332129 ], [ 5484979.196484012529254, 7783827.324912507086992 ], [ 5484980.022255314514041, 7783857.234342088922858 ], [ 5484951.826496226713061, 7783858.013525951653719 ], [ 5484955.12928163073957, 7783977.651206121779978 ], [ 5484785.953544182702899, 7783982.32514782436192 ], [ 5484790.080339423380792, 7784131.871978292241693 ], [ 5484818.276539742015302, 7784131.093145029619336 ], [ 5484819.101914880797267, 7784161.002518933266401 ], [ 5484875.494408141821623, 7784159.444734027609229 ], [ 5484876.319868954829872, 7784189.354125130921602 ], [ 5484989.105033210478723, 7784186.238046789541841 ] ] ] ] } },
{ "type": "Feature", "properties": { "ID": 25, "Area_ha": 3174630.2, "x": 5887614.977, "y": 7767181.721, "CD_GEOCOD": "3137205", "NM_MUNICI": "Lagoa da Prata", "NM_MESO": "Central Mineira", "NM_MICRO": "BOM DESPACHO" }, "geometry": { "type": "MultiPolygon", "coordinates": [ [ [ [ 5887663.50146110355854, 7767257.185178373008966 ], [ 5887661.982543831691146, 7767227.098743529058993 ], [ 5887690.15156807564199, 7767225.671999077312648 ], [ 5887684.075507238507271, 7767105.326206425204873 ], [ 5887543.231339598074555, 7767112.459796203300357 ], [ 5887550.825145898386836, 7767262.891639372333884 ], [ 5887663.50146110355854, 7767257.185178373008966 ] ] ] ] } },
{ "type": "Feature", "properties": { "ID": 4, "Area_ha": 9054090.08, "x": 5623803.838, "y": 7778417.489, "CD_GEOCOD": "3100708", "NM_MUNICI": "Água Comprida", "NM_MESO": "Triângulo Mineiro e Alto Paranaíba", "NM_MICRO": "UBERABA" }, "geometry": { "type": "MultiPolygon", "coordinates": [ [ [ [ 5623990.770687432959676, 7778504.578238744288683 ], [ 5623989.706376788206398, 7778474.619433350861073 ], [ 5624017.893478366546333, 7778473.61643230356276 ], [ 5624013.635904418304563, 7778353.781166414730251 ], [ 5623816.327514344826341, 7778360.80153764039278 ], [ 5623815.263425118289888, 7778330.842800185084343 ], [ 5623589.768412568606436, 7778338.863453105092049 ], [ 5623594.023138422518969, 7778458.698043128475547 ], [ 5623622.210214179940522, 7778457.695665121078491 ], [ 5623623.273909595794976, 7778487.654324062168598 ], [ 5623848.770844717510045, 7778479.633758993819356 ], [ 5623849.834913437254727, 7778509.592508079484105 ], [ 5623990.770687432959676, 7778504.578238744288683 ] ] ] ] } },
{ "type": "Feature", "properties": { "ID": 4, "Area_ha": 9054090.08, "x": 5623215.371, "y": 7777332.3, "CD_GEOCOD": "3100708", "NM_MUNICI": "Água Comprida", "NM_MESO": "Triângulo Mineiro e Alto Paranaíba", "NM_MICRO": "UBERABA" }, "geometry": { "type": "MultiPolygon", "coordinates": [ [ [ [ 5623303.118305907584727, 7777419.168327279388905 ], [ 5623298.863394566811621, 7777299.334152393043041 ], [ 5623242.492984218522906, 7777301.338834377005696 ], [ 5623240.36563958786428, 7777241.421792348846793 ], [ 5623127.625186829827726, 7777245.430702352896333 ], [ 5623131.879046477377415, 7777365.264606757089496 ], [ 5623188.249663354828954, 7777363.260332374833524 ], [ 5623190.376704230904579, 7777423.177329985424876 ], [ 5623303.118305907584727, 7777419.168327279388905 ] ] ] ] } },
{ "type": "Feature", "properties": { "ID": 25, "Area_ha": 3174630.2, "x": 5880609.731, "y": 7765693.667, "CD_GEOCOD": "3137205", "NM_MUNICI": "Lagoa da Prata", "NM_MESO": "Central Mineira", "NM_MICRO": "BOM DESPACHO" }, "geometry": { "type": "MultiPolygon", "coordinates": [ [ [ [ 5880670.049590496346354, 7765770.337078988552094 ], [ 5880668.541444608941674, 7765740.254616495221853 ], [ 5880696.708049863576889, 7765738.837995558977127 ], [ 5880690.675076026469469, 7765618.508092534728348 ], [ 5880521.676582735031843, 7765627.00751971732825 ], [ 5880527.708384163677692, 7765747.337041582912207 ], [ 5880555.875000808387995, 7765745.92064718157053 ], [ 5880557.38295130059123, 7765776.003046147525311 ], [ 5880670.049590496346354, 7765770.337078988552094 ] ] ] ] } },
{ "type": "Feature", "properties": { "ID": 25, "Area_ha": 3174630.2, "x": 5880039.833, "y": 7765590.916, "CD_GEOCOD": "3137205", "NM_MUNICI": "Lagoa da Prata", "NM_MESO": "Central Mineira", "NM_MICRO": "BOM DESPACHO" }, "geometry": { "type": "MultiPolygon", "coordinates": [ [ [ [ 5880099.179990673437715, 7765648.248951438814402 ], [ 5880093.150808618403971, 7765527.920398886315525 ], [ 5879980.485745810903609, 7765533.583312856033444 ], [ 5879986.5141462367028, 7765653.911611471325159 ], [ 5880099.179990673437715, 7765648.248951438814402 ] ] ] ] } },
{ "type": "Feature", "properties": { "ID": 25, "Area_ha": 3174630.2, "x": 5895721.067, "y": 7764840.533, "CD_GEOCOD": "3137205", "NM_MUNICI": "Lagoa da Prata", "NM_MESO": "Central Mineira", "NM_MICRO": "BOM DESPACHO" }, "geometry": { "type": "MultiPolygon", "coordinates": [ [ [ [ 5896000.044266898185015, 7765143.468292071484029 ], [ 5895998.509638171643019, 7765113.377108682878315 ], [ 5896054.840834341943264, 7765110.494689776562154 ], [ 5896053.30608803126961, 7765080.403475186787546 ], [ 5896081.471633763052523, 7765078.962181622162461 ], [ 5896078.401983891613781, 7765018.779723471961915 ], [ 5896134.732872888445854, 7765015.896935785189271 ], [ 5896127.05791234690696, 7764865.440648375079036 ], [ 5896098.892713407054543, 7764866.88214567489922 ], [ 5896094.287645730189979, 7764776.60843512788415 ], [ 5896066.122591119259596, 7764778.049935599789023 ], [ 5896064.587577777914703, 7764747.958717146888375 ], [ 5896008.257559367455542, 7764750.841614482924342 ], [ 5896006.722623962908983, 7764720.750429464504123 ], [ 5895922.227725607343018, 7764725.074484124779701 ], [ 5895913.018576692789793, 7764544.527688313275576 ], [ 5895884.853899255394936, 7764545.96904618293047 ], [ 5895883.319020590744913, 7764515.877933613024652 ], [ 5895826.989756533876061, 7764518.760545728728175 ], [ 5895825.454955819062889, 7764488.669466583989561 ], [ 5895797.290369200520217, 7764490.1107208263129 ], [ 5895795.755597548559308, 7764460.019658954814076 ], [ 5895654.93287412635982, 7764467.225331222638488 ], [ 5895656.467401331290603, 7764497.31631232984364 ], [ 5895628.302800800651312, 7764498.757294690236449 ], [ 5895631.371697966009378, 7764558.939227959141135 ], [ 5895603.206997342407703, 7764560.380132704973221 ], [ 5895604.741367304697633, 7764590.471084862947464 ], [ 5895576.57661547511816, 7764591.911928146146238 ], [ 5895578.110916729085147, 7764622.002865272574127 ], [ 5895521.781308343634009, 7764624.884383602067828 ], [ 5895523.315492004156113, 7764654.975289544090629 ], [ 5895466.985776576213539, 7764657.856594332493842 ], [ 5895470.053888900205493, 7764718.038344964385033 ], [ 5895413.723968662321568, 7764720.919403919950128 ], [ 5895415.257897329516709, 7764751.010248611681163 ], [ 5895387.092884850688279, 7764752.450693977996707 ], [ 5895388.626744817011058, 7764782.541523639112711 ], [ 5895360.461681138724089, 7764783.981907550245523 ], [ 5895361.995472405105829, 7764814.072722177952528 ], [ 5895333.830357528291643, 7764815.513044633902609 ], [ 5895335.364080096594989, 7764845.603844230994582 ], [ 5895307.198914021253586, 7764847.044105228036642 ], [ 5895308.732567893341184, 7764877.134889794513583 ], [ 5895252.402131028473377, 7764880.015243578702211 ], [ 5895258.53615733422339, 7765000.37826382368803 ], [ 5895286.701572442427278, 7764998.93817416857928 ], [ 5895288.235078360885382, 7765029.028948159888387 ], [ 5895316.400540028698742, 7765027.588829341344535 ], [ 5895317.934075010940433, 7765057.679620595648885 ], [ 5895346.099583240225911, 7765056.239472622051835 ], [ 5895347.633147282525897, 7765086.330281139351428 ], [ 5895488.4608980640769, 7765079.128942446783185 ], [ 5895486.927089638076723, 7765049.038053188472986 ], [ 5895543.258075979538262, 7765046.157168283127248 ], [ 5895541.724149978719652, 7765016.066247843205929 ], [ 5895795.213033913634717, 7765003.099877830594778 ], [ 5895801.35037855990231, 7765123.464147806167603 ], [ 5895829.515994029119611, 7765122.023278124630451 ], [ 5895831.050329500809312, 7765152.114364566281438 ], [ 5896000.044266898185015, 7765143.468292071484029 ] ] ] ] } },
{ "type": "Feature", "properties": { "ID": 25, "Area_ha": 3174630.2, "x": 5869951.578, "y": 7765746.801, "CD_GEOCOD": "3138807", "NM_MUNICI": "Luz", "NM_MESO": "Central Mineira", "NM_MICRO": "BOM DESPACHO" }, "geometry": { "type": "MultiPolygon", "coordinates": [ [ [ [ 5870062.838127519004047, 7765968.927644282579422 ], [ 5870059.858119577169418, 7765908.774614587426186 ], [ 5870116.191859135404229, 7765905.975022442638874 ], [ 5870105.760541163384914, 7765695.439230400137603 ], [ 5870190.260107999667525, 7765691.239172788336873 ], [ 5870184.298345200717449, 7765570.932839661836624 ], [ 5869733.636880381964147, 7765593.32943784724921 ], [ 5869747.043380466289818, 7765864.016450815834105 ], [ 5869831.543767711147666, 7765859.818395903334022 ], [ 5869833.033429116010666, 7765889.894782736897469 ], [ 5869889.367107028141618, 7765887.095884256064892 ], [ 5869892.34656744170934, 7765947.248723678290844 ], [ 5869920.513500694185495, 7765945.849237836897373 ], [ 5869922.003250863403082, 7765975.925674737431109 ], [ 5870062.838127519004047, 7765968.927644282579422 ] ] ] ] } },
{ "type": "Feature", "properties": { "ID": 4, "Area_ha": 9054090.08, "x": 5627641.269, "y": 7775550.992, "CD_GEOCOD": "3100708", "NM_MUNICI": "Água Comprida", "NM_MESO": "Triângulo Mineiro e Alto Paranaíba", "NM_MICRO": "UBERABA" }, "geometry": { "type": "MultiPolygon", "coordinates": [ [ [ [ 5627678.91125260386616, 7775883.067679677158594 ], [ 5627674.623387888073921, 7775763.226431744173169 ], [ 5627702.806108867749572, 7775762.216385423205793 ], [ 5627694.229326400905848, 7775522.53380308393389 ], [ 5627722.411658180877566, 7775521.523620817810297 ], [ 5627715.978198325261474, 7775341.761619721539319 ], [ 5627744.160237769596279, 7775340.751324157230556 ], [ 5627738.79839767049998, 7775190.949602318927646 ], [ 5627626.071199232712388, 7775194.990738872438669 ], [ 5627628.215589223429561, 7775254.911336772143841 ], [ 5627600.033688637427986, 7775255.921484867110848 ], [ 5627606.466235181316733, 7775435.683212687261403 ], [ 5627578.284042251296341, 7775436.693247500807047 ], [ 5627583.643874244764447, 7775586.49463309161365 ], [ 5627555.461437441408634, 7775587.504565943032503 ], [ 5627560.820680657401681, 7775737.305897060781717 ], [ 5627532.637999996542931, 7775738.315727951936424 ], [ 5627537.996654464863241, 7775888.117004591971636 ], [ 5627678.91125260386616, 7775883.067679677158594 ] ] ] ] } },
{ "type": "Feature", "properties": { "ID": 4, "Area_ha": 9054090.08, "x": 5627064.084, "y": 7775508.937, "CD_GEOCOD": "3100708", "NM_MUNICI": "Água Comprida", "NM_MESO": "Triângulo Mineiro e Alto Paranaíba", "NM_MICRO": "UBERABA" }, "geometry": { "type": "MultiPolygon", "coordinates": [ [ [ [ 5627197.659195633605123, 7775840.310519598424435 ], [ 5627170.876300308853388, 7775091.307557014748454 ], [ 5627058.149747150950134, 7775095.345245763659477 ], [ 5627060.292309732176363, 7775155.2653903439641 ], [ 5627032.110570466145873, 7775156.274676505476236 ], [ 5627034.252980734221637, 7775216.194798795506358 ], [ 5627006.071142932400107, 7775217.204016976058483 ], [ 5627008.213400893844664, 7775277.124116983264685 ], [ 5626980.031464556232095, 7775278.133267182856798 ], [ 5626981.102524309419096, 7775308.093305999413133 ], [ 5626952.920537895523012, 7775309.102399531751871 ], [ 5626955.062518951483071, 7775369.022454798221588 ], [ 5626926.88043400645256, 7775370.031480352394283 ], [ 5626927.951355310156941, 7775399.991496803238988 ], [ 5626899.769220291636884, 7775401.000465689226985 ], [ 5626907.264942551031709, 7775610.720503998920321 ], [ 5626935.447416715323925, 7775609.711614278145134 ], [ 5626944.013513191603124, 7775849.391753528267145 ], [ 5627197.659195633605123, 7775840.310519598424435 ] ] ] ] } },
{ "type": "Feature", "properties": { "ID": 4, "Area_ha": 9054090.08, "x": 5548726.53, "y": 7777491.123, "CD_GEOCOD": "3127107", "NM_MUNICI": "Frutal", "NM_MESO": "Triângulo Mineiro e Alto Paranaíba", "NM_MICRO": "FRUTAL" }, "geometry": { "type": "MultiPolygon", "coordinates": [ [ [ [ 5548738.165911575779319, 7777814.898330770432949 ], [ 5548731.608441058546305, 7777605.384123800322413 ], [ 5548872.536828545853496, 7777600.967054871842265 ], [ 5548860.353950562886894, 7777211.8685791362077 ], [ 5548663.058599113486707, 7777218.053058856166899 ], [ 5548670.553288759663701, 7777457.497723318636417 ], [ 5548557.811508998274803, 7777461.030396748334169 ], [ 5548561.55778934340924, 7777580.752567067742348 ], [ 5548589.743429857306182, 7777579.869506351649761 ], [ 5548593.489709859713912, 7777699.591713869012892 ], [ 5548621.675542381592095, 7777698.708647371269763 ], [ 5548625.42182202078402, 7777818.430892091244459 ], [ 5548738.165911575779319, 7777814.898330770432949 ] ] ] ] } },
{ "type": "Feature", "properties": { "ID": 4, "Area_ha": 9054090.08, "x": 5620462.05, "y": 7774833.379, "CD_GEOCOD": "3100708", "NM_MUNICI": "Água Comprida", "NM_MESO": "Triângulo Mineiro e Alto Paranaíba", "NM_MICRO": "UBERABA" }, "geometry": { "type": "MultiPolygon", "coordinates": [ [ [ [ 5620506.183480200357735, 7774938.842359671369195 ], [ 5620505.123241242021322, 7774908.884898744523525 ], [ 5620561.485914317891002, 7774906.886879807338119 ], [ 5620555.123611250892282, 7774727.141981272026896 ], [ 5620414.218370285816491, 7774732.137024080380797 ], [ 5620415.278546089306474, 7774762.094451056793332 ], [ 5620358.916341522708535, 7774764.092128191143274 ], [ 5620364.216530408710241, 7774913.879152121953666 ], [ 5620392.397875791415572, 7774912.88039218634367 ], [ 5620393.457920921035111, 7774942.837808348238468 ], [ 5620506.183480200357735, 7774938.842359671369195 ] ] ] ] } },
{ "type": "Feature", "properties": { "ID": 4, "Area_ha": 9054090.08, "x": 5634726.187, "y": 7774113.973, "CD_GEOCOD": "3170107", "NM_MUNICI": "Uberaba", "NM_MESO": "Triângulo Mineiro e Alto Paranaíba", "NM_MICRO": "UBERABA" }, "geometry": { "type": "MultiPolygon", "coordinates": [ [ [ [ 5634787.42912536393851, 7774246.763035589829087 ], [ 5634777.664556622505188, 7773977.094241729006171 ], [ 5634664.945204948075116, 7773981.182384695857763 ], [ 5634674.708028284832835, 7774250.850766455754638 ], [ 5634787.42912536393851, 7774246.763035589829087 ] ] ] ] } },
{ "type": "Feature", "properties": { "ID": 25, "Area_ha": 3174630.2, "x": 5875185.351, "y": 7763717.843, "CD_GEOCOD": "3138807", "NM_MUNICI": "Luz", "NM_MESO": "Central Mineira", "NM_MICRO": "BOM DESPACHO" }, "geometry": { "type": "MultiPolygon", "coordinates": [ [ [ [ 5875327.531729035079479, 7763957.55341396573931 ], [ 5875320.02954778354615, 7763807.156192898750305 ], [ 5875291.866084607318044, 7763808.565493505448103 ], [ 5875290.365639134310186, 7763778.486068150028586 ], [ 5875234.038803743198514, 7763781.304564891383052 ], [ 5875219.034261514432728, 7763480.510683318600059 ], [ 5875190.871329300105572, 7763481.920021440833807 ], [ 5875189.370817448943853, 7763451.840654704719782 ], [ 5875048.556366796605289, 7763458.886743928305805 ], [ 5875054.55732018314302, 7763579.203901536762714 ], [ 5875110.883498379029334, 7763576.385728092864156 ], [ 5875128.885672902688384, 7763937.337677950039506 ], [ 5875213.376683065667748, 7763933.110645615495741 ], [ 5875214.876885049045086, 7763963.190028766170144 ], [ 5875327.531729035079479, 7763957.55341396573931 ] ] ] ] } },
{ "type": "Feature", "properties": { "ID": 4, "Area_ha": 9054090.08, "x": 5668942.065, "y": 7772403.118, "CD_GEOCOD": "3118205", "NM_MUNICI": "Conquista", "NM_MESO": "Triângulo Mineiro e Alto Paranaíba", "NM_MICRO": "UBERABA" }, "geometry": { "type": "MultiPolygon", "coordinates": [ [ [ [ 5668982.173443030565977, 7772582.886482905596495 ], [ 5668981.029469184577465, 7772552.909013260155916 ], [ 5669037.384545817039907, 7772550.754381142556667 ], [ 5669036.240460112690926, 7772520.776887590065598 ], [ 5669120.772916431538761, 7772517.544562907889485 ], [ 5669115.051538069732487, 7772367.656917488202453 ], [ 5669086.874297072179615, 7772368.734464749693871 ], [ 5669083.441438289359212, 7772278.801916351541877 ], [ 5669027.087242349982262, 7772280.956947131082416 ], [ 5669025.9430236145854, 7772250.979455573484302 ], [ 5668997.76597158703953, 7772252.056914959102869 ], [ 5668996.621786615811288, 7772222.079435679130256 ], [ 5668855.736743176355958, 7772227.466112220659852 ], [ 5668856.880685420706868, 7772257.443531189113855 ], [ 5668772.349492902867496, 7772260.674956372007728 ], [ 5668776.924531580880284, 7772380.584489725530148 ], [ 5668805.101791662164032, 7772379.507441617548466 ], [ 5668811.964197655208409, 7772559.37182061932981 ], [ 5668840.141747247427702, 7772558.294799495488405 ], [ 5668841.285478400066495, 7772588.272208831273019 ], [ 5668982.173443030565977, 7772582.886482905596495 ] ] ] ] } },
{ "type": "Feature", "properties": { "ID": 4, "Area_ha": 9054090.08, "x": 5668340.755, "y": 7772385.021, "CD_GEOCOD": "3118205", "NM_MUNICI": "Conquista", "NM_MESO": "Triângulo Mineiro e Alto Paranaíba", "NM_MICRO": "UBERABA" }, "geometry": { "type": "MultiPolygon", "coordinates": [ [ [ [ 5668416.335303461179137, 7772544.468123736791313 ], [ 5668403.761132460087538, 7772214.718627413734794 ], [ 5668291.053149672225118, 7772219.024295661598444 ], [ 5668292.196135784499347, 7772249.001473298296332 ], [ 5668264.019087209366262, 7772250.077764859423041 ], [ 5668275.447650833055377, 7772549.849432759918272 ], [ 5668416.335303461179137, 7772544.468123736791313 ] ] ] ] } },
{ "type": "Feature", "properties": { "ID": 25, "Area_ha": 3174630.2, "x": 5882468.791, "y": 7762850.374, "CD_GEOCOD": "3137205", "NM_MUNICI": "Lagoa da Prata", "NM_MESO": "Central Mineira", "NM_MICRO": "BOM DESPACHO" }, "geometry": { "type": "MultiPolygon", "coordinates": [ [ [ [ 5882525.262181644327939, 7763354.633087737485766 ], [ 5882520.722915001213551, 7763264.38260867074132 ], [ 5882548.885499211028218, 7763262.961559049785137 ], [ 5882542.832674653269351, 7763142.627538151107728 ], [ 5882796.294069018214941, 7763129.835478158667684 ], [ 5882788.725398069247603, 7762979.417259884998202 ], [ 5882760.563274608924985, 7762980.838860840536654 ], [ 5882740.88308032695204, 7762589.751824172213674 ], [ 5882684.560098273679614, 7762592.595303704030812 ], [ 5882683.046198265627027, 7762562.511724735610187 ], [ 5882401.431639792397618, 7762576.726559970527887 ], [ 5882399.918209427036345, 7762546.643141126260161 ], [ 5882371.756789904087782, 7762548.064391078427434 ], [ 5882358.135478172451258, 7762277.313812237232924 ], [ 5882189.169554663822055, 7762285.841218080371618 ], [ 5882204.301312650553882, 7762586.674245782196522 ], [ 5882232.462794822640717, 7762585.25328388530761 ], [ 5882244.567186884582043, 7762825.9199093952775 ], [ 5882272.729058081284165, 7762824.499029351398349 ], [ 5882295.422158949077129, 7763275.749373132362962 ], [ 5882323.584761463105679, 7763274.328686291351914 ], [ 5882328.123001173138618, 7763364.578831309452653 ], [ 5882525.262181644327939, 7763354.633087737485766 ] ] ] ] } },
{ "type": "Feature", "properties": { "ID": 11, "Area_ha": 2403787.33, "x": 5864679.974, "y": 7763132.468, "CD_GEOCOD": "3130309", "NM_MUNICI": "Iguatama", "NM_MESO": "Oeste", "NM_MICRO": "PIUÍ" }, "geometry": { "type": "MultiPolygon", "coordinates": [ [ [ [ 5864763.010363990440965, 7763277.104250025004148 ], [ 5864748.180166121572256, 7762976.368730340152979 ], [ 5864607.369619080796838, 7762983.333717091009021 ], [ 5864614.783734910190105, 7763133.70107507891953 ], [ 5864586.621374315582216, 7763135.093858411535621 ], [ 5864592.552127074450254, 7763255.387700106948614 ], [ 5864648.877237126231194, 7763252.602212743833661 ], [ 5864650.359975263476372, 7763282.675706787034869 ], [ 5864763.010363990440965, 7763277.104250025004148 ] ] ] ] } },
{ "type": "Feature", "properties": { "ID": 4, "Area_ha": 9054090.08, "x": 5541091.237, "y": 7775868.83, "CD_GEOCOD": "3127107", "NM_MUNICI": "Frutal", "NM_MESO": "Triângulo Mineiro e Alto Paranaíba", "NM_MICRO": "FRUTAL" }, "geometry": { "type": "MultiPolygon", "coordinates": [ [ [ [ 5540912.585963665507734, 7776560.547554258257151 ], [ 5540910.737956192344427, 7776500.691761707887053 ], [ 5540938.921849860809743, 7776499.820522039197385 ], [ 5540937.997779835015535, 7776469.89261575229466 ], [ 5540966.181623720563948, 7776469.021320932544768 ], [ 5540964.33335108589381, 7776409.165488340891898 ], [ 5541020.700841134414077, 7776407.422723485156894 ], [ 5541016.079466747120023, 7776257.783041472546756 ], [ 5541100.629965582862496, 7776255.16840735822916 ], [ 5541098.781041924841702, 7776195.31247482355684 ], [ 5541126.96444196254015, 7776194.440819806419313 ], [ 5541126.039913831278682, 7776164.512843522243202 ], [ 5541154.223264081403613, 7776163.641133349388838 ], [ 5541152.374075210653245, 7776103.785160761326551 ], [ 5541180.557327286340296, 7776102.913385668769479 ], [ 5541178.707993855699897, 7776043.057392883114517 ], [ 5541206.891147754155099, 7776042.185552874580026 ], [ 5541201.342570396140218, 7775862.617511907592416 ], [ 5541483.171128799207509, 7775853.896028963848948 ], [ 5541484.096405466087162, 7775883.824133832007647 ], [ 5541681.376651460304856, 7775877.716462538577616 ], [ 5541679.525408699177206, 7775817.860115912742913 ], [ 5541707.708198577165604, 7775816.987390286289155 ], [ 5541706.782510867342353, 7775787.059206953272223 ], [ 5541734.965250950306654, 7775786.186426155269146 ], [ 5541733.113742865622044, 7775726.330039449967444 ], [ 5541789.479025237262249, 7775724.584302559494972 ], [ 5541786.701383044943213, 7775634.799662629142404 ], [ 5541814.883876937441528, 7775633.926696766167879 ], [ 5541808.401954411529005, 7775424.429129344411194 ], [ 5541667.491164807230234, 7775428.793846467509866 ], [ 5541668.41694762557745, 7775458.722022047266364 ], [ 5541442.959223929792643, 7775465.703129900619388 ], [ 5541442.033828306943178, 7775435.775032436475158 ], [ 5541160.212031158618629, 7775444.497427811846137 ], [ 5541161.136942790821195, 7775474.42542767431587 ], [ 5540794.76776725705713, 7775485.757625749334693 ], [ 5540795.692037767730653, 7775515.685498636215925 ], [ 5540767.509735265746713, 7775516.556878546252847 ], [ 5540769.358143676072359, 7775576.412604310549796 ], [ 5540712.993340875953436, 7775578.15518890041858 ], [ 5540719.461716737598181, 7775787.650087187066674 ], [ 5540606.730739259161055, 7775791.134438474662602 ], [ 5540612.273434518836439, 7775970.701253514736891 ], [ 5540584.090396301820874, 7775971.572169329039752 ], [ 5540590.555992370471358, 7776181.066710863262415 ], [ 5540618.739369287155569, 7776180.195863286033273 ], [ 5540626.128292923793197, 7776419.618264205753803 ], [ 5540682.495816647075117, 7776417.8765888530761 ], [ 5540684.343121716752648, 7776477.732226378284395 ], [ 5540740.710833341814578, 7776475.990408446639776 ], [ 5540741.634564726613462, 7776505.918246453627944 ], [ 5540769.818466811440885, 7776505.0472791492939 ], [ 5540771.665990521200001, 7776564.902974160388112 ], [ 5540912.585963665507734, 7776560.547554258257151 ] ] ] ] } },
{ "type": "Feature", "properties": { "ID": 4, "Area_ha": 9054090.08, "x": 5620261.944, "y": 7772890.431, "CD_GEOCOD": "3100708", "NM_MUNICI": "Água Comprida", "NM_MESO": "Triângulo Mineiro e Alto Paranaíba", "NM_MICRO": "UBERABA" }, "geometry": { "type": "MultiPolygon", "coordinates": [ [ [ [ 5620415.427406070753932, 7773172.351863434538245 ], [ 5620414.366407060064375, 7773142.39441742002964 ], [ 5620442.544885920360684, 7773141.394815864041448 ], [ 5620438.300558868795633, 7773021.564987692981958 ], [ 5620325.587409693747759, 7773025.563300483860075 ], [ 5620312.855441052466631, 7772666.074358899146318 ], [ 5620059.25599925685674, 7772675.069114256650209 ], [ 5620063.498461909592152, 7772794.898357935249805 ], [ 5620091.676378116942942, 7772793.899167018011212 ], [ 5620092.737008043564856, 7772823.856489274650812 ], [ 5620261.804762485437095, 7772817.860457345843315 ], [ 5620274.534745139069855, 7773177.349134295247495 ], [ 5620415.427406070753932, 7773172.351863434538245 ] ] ] ] } },
{ "type": "Feature", "properties": { "ID": 25, "Area_ha": 3174630.2, "x": 5875913.596, "y": 7760699.88, "CD_GEOCOD": "3138807", "NM_MUNICI": "Luz", "NM_MESO": "Central Mineira", "NM_MICRO": "BOM DESPACHO" }, "geometry": { "type": "MultiPolygon", "coordinates": [ [ [ [ 5876194.120110092684627, 7760958.954696800559759 ], [ 5876186.599628398194909, 7760808.555139064788818 ], [ 5876158.441040877252817, 7760809.967619640752673 ], [ 5876153.928666044957936, 7760719.727944736368954 ], [ 5876125.770223095081747, 7760721.140427272766829 ], [ 5876122.761974168941379, 7760660.980680730193853 ], [ 5876094.603626843541861, 7760662.39314943458885 ], [ 5876088.587092155590653, 7760542.073731865733862 ], [ 5876060.428938362747431, 7760543.486218307167292 ], [ 5876057.420652608387172, 7760483.326547274366021 ], [ 5876029.262594447471201, 7760484.739019880071282 ], [ 5876027.758471447043121, 7760454.65920169185847 ], [ 5875943.284430164843798, 7760458.89639444835484 ], [ 5875941.780434646643698, 7760428.816624633036554 ], [ 5875829.148543546907604, 7760434.465642478317022 ], [ 5875833.659884490072727, 7760524.704765667207539 ], [ 5875692.869235062971711, 7760531.764779794961214 ], [ 5875694.372731846757233, 7760561.844410701654851 ], [ 5875609.898168014362454, 7760566.079827059060335 ], [ 5875621.924269885756075, 7760806.716532765887678 ], [ 5875734.558583527803421, 7760801.069724978879094 ], [ 5875736.06195486150682, 7760831.149380926974118 ], [ 5875876.85504044406116, 7760824.089928697794676 ], [ 5875879.862214444205165, 7760884.249401474371552 ], [ 5875936.179628532379866, 7760881.425365941599011 ], [ 5875937.683284352533519, 7760911.505135437473655 ], [ 5875994.000787228345871, 7760908.68094989284873 ], [ 5875995.504521556198597, 7760938.76075198315084 ], [ 5876023.663318524137139, 7760937.348606903105974 ], [ 5876025.167082413099706, 7760967.428425809368491 ], [ 5876194.120110092684627, 7760958.954696800559759 ] ] ] ] } },
{ "type": "Feature", "properties": { "ID": 11, "Area_ha": 2403787.33, "x": 5851908.141, "y": 7761822.421, "CD_GEOCOD": "3105103", "NM_MUNICI": "Bambuí", "NM_MESO": "Oeste", "NM_MICRO": "PIUÍ" }, "geometry": { "type": "MultiPolygon", "coordinates": [ [ [ [ 5851864.048070138320327, 7762162.346458883956075 ], [ 5851861.124473534524441, 7762102.213532741181552 ], [ 5851889.285145612433553, 7762100.840275065042078 ], [ 5851886.361375820823014, 7762040.707321928814054 ], [ 5851914.521947885863483, 7762039.333988153375685 ], [ 5851913.059985818341374, 7762009.267497625201941 ], [ 5852194.665095652453601, 7761995.531509535387158 ], [ 5852196.127546736970544, 7762025.598153579980135 ], [ 5852224.288094442337751, 7762024.224320440553129 ], [ 5852225.750575574114919, 7762054.290980763733387 ], [ 5852394.714108703657985, 7762046.047120712697506 ], [ 5852388.862897388637066, 7761925.780116427689791 ], [ 5852360.702509682625532, 7761927.154268022626638 ], [ 5852359.239708610810339, 7761897.087534630671144 ], [ 5852331.079367593862116, 7761898.461656182073057 ], [ 5852329.616596570238471, 7761868.394939070567489 ], [ 5852160.654797372408211, 7761876.638807139359415 ], [ 5852154.804698460735381, 7761756.372316474094987 ], [ 5852126.644586466252804, 7761757.746196996420622 ], [ 5852125.182063513435423, 7761727.679591996595263 ], [ 5852097.021998210810125, 7761729.053442472591996 ], [ 5852095.559505313634872, 7761698.986853752285242 ], [ 5852067.399486703798175, 7761700.360674172639847 ], [ 5852065.937023864127696, 7761670.294101731851697 ], [ 5852037.777051947079599, 7761671.667892098426819 ], [ 5852036.314619166776538, 7761641.601335938088596 ], [ 5852008.154693943448365, 7761642.975096249952912 ], [ 5852006.692291222512722, 7761612.90855636075139 ], [ 5851978.53241269569844, 7761614.282286622561514 ], [ 5851977.070040034130216, 7761584.215763011947274 ], [ 5851948.910208202898502, 7761585.589463213458657 ], [ 5851947.447865602560341, 7761555.522955877706409 ], [ 5851919.288080468773842, 7761556.896626027300954 ], [ 5851917.825767932459712, 7761526.830134957097471 ], [ 5851889.666029495187104, 7761528.203775047324598 ], [ 5851888.203747022897005, 7761498.137300259433687 ], [ 5851860.044055281206965, 7761499.510910289362073 ], [ 5851857.119531622156501, 7761439.377994174137712 ], [ 5851688.161921618506312, 7761447.618884963914752 ], [ 5851694.009719657711685, 7761567.884352622553706 ], [ 5851665.849914591759443, 7761569.257614120841026 ], [ 5851670.235418542288244, 7761659.456678546965122 ], [ 5851642.075464531779289, 7761660.829848613590002 ], [ 5851643.537212588824332, 7761690.896189926192164 ], [ 5851615.377207456156611, 7761692.269299248233438 ], [ 5851616.838887765072286, 7761722.3356261420995 ], [ 5851588.6788315102458, 7761723.708674716763198 ], [ 5851597.448224261403084, 7761904.10656345076859 ], [ 5851653.768921423703432, 7761901.360605014488101 ], [ 5851659.615197665989399, 7762021.626005406491458 ], [ 5851687.775738538242877, 7762020.253019465133548 ], [ 5851689.237309394404292, 7762050.319387219846249 ], [ 5851717.397896953858435, 7762048.946371225640178 ], [ 5851720.321079939603806, 7762109.079140197485685 ], [ 5851748.481763086281717, 7762107.706109497696161 ], [ 5851751.404968496412039, 7762167.838912861421704 ], [ 5851864.048070138320327, 7762162.346458883956075 ] ] ] ] } },
{ "type": "Feature", "properties": { "ID": 4, "Area_ha": 9054090.08, "x": 5528315.956, "y": 7774088.947, "CD_GEOCOD": "3127107", "NM_MUNICI": "Frutal", "NM_MESO": "Triângulo Mineiro e Alto Paranaíba", "NM_MICRO": "FRUTAL" }, "geometry": { "type": "MultiPolygon", "coordinates": [ [ [ [ 5528463.80684595182538, 7774425.040718928910792 ], [ 5528462.903102062642574, 7774395.117039250209928 ], [ 5528491.083588489331305, 7774394.264936977997422 ], [ 5528480.237170865759254, 7774035.180650627240539 ], [ 5528452.057265454903245, 7774036.032867205329239 ], [ 5528451.153369910083711, 7774006.109184877946973 ], [ 5528338.433928213082254, 7774009.517634846270084 ], [ 5528330.300086659379303, 7773740.204827583394945 ], [ 5528161.223497835919261, 7773745.316653352230787 ], [ 5528162.127014096826315, 7773775.240242294967175 ], [ 5528133.947529390454292, 7773776.092044666409492 ], [ 5528135.754430081695318, 7773835.939202900975943 ], [ 5528079.395262842066586, 7773837.642633228562772 ], [ 5528083.008536925539374, 7773957.336871094070375 ], [ 5528223.907413209788501, 7773953.078144811093807 ], [ 5528230.231888774782419, 7774162.543386386707425 ], [ 5528258.411998858675361, 7774161.691571443341672 ], [ 5528265.639658617787063, 7774401.080482883378863 ], [ 5528293.820154660381377, 7774400.22869867272675 ], [ 5528294.723608067259192, 7774430.152321208268404 ], [ 5528463.80684595182538, 7774425.040718928910792 ] ] ] ] } },
{ "type": "Feature", "properties": { "ID": 4, "Area_ha": 9054090.08, "x": 5540007.782, "y": 7773293.319, "CD_GEOCOD": "3127107", "NM_MUNICI": "Frutal", "NM_MESO": "Triângulo Mineiro e Alto Paranaíba", "NM_MICRO": "FRUTAL" }, "geometry": { "type": "MultiPolygon", "coordinates": [ [ [ [ 5540080.076900826767087, 7773350.996936658397317 ], [ 5540076.380718061700463, 7773231.286290362477303 ], [ 5539935.487672131508589, 7773235.64126156643033 ], [ 5539939.182886027731001, 7773355.351713214069605 ], [ 5540080.076900826767087, 7773350.996936658397317 ] ] ] ] } },
{ "type": "Feature", "properties": { "ID": 25, "Area_ha": 3174630.2, "x": 5880884.479, "y": 7758879.82, "CD_GEOCOD": "3137205", "NM_MUNICI": "Lagoa da Prata", "NM_MESO": "Central Mineira", "NM_MICRO": "BOM DESPACHO" }, "geometry": { "type": "MultiPolygon", "coordinates": [ [ [ [ 5880949.649427736178041, 7758970.555110890418291 ], [ 5880946.622192715294659, 7758910.389961599372327 ], [ 5880974.7776915775612, 7758908.968755010515451 ], [ 5880968.722791622392833, 7758788.638405619189143 ], [ 5880799.790939903818071, 7758797.165344571694732 ], [ 5880808.871409119106829, 7758977.660303864628077 ], [ 5880949.649427736178041, 7758970.555110890418291 ] ] ] ] } },
{ "type": "Feature", "properties": { "ID": 25, "Area_ha": 3174630.2, "x": 5881254.439, "y": 7759129.102, "CD_GEOCOD": "3137205", "NM_MUNICI": "Lagoa da Prata", "NM_MESO": "Central Mineira", "NM_MICRO": "BOM DESPACHO" }, "geometry": { "type": "MultiPolygon", "coordinates": [ [ [ [ 5881120.700348837301135, 7759565.102094000205398 ], [ 5881113.132840076461434, 7759414.688726551830769 ], [ 5881225.758107050321996, 7759409.003798404708505 ], [ 5881222.730575194582343, 7759348.838331839069724 ], [ 5881335.355413627810776, 7759343.152550095692277 ], [ 5881329.299332149326801, 7759222.821375660598278 ], [ 5881357.455340085551143, 7759221.399753188714385 ], [ 5881343.827574918046594, 7758950.654529601335526 ], [ 5881512.760928962379694, 7758942.122983809560537 ], [ 5881509.731734249740839, 7758881.95719969086349 ], [ 5881650.508976268582046, 7758874.846170356497169 ], [ 5881648.994104681536555, 7758844.763200494460762 ], [ 5881677.149497208185494, 7758843.340842487290502 ], [ 5881669.574601639062166, 7758692.925929656252265 ], [ 5881641.419454092159867, 7758694.348367056809366 ], [ 5881639.904465443454683, 7758664.26540353987366 ], [ 5881611.749364599585533, 7758665.687811395153403 ], [ 5881610.234405439347029, 7758635.604864814318717 ], [ 5881582.079351298511028, 7758637.027243116870522 ], [ 5881580.564421627670527, 7758606.944313472136855 ], [ 5881467.944378113374114, 7758612.633435930125415 ], [ 5881475.517851428128779, 7758763.047777230851352 ], [ 5881306.586247401311994, 7758771.579621948301792 ], [ 5881321.728791476227343, 7759072.407431361265481 ], [ 5881209.105716553516686, 7759078.093784514814615 ], [ 5881210.619667738676071, 7759108.176507776603103 ], [ 5881182.463844287209213, 7759109.597966647706926 ], [ 5881183.977726982906461, 7759139.680675089359283 ], [ 5881043.198330390267074, 7759146.787208823487163 ], [ 5881046.225547411479056, 7759206.952470183372498 ], [ 5881018.069563241675496, 7759208.373608939349651 ], [ 5881019.583093522116542, 7759238.456225335597992 ], [ 5880991.427058072760701, 7759239.877302810549736 ], [ 5880994.453962175175548, 7759300.042507018893957 ], [ 5880938.141688462346792, 7759302.884462248533964 ], [ 5880939.655013301409781, 7759332.967034202069044 ], [ 5880911.498824022710323, 7759334.387927829287946 ], [ 5880913.012080384418368, 7759364.470484969206154 ], [ 5880884.855839831754565, 7759365.891317311674356 ], [ 5880886.369027717038989, 7759395.973859639838338 ], [ 5880858.212735888548195, 7759397.394630705937743 ], [ 5880864.265096569433808, 7759517.724747084081173 ], [ 5880892.421584321185946, 7759516.304039482027292 ], [ 5880893.934674737975001, 7759546.386587077751756 ], [ 5880950.247741322033107, 7759543.5450673783198 ], [ 5880951.760910204611719, 7759573.627647757530212 ], [ 5881120.700348837301135, 7759565.102094000205398 ] ] ] ] } },
{ "type": "Feature", "properties": { "ID": 4, "Area_ha": 9054090.08, "x": 5625139.993, "y": 7769693.668, "CD_GEOCOD": "3100708", "NM_MUNICI": "Água Comprida", "NM_MESO": "Triângulo Mineiro e Alto Paranaíba", "NM_MICRO": "UBERABA" }, "geometry": { "type": "MultiPolygon", "coordinates": [ [ [ [ 5625231.060809377580881, 7769761.116378141567111 ], [ 5625226.776815832592547, 7769641.278767224401236 ], [ 5625170.431194139644504, 7769643.296225741505623 ], [ 5625169.360258370637894, 7769613.336845737881958 ], [ 5625056.669189738109708, 7769617.371262360364199 ], [ 5625062.022759106010199, 7769767.167937904596329 ], [ 5625231.060809377580881, 7769761.116378141567111 ] ] ] ] } },
{ "type": "Feature", "properties": { "ID": 4, "Area_ha": 9054090.08, "x": 5546464.812, "y": 7772322.561, "CD_GEOCOD": "3127107", "NM_MUNICI": "Frutal", "NM_MESO": "Triângulo Mineiro e Alto Paranaíba", "NM_MICRO": "FRUTAL" }, "geometry": { "type": "MultiPolygon", "coordinates": [ [ [ [ 5546766.006148050539196, 7772483.935485191643238 ], [ 5546765.070324368774891, 7772454.005489490926266 ], [ 5546793.247672135941684, 7772453.123354583978653 ], [ 5546789.504062832333148, 7772333.403330836445093 ], [ 5546761.326908929273486, 7772334.285505155101418 ], [ 5546760.391024891287088, 7772304.355508685112 ], [ 5546675.859700039960444, 7772307.00178842805326 ], [ 5546674.923949335701764, 7772277.071821358054876 ], [ 5546646.74688667524606, 7772277.953833529725671 ], [ 5546645.811172370798886, 7772248.023876159451902 ], [ 5546589.45713971555233, 7772249.787783816456795 ], [ 5546588.521510280668736, 7772219.857845991849899 ], [ 5546532.16756887268275, 7772221.621591495350003 ], [ 5546531.232024311088026, 7772191.691673212684691 ], [ 5546474.878174150362611, 7772193.455256557092071 ], [ 5546473.942714462988079, 7772163.525357814505696 ], [ 5546445.76583572011441, 7772164.407091138884425 ], [ 5546444.830412439070642, 7772134.477202085778117 ], [ 5546416.65358074195683, 7772135.358899792656302 ], [ 5546415.718193869106472, 7772105.429020432755351 ], [ 5546274.834256410598755, 7772109.836876207962632 ], [ 5546276.704533382318914, 7772169.696536326780915 ], [ 5546248.527644680812955, 7772170.577951401472092 ], [ 5546249.462716606445611, 7772200.507771385833621 ], [ 5546221.285778013989329, 7772201.389131154865026 ], [ 5546222.220789410173893, 7772231.318941136822104 ], [ 5546194.043800923973322, 7772232.200245596468449 ], [ 5546198.718434683047235, 7772381.849243985489011 ], [ 5546226.895665505900979, 7772380.9679887406528 ], [ 5546227.830604546703398, 7772410.897797791287303 ], [ 5546256.007882413454354, 7772410.016506927087903 ], [ 5546256.942857860587537, 7772439.946325669065118 ], [ 5546285.120182770304382, 7772439.064999187365174 ], [ 5546286.055194621905684, 7772468.994827617891133 ], [ 5546652.360919062048197, 7772457.533574524335563 ], [ 5546653.296548888087273, 7772487.463530816137791 ], [ 5546766.006148050539196, 7772483.935485191643238 ] ] ] ] } },
{ "type": "Feature", "properties": { "ID": 25, "Area_ha": 3174630.2, "x": 5880048.644, "y": 7758048.597, "CD_GEOCOD": "3137205", "NM_MUNICI": "Lagoa da Prata", "NM_MESO": "Central Mineira", "NM_MICRO": "BOM DESPACHO" }, "geometry": { "type": "MultiPolygon", "coordinates": [ [ [ [ 5880009.349747648462653, 7758233.875304568558931 ], [ 5880006.324635378085077, 7758173.711224777624011 ], [ 5880090.787523177452385, 7758169.450593058019876 ], [ 5880089.274790809489787, 7758139.368507195264101 ], [ 5880258.200210475362837, 7758130.845921909436584 ], [ 5880256.68716458324343, 7758100.763742007315159 ], [ 5880284.841344161890447, 7758099.343136250972748 ], [ 5880275.762365677393973, 7757918.849983812309802 ], [ 5880219.454592352733016, 7757921.691340088844299 ], [ 5880217.941459117457271, 7757891.609183393418789 ], [ 5879936.402945062145591, 7757905.81339689809829 ], [ 5879937.915588173083961, 7757935.895395124331117 ], [ 5879881.607759829610586, 7757938.735660864040256 ], [ 5879883.120285444892943, 7757968.81762845441699 ], [ 5879854.96631882339716, 7757970.23767732270062 ], [ 5879859.503631813451648, 7758060.483538866043091 ], [ 5879831.349515870213509, 7758061.903494765050709 ], [ 5879837.398797903209925, 7758182.231261478736997 ], [ 5879865.55310987867415, 7758180.811368951573968 ], [ 5879868.577732087112963, 7758240.975290291942656 ], [ 5880009.349747648462653, 7758233.875304568558931 ] ] ] ] } },
{ "type": "Feature", "properties": { "ID": 25, "Area_ha": 3174630.2, "x": 5882377.791, "y": 7757851.937, "CD_GEOCOD": "3137205", "NM_MUNICI": "Lagoa da Prata", "NM_MESO": "Central Mineira", "NM_MICRO": "BOM DESPACHO" }, "geometry": { "type": "MultiPolygon", "coordinates": [ [ [ [ 5882629.215868687257171, 7758131.692045206204057 ], [ 5882618.595865894109011, 7757921.107445865869522 ], [ 5882590.441974883899093, 7757922.531854584813118 ], [ 5882587.407610611990094, 7757862.36486754566431 ], [ 5882559.253815330564976, 7757863.789262609556317 ], [ 5882557.736652914434671, 7757833.705786576494575 ], [ 5882529.582904351875186, 7757835.130152091383934 ], [ 5882526.54861896019429, 7757774.963234991766512 ], [ 5882357.626667508855462, 7757783.50866455771029 ], [ 5882350.042082823812962, 7757633.091867046430707 ], [ 5882293.735237471759319, 7757635.940138923935592 ], [ 5882290.701462998986244, 7757575.773490888997912 ], [ 5882149.934799603186548, 7757582.893534192815423 ], [ 5882159.034418140538037, 7757763.393014477565885 ], [ 5882187.188049532473087, 7757761.969192005693913 ], [ 5882194.770773210562766, 7757912.38553415518254 ], [ 5882222.92464738432318, 7757910.961745666339993 ], [ 5882224.441182566806674, 7757941.045033162459731 ], [ 5882252.595103456638753, 7757939.621215123683214 ], [ 5882254.111668129451573, 7757969.704519565217197 ], [ 5882310.419601042754948, 7757966.856778951361775 ], [ 5882311.936244217678905, 7757996.940116224810481 ], [ 5882509.014280117116868, 7757986.971704051829875 ], [ 5882516.598918505012989, 7758137.388962475582957 ], [ 5882629.215868687257171, 7758131.692045206204057 ] ] ] ] } },
{ "type": "Feature", "properties": { "ID": 25, "Area_ha": 3174630.2, "x": 5880523.676, "y": 7757229.312, "CD_GEOCOD": "3137205", "NM_MUNICI": "Lagoa da Prata", "NM_MESO": "Central Mineira", "NM_MICRO": "BOM DESPACHO" }, "geometry": { "type": "MultiPolygon", "coordinates": [ [ [ [ 5880667.787341134622693, 7757295.885694446973503 ], [ 5880661.729799258522689, 7757175.556080263108015 ], [ 5880492.81371714733541, 7757184.085976418107748 ], [ 5880491.299577128142118, 7757154.003670627251267 ], [ 5880378.689005934633315, 7757159.689422445371747 ], [ 5880384.744664665311575, 7757280.018398314714432 ], [ 5880525.508853467181325, 7757272.911411941051483 ], [ 5880527.022964573465288, 7757302.993737795390189 ], [ 5880667.787341134622693, 7757295.885694446973503 ] ] ] ] } },
{ "type": "Feature", "properties": { "ID": 25, "Area_ha": 3174630.2, "x": 5881181.261, "y": 7757561.039, "CD_GEOCOD": "3137205", "NM_MUNICI": "Lagoa da Prata", "NM_MESO": "Central Mineira", "NM_MICRO": "BOM DESPACHO" }, "geometry": { "type": "MultiPolygon", "coordinates": [ [ [ [ 5881134.009302161633968, 7758146.951853545382619 ], [ 5881118.863162914291024, 7757846.12516481988132 ], [ 5881315.939472403377295, 7757836.169333267956972 ], [ 5881308.36395600065589, 7757685.755473149940372 ], [ 5881280.210449473001063, 7757687.177950456738472 ], [ 5881266.57373246178031, 7757416.433211610652506 ], [ 5881548.10428249463439, 7757402.204965366050601 ], [ 5881540.525194743648171, 7757251.790465098805726 ], [ 5881512.3723952062428, 7757253.213573588058352 ], [ 5881506.308969976380467, 7757132.882055897265673 ], [ 5881478.156364256516099, 7757134.305182415992022 ], [ 5881475.124632658436894, 7757074.139461655169725 ], [ 5881446.972122702747583, 7757075.562574461102486 ], [ 5881443.940411143004894, 7757015.396889669820666 ], [ 5881246.873463565483689, 7757025.357628791593015 ], [ 5881265.058444172143936, 7757386.350468130782247 ], [ 5881011.681194010190666, 7757399.152146852575243 ], [ 5881014.710868661291897, 7757459.317349308170378 ], [ 5880873.945159090682864, 7757466.427643792703748 ], [ 5880881.517779005691409, 7757616.840271878987551 ], [ 5880909.671170615591109, 7757615.418383173644543 ], [ 5880917.243548286147416, 7757765.831116928718984 ], [ 5880945.397182689979672, 7757764.409262084402144 ], [ 5880963.569488840177655, 7758125.400121016427875 ], [ 5880991.723709100857377, 7758123.978411086834967 ], [ 5880993.237990236841142, 7758154.061005383729935 ], [ 5881134.009302161633968, 7758146.951853545382619 ] ] ] ] } },
{ "type": "Feature", "properties": { "ID": 25, "Area_ha": 3174630.2, "x": 5877409.024, "y": 7756412.68, "CD_GEOCOD": "3135308", "NM_MUNICI": "Japaraíba", "NM_MESO": "Central Mineira", "NM_MICRO": "BOM DESPACHO" }, "geometry": { "type": "MultiPolygon", "coordinates": [ [ [ [ 5877551.339775680564344, 7757060.951626333408058 ], [ 5877537.756131336092949, 7756790.225808426737785 ], [ 5877565.90817320626229, 7756788.808715270832181 ], [ 5877552.322514612227678, 7756518.082839453592896 ], [ 5877580.474112863652408, 7756516.665558660402894 ], [ 5877572.925599881447852, 7756366.26225175242871 ], [ 5877601.07695063855499, 7756364.844846511259675 ], [ 5877584.467973656021059, 7756033.957489151507616 ], [ 5877556.317162403836846, 7756035.375068148598075 ], [ 5877551.78718074131757, 7755945.133130837231874 ], [ 5877411.033825890161097, 7755952.220580611377954 ], [ 5877412.543593941256404, 7755982.301146375015378 ], [ 5877187.337714717723429, 7755993.638575002551079 ], [ 5877184.318944009952247, 7755933.477697151713073 ], [ 5876987.264366220682859, 7755943.395780799910426 ], [ 5876993.300456596538424, 7756063.71709864679724 ], [ 5877246.658087520860136, 7756050.96543585229665 ], [ 5877252.695633095689118, 7756171.287338646128774 ], [ 5877280.846665721386671, 7756169.870323016308248 ], [ 5877282.356052629649639, 7756199.950817102566361 ], [ 5877310.507132014259696, 7756198.53377179056406 ], [ 5877312.016548555344343, 7756228.614282708615065 ], [ 5877340.167674695141613, 7756227.197207718156278 ], [ 5877346.205342897213995, 7756347.519324949011207 ], [ 5877374.356662925332785, 7756346.102267656475306 ], [ 5877386.431459752842784, 7756586.746678361669183 ], [ 5877330.128032767213881, 7756589.580494801513851 ], [ 5877331.637196926400065, 7756619.66101923212409 ], [ 5877303.485430963337421, 7756621.077843463979661 ], [ 5877311.030715371482074, 7756771.480402249842882 ], [ 5877226.574668225832283, 7756775.730365283787251 ], [ 5877232.609957916662097, 7756896.052241514436901 ], [ 5877429.675408805720508, 7756886.135466849431396 ], [ 5877438.729820217937231, 7757066.618975697085261 ], [ 5877551.339775680564344, 7757060.951626333408058 ] ] ] ] } },
{ "type": "Feature", "properties": { "ID": 4, "Area_ha": 9054090.08, "x": 5543156.06, "y": 7769595.864, "CD_GEOCOD": "3127107", "NM_MUNICI": "Frutal", "NM_MESO": "Triângulo Mineiro e Alto Paranaíba", "NM_MICRO": "FRUTAL" }, "geometry": { "type": "MultiPolygon", "coordinates": [ [ [ [ 5543353.581101755611598, 7769774.395720953121781 ], [ 5543349.856098608113825, 7769654.68031223770231 ], [ 5543378.028910172171891, 7769653.802591981366277 ], [ 5543367.783628113567829, 7769324.585096918977797 ], [ 5543198.749940081499517, 7769329.851381571032107 ], [ 5543201.543378380127251, 7769419.637796986848116 ], [ 5543173.370946497656405, 7769420.515322449617088 ], [ 5543176.164131291210651, 7769510.301707048900425 ], [ 5543147.991552416235209, 7769511.17915765196085 ], [ 5543149.853518605232239, 7769571.036727002821863 ], [ 5543121.680841266177595, 7769571.914112533442676 ], [ 5543120.749912689439952, 7769541.985337720252573 ], [ 5542867.196189569309354, 7769549.87984755076468 ], [ 5542868.126681438647211, 7769579.808534353971481 ], [ 5542839.953989928588271, 7769580.685464778915048 ], [ 5542845.536398336291313, 7769760.257523485459387 ], [ 5543099.093191038817167, 7769752.364039298146963 ], [ 5543096.300730728544295, 7769662.577746664173901 ], [ 5543124.473555049858987, 7769661.700435986742377 ], [ 5543127.266160921193659, 7769751.486757962033153 ], [ 5543155.439129387028515, 7769750.609431121498346 ], [ 5543156.370022548362613, 7769780.538214565254748 ], [ 5543353.581101755611598, 7769774.395720953121781 ] ] ] ] } },
{ "type": "Feature", "properties": { "ID": 4, "Area_ha": 9054090.08, "x": 5544644.959, "y": 7769361.135, "CD_GEOCOD": "3127107", "NM_MUNICI": "Frutal", "NM_MESO": "Triângulo Mineiro e Alto Paranaíba", "NM_MICRO": "FRUTAL" }, "geometry": { "type": "MultiPolygon", "coordinates": [ [ [ [ 5544781.998781765811145, 7769460.211792318150401 ], [ 5544778.263447377830744, 7769340.494378987699747 ], [ 5544665.574223445728421, 7769344.014441872015595 ], [ 5544663.706872321665287, 7769284.155812727287412 ], [ 5544635.534659842960536, 7769285.035734284669161 ], [ 5544634.601014774292707, 7769255.10642927698791 ], [ 5544521.912344763055444, 7769258.625699580647051 ], [ 5544526.579479293897748, 7769408.272026864811778 ], [ 5544667.441526470705867, 7769403.873070380650461 ], [ 5544669.308781396597624, 7769463.731698248535395 ], [ 5544781.998781765811145, 7769460.211792318150401 ] ] ] ] } },
{ "type": "Feature", "properties": { "ID": 4, "Area_ha": 9054090.08, "x": 5544524.918, "y": 7768827.63, "CD_GEOCOD": "3127107", "NM_MUNICI": "Frutal", "NM_MESO": "Triângulo Mineiro e Alto Paranaíba", "NM_MICRO": "FRUTAL" }, "geometry": { "type": "MultiPolygon", "coordinates": [ [ [ [ 5544655.303197045810521, 7769014.791973670944571 ], [ 5544649.700205759145319, 7768835.216073786839843 ], [ 5544677.871688800863922, 7768834.335959596559405 ], [ 5544673.201956021599472, 7768684.689322935417295 ], [ 5544616.859473923221231, 7768686.449603863060474 ], [ 5544615.92558837775141, 7768656.520295662805438 ], [ 5544559.583197675645351, 7768658.28041410446167 ], [ 5544557.7155846869573, 7768598.421836452558637 ], [ 5544445.031174562871456, 7768601.941605465486646 ], [ 5544446.898399204947054, 7768661.800104684196413 ], [ 5544418.727196034044027, 7768662.679913518019021 ], [ 5544422.461306914687157, 7768782.396870821714401 ], [ 5544394.289908154867589, 7768783.276594918221235 ], [ 5544395.223357287235558, 7768813.205824041739106 ], [ 5544367.051908567547798, 7768814.085492815822363 ], [ 5544372.652059742249548, 7768993.660805370658636 ], [ 5544457.167275313287973, 7768991.021838938817382 ], [ 5544458.100737384520471, 7769020.951086543500423 ], [ 5544655.303197045810521, 7769014.791973670944571 ] ] ] ] } },
{ "type": "Feature", "properties": { "ID": 25, "Area_ha": 3174630.2, "x": 5886019.139, "y": 7754607.841, "CD_GEOCOD": "3135308", "NM_MUNICI": "Japaraíba", "NM_MESO": "Central Mineira", "NM_MICRO": "BOM DESPACHO" }, "geometry": { "type": "MultiPolygon", "coordinates": [ [ [ [ 5886071.353697744198143, 7754759.943952919915318 ], [ 5886068.302803727798164, 7754699.773070942610502 ], [ 5886096.451443194411695, 7754698.34118983708322 ], [ 5886094.925917686894536, 7754668.255734523758292 ], [ 5886123.074505751021206, 7754666.823791989125311 ], [ 5886112.394934519194067, 7754456.225523395463824 ], [ 5886084.246690071187913, 7754457.657577546313405 ], [ 5886082.721007687970996, 7754427.572130869142711 ], [ 5885970.128203107975423, 7754433.299956317991018 ], [ 5885974.7046023523435, 7754523.556108275428414 ], [ 5885946.556248152628541, 7754524.987903082743287 ], [ 5885952.657642965205014, 7754645.329390363767743 ], [ 5885896.360534928739071, 7754648.192715972661972 ], [ 5885902.461223358288407, 7754768.534092980436981 ], [ 5886071.353697744198143, 7754759.943952919915318 ] ] ] ] } },
{ "type": "Feature", "properties": { "ID": 4, "Area_ha": 9054090.08, "x": 5578950.702, "y": 7767551.648, "CD_GEOCOD": "3117306", "NM_MUNICI": "Conceição das Alagoas", "NM_MESO": "Triângulo Mineiro e Alto Paranaíba", "NM_MICRO": "UBERABA" }, "geometry": { "type": "MultiPolygon", "coordinates": [ [ [ [ 5579119.222376889549196, 7768233.829493925906718 ], [ 5579112.270784273743629, 7768024.237667195498943 ], [ 5579084.100608247332275, 7768025.173303105868399 ], [ 5579076.155552341602743, 7767785.639866568148136 ], [ 5579132.495125629007816, 7767783.768382398411632 ], [ 5579118.587948241271079, 7767364.584567026235163 ], [ 5579005.911516389809549, 7767368.327937159687281 ], [ 5579004.91824502684176, 7767338.386277300305665 ], [ 5578976.749181873165071, 7767339.322016445919871 ], [ 5578973.769436845555902, 7767249.497067777439952 ], [ 5578917.431597546674311, 7767251.368472027592361 ], [ 5578908.492546805180609, 7766981.893810288980603 ], [ 5578880.324062239378691, 7766982.829537922516465 ], [ 5578879.330819061025977, 7766952.887918949127197 ], [ 5578738.48861653637141, 7766957.565926244482398 ], [ 5578739.481616726145148, 7766987.507493114098907 ], [ 5578626.80763309635222, 7766991.249037699773908 ], [ 5578630.778728526085615, 7767111.015137866139412 ], [ 5578799.790861202403903, 7767105.402797844260931 ], [ 5578809.720620883628726, 7767404.81866900715977 ], [ 5578866.058958182111382, 7767402.947733187116683 ], [ 5578879.959834893234074, 7767822.130234158597887 ], [ 5578908.12968145404011, 7767821.194843880832195 ], [ 5578911.108260534703732, 7767911.019695202820003 ], [ 5578939.278251321986318, 7767910.08429067954421 ], [ 5578943.249705439433455, 7768029.850799933075905 ], [ 5578971.419889023527503, 7768028.915391597896814 ], [ 5578974.39849110506475, 7768118.740304162725806 ], [ 5579002.568818902596831, 7768117.804881588555872 ], [ 5579006.540303650312126, 7768237.571472513489425 ], [ 5579119.222376889549196, 7768233.829493925906718 ] ] ] ] } },
{ "type": "Feature", "properties": { "ID": 25, "Area_ha": 3174630.2, "x": 5877941.174, "y": 7754146.255, "CD_GEOCOD": "3135308", "NM_MUNICI": "Japaraíba", "NM_MESO": "Central Mineira", "NM_MICRO": "BOM DESPACHO" }, "geometry": { "type": "MultiPolygon", "coordinates": [ [ [ [ 5878000.493407269008458, 7754203.578318214043975 ], [ 5877994.445001779124141, 7754083.254786930978298 ], [ 5877881.854469977319241, 7754088.932148763909936 ], [ 5877887.902090040035546, 7754209.255427315831184 ], [ 5878000.493407269008458, 7754203.578318214043975 ] ] ] ] } },
{ "type": "Feature", "properties": { "ID": 25, "Area_ha": 3174630.2, "x": 5886277.478, "y": 7753677.717, "CD_GEOCOD": "3135308", "NM_MUNICI": "Japaraíba", "NM_MESO": "Central Mineira", "NM_MICRO": "BOM DESPACHO" }, "geometry": { "type": "MultiPolygon", "coordinates": [ [ [ [ 5886375.561288473196328, 7754080.875086126849055 ], [ 5886374.034830698743463, 7754050.78947700932622 ], [ 5886402.182411452755332, 7754049.356715119443834 ], [ 5886399.129338859580457, 7753989.185468229465187 ], [ 5886596.16165188793093, 7753979.154637744650245 ], [ 5886594.634742461144924, 7753949.068904274143279 ], [ 5886622.78215738479048, 7753947.63573054317385 ], [ 5886621.255179235711694, 7753917.549982195720077 ], [ 5886733.844619354233146, 7753911.8167684674263 ], [ 5886732.317425174638629, 7753881.730957398191094 ], [ 5886760.464730308391154, 7753880.297524260357022 ], [ 5886758.937467401847243, 7753850.211698318831623 ], [ 5886787.084721117280424, 7753848.778203726746142 ], [ 5886777.920436934567988, 7753668.263175088912249 ], [ 5886749.77347785141319, 7753669.696765404194593 ], [ 5886745.191218149848282, 7753579.439313572831452 ], [ 5886717.044404074549675, 7753580.872906245291233 ], [ 5886712.46211508475244, 7753490.61551202274859 ], [ 5886684.315446021966636, 7753492.049107043072581 ], [ 5886679.733127757906914, 7753401.791770420968533 ], [ 5886623.440077348612249, 7753404.658919657580554 ], [ 5886621.912696908228099, 7753374.573174849152565 ], [ 5886481.180275890044868, 7753381.740331280976534 ], [ 5886482.707410766743124, 7753411.825996341183782 ], [ 5886257.535023733042181, 7753423.290952597744763 ], [ 5886256.008281756192446, 7753393.205415104515851 ], [ 5886227.86177206132561, 7753394.638345789164305 ], [ 5886226.335059584118426, 7753364.552825320512056 ], [ 5886141.895663942210376, 7753368.851392155513167 ], [ 5886140.369079191237688, 7753338.76592059340328 ], [ 5886027.783382354304194, 7753344.496769670397043 ], [ 5886036.941418016329408, 7753525.009232666343451 ], [ 5885755.474067111499608, 7753539.332213412038982 ], [ 5885753.948267951607704, 7753509.246959589421749 ], [ 5885641.361459193751216, 7753514.974941427819431 ], [ 5885653.565732190385461, 7753755.656492320820689 ], [ 5885681.712830709293485, 7753754.224692594259977 ], [ 5885684.763801166787744, 7753814.395122967660427 ], [ 5885712.910995579324663, 7753812.963309607468545 ], [ 5885714.436500511132181, 7753843.048542345874012 ], [ 5885742.583741711452603, 7753841.616699418984354 ], [ 5885744.109276144765317, 7753871.70194917358458 ], [ 5885800.403849804773927, 7753868.838158680126071 ], [ 5885803.455056270584464, 7753929.008725175634027 ], [ 5885916.044568624347448, 7753923.280725682154298 ], [ 5885903.837700970470905, 7753682.597975596785545 ], [ 5886129.013471903279424, 7753671.13877237867564 ], [ 5886133.592372845858335, 7753761.395178134553134 ], [ 5886161.73948111012578, 7753759.962620788253844 ], [ 5886166.318352869711816, 7753850.219084100797772 ], [ 5886222.612857070751488, 7753847.353928565979004 ], [ 5886227.19184694159776, 7753937.610497266054153 ], [ 5886255.339242872782052, 7753936.177899083122611 ], [ 5886262.970745904371142, 7754086.605614924803376 ], [ 5886375.561288473196328, 7754080.875086126849055 ] ] ] ] } },
{ "type": "Feature", "properties": { "ID": 4, "Area_ha": 9054090.08, "x": 5529653.199, "y": 7767140.729, "CD_GEOCOD": "3127107", "NM_MUNICI": "Frutal", "NM_MESO": "Triângulo Mineiro e Alto Paranaíba", "NM_MICRO": "FRUTAL" }, "geometry": { "type": "MultiPolygon", "coordinates": [ [ [ [ 5529711.354621174745262, 7767198.863743368536234 ], [ 5529707.718277025036514, 7767079.166847354732454 ], [ 5529595.043737542815506, 7767082.593527964316308 ], [ 5529598.679304634220898, 7767202.290271446108818 ], [ 5529711.354621174745262, 7767198.863743368536234 ] ] ] ] } },
{ "type": "Feature", "properties": { "ID": 4, "Area_ha": 9054090.08, "x": 5534262.765, "y": 7766670.442, "CD_GEOCOD": "3127107", "NM_MUNICI": "Frutal", "NM_MESO": "Triângulo Mineiro e Alto Paranaíba", "NM_MICRO": "FRUTAL" }, "geometry": { "type": "MultiPolygon", "coordinates": [ [ [ [ 5534321.852589707821608, 7766758.490529337897897 ], [ 5534316.349503146484494, 7766578.935750501230359 ], [ 5534203.678208256140351, 7766582.392780283465981 ], [ 5534209.180128934793174, 7766761.947328351438046 ], [ 5534321.852589707821608, 7766758.490529337897897 ] ] ] ] } },
{ "type": "Feature", "properties": { "ID": 4, "Area_ha": 9054090.08, "x": 5534948.565, "y": 7766114.918, "CD_GEOCOD": "3127107", "NM_MUNICI": "Frutal", "NM_MESO": "Triângulo Mineiro e Alto Paranaíba", "NM_MICRO": "FRUTAL" }, "geometry": { "type": "MultiPolygon", "coordinates": [ [ [ [ 5534955.943531623110175, 7766289.709508333355188 ], [ 5534955.025085590779781, 7766259.783488223329186 ], [ 5534983.192387795075774, 7766258.917972564697266 ], [ 5534982.273881364613771, 7766228.991942644119263 ], [ 5535010.441133581101894, 7766228.126371780410409 ], [ 5535009.522566752508283, 7766198.200332048349082 ], [ 5535037.689768981188536, 7766197.334705987013876 ], [ 5535035.852502712979913, 7766137.482606701552868 ], [ 5535064.01960636023432, 7766136.616915814578533 ], [ 5535060.344737718813121, 7766016.912676502019167 ], [ 5535032.177828436717391, 7766017.778405904769897 ], [ 5535029.421698709018528, 7765928.000253356993198 ], [ 5534916.75463068857789, 7765931.462830737233162 ], [ 5534918.591673569753766, 7765991.314855610020459 ], [ 5534890.424805874936283, 7765992.180366761982441 ], [ 5534892.26170433498919, 7766052.032371634617448 ], [ 5534864.094738056883216, 7766052.897817960008979 ], [ 5534865.931492101401091, 7766112.749802842736244 ], [ 5534837.764427240006626, 7766113.615184344351292 ], [ 5534843.274114454165101, 7766293.171076760627329 ], [ 5534955.943531623110175, 7766289.709508333355188 ] ] ] ] } },
{ "type": "Feature", "properties": { "ID": 4, "Area_ha": 9054090.08, "x": 5514631.481, "y": 7766868.191, "CD_GEOCOD": "3127107", "NM_MUNICI": "Frutal", "NM_MESO": "Triângulo Mineiro e Alto Paranaíba", "NM_MICRO": "FRUTAL" }, "geometry": { "type": "MultiPolygon", "coordinates": [ [ [ [ 5514577.432713974267244, 7767413.001750896684825 ], [ 5514571.250883434899151, 7767203.567494171671569 ], [ 5514599.419714295305312, 7767202.7350745908916 ], [ 5514598.536501655355096, 7767172.815884839743376 ], [ 5514626.705282610841095, 7767171.983410429209471 ], [ 5514625.822010053321719, 7767142.06421117298305 ], [ 5514653.990741105750203, 7767141.231681933626533 ], [ 5514653.107408630661666, 7767111.312473175115883 ], [ 5514709.444769577123225, 7767109.647259468212724 ], [ 5514706.794412631541491, 7767019.889576176181436 ], [ 5514819.468535643070936, 7767016.558490760624409 ], [ 5514818.584866360761225, 7766986.639225460588932 ], [ 5514874.921822660602629, 7766984.973390799947083 ], [ 5514874.038044890388846, 7766955.054106730036438 ], [ 5514930.374898675829172, 7766953.388071252033114 ], [ 5514929.491012415848672, 7766923.468768406659365 ], [ 5514957.659388724714518, 7766922.635673044249415 ], [ 5514956.775442535057664, 7766892.716360695660114 ], [ 5515013.112093983218074, 7766891.05001471657306 ], [ 5515012.22803929913789, 7766861.130683591589332 ], [ 5515040.396314437501132, 7766860.297432975843549 ], [ 5515039.512199820950627, 7766830.378092341125011 ], [ 5515067.680425046011806, 7766829.5447868835181 ], [ 5515066.796250495128334, 7766799.625436744652689 ], [ 5515094.96442580781877, 7766798.79207644239068 ], [ 5515091.427419641055167, 7766679.114636408165097 ], [ 5515063.259438596665859, 7766679.948033787310123 ], [ 5515061.490964430384338, 7766620.109330873936415 ], [ 5515033.323079173453152, 7766620.942701213993132 ], [ 5515032.438873605802655, 7766591.023358666338027 ], [ 5515004.27103556971997, 7766591.856692700646818 ], [ 5515002.502687468193471, 7766532.018025426194072 ], [ 5514974.334945223294199, 7766532.851332411170006 ], [ 5514972.566648793406785, 7766473.012682715430856 ], [ 5514944.399002344347537, 7766473.845962658524513 ], [ 5514942.630757588893175, 7766414.007330538704991 ], [ 5514886.295654936693609, 7766415.67379074729979 ], [ 5514885.411612655967474, 7766385.754492859356105 ], [ 5514829.076601757667959, 7766387.420789279043674 ], [ 5514828.192645260132849, 7766357.501509679481387 ], [ 5514715.522801583632827, 7766360.833592595532537 ], [ 5514720.825204364024103, 7766540.34904426895082 ], [ 5514467.315354341641068, 7766547.843064269982278 ], [ 5514472.614725389517844, 7766727.358007246628404 ], [ 5514416.278605522587895, 7766729.022732567973435 ], [ 5514418.044777423143387, 7766788.86100793723017 ], [ 5514333.540296127088368, 7766791.357698563486338 ], [ 5514334.423219350166619, 7766821.276808116585016 ], [ 5514306.255007660016418, 7766822.108937921002507 ], [ 5514307.137870965525508, 7766852.028037978336215 ], [ 5514278.969609365798533, 7766852.860112954862416 ], [ 5514279.852412754669785, 7766882.779203510843217 ], [ 5514251.684101245366037, 7766883.611223660409451 ], [ 5514252.566844719462097, 7766913.530304724350572 ], [ 5514224.398483299650252, 7766914.362270044162869 ], [ 5514234.989936857484281, 7767273.391112945042551 ], [ 5514263.158880982547998, 7767272.559258682653308 ], [ 5514264.04147688485682, 7767302.478336611762643 ], [ 5514292.210468218661845, 7767301.646446039900184 ], [ 5514293.093101323582232, 7767331.565532984212041 ], [ 5514462.107312390580773, 7767326.573288222774863 ], [ 5514464.756017545238137, 7767416.330714251846075 ], [ 5514577.432713974267244, 7767413.001750896684825 ] ] ] ] } },
{ "type": "Feature", "properties": { "ID": 4, "Area_ha": 9054090.08, "x": 5513560.741, "y": 7767265.534, "CD_GEOCOD": "3127107", "NM_MUNICI": "Frutal", "NM_MESO": "Triângulo Mineiro e Alto Paranaíba", "NM_MICRO": "FRUTAL" }, "geometry": { "type": "MultiPolygon", "coordinates": [ [ [ [ 5513477.093785599805415, 7768343.82272807136178 ], [ 5513476.212983129546046, 7768313.9039266128093 ], [ 5513814.260481568984687, 7768303.937750458717346 ], [ 5513808.090469946153462, 7768094.505356751382351 ], [ 5513779.920192210935056, 7768095.336186692118645 ], [ 5513779.038765150122344, 7768065.417281583882868 ], [ 5513750.868534609675407, 7768066.248075222596526 ], [ 5513743.817098174244165, 7767826.896899621002376 ], [ 5513771.986940388567746, 7767826.066031999886036 ], [ 5513770.223870788700879, 7767766.228217178024352 ], [ 5513798.393614571541548, 7767765.397285505197942 ], [ 5513796.630402518436313, 7767705.559451220557094 ], [ 5513824.80004786606878, 7767704.728455491364002 ], [ 5513821.273293473757803, 7767585.052747020497918 ], [ 5514215.645468541420996, 7767573.413504971191287 ], [ 5514216.527853827923536, 7767603.332561980001628 ], [ 5514329.205763909034431, 7767600.005461068823934 ], [ 5514331.853434232063591, 7767689.762741720303893 ], [ 5514360.023054031655192, 7767688.930880364961922 ], [ 5514360.905636645853519, 7767718.849982691928744 ], [ 5514501.753958189859986, 7767714.69003882072866 ], [ 5514498.222588665783405, 7767595.013442881405354 ], [ 5514470.05312123708427, 7767595.845559813082218 ], [ 5514468.287465431727469, 7767536.007278922945261 ], [ 5514440.11809375602752, 7767536.839368814602494 ], [ 5514438.352489626035094, 7767477.001105480827391 ], [ 5514410.183213704265654, 7767477.833168326877058 ], [ 5514409.300443157553673, 7767447.914045557379723 ], [ 5514240.285050676204264, 7767452.905521369539201 ], [ 5514238.520058141089976, 7767393.067386191338301 ], [ 5514210.350918455980718, 7767393.899157864972949 ], [ 5514205.93848124332726, 7767244.303861977532506 ], [ 5514121.431782425381243, 7767246.799042420461774 ], [ 5514117.902211029082537, 7767127.122912412509322 ], [ 5514061.564793543890119, 7767128.786212229169905 ], [ 5514051.858604302629828, 7766799.677038319408894 ], [ 5514108.194953436031938, 7766798.013534963130951 ], [ 5514097.603651808574796, 7766438.985089872032404 ], [ 5514125.771241532638669, 7766438.153158811852336 ], [ 5514122.240250220522285, 7766318.476965712383389 ], [ 5513953.235857455059886, 7766323.468090362846851 ], [ 5513954.118330858647823, 7766353.387083503417671 ], [ 5513531.606408379040658, 7766365.857577200978994 ], [ 5513532.488141833804548, 7766395.776431426405907 ], [ 5513504.320621001534164, 7766396.607423776760697 ], [ 5513505.202294548973441, 7766426.526268522255123 ], [ 5513477.034723797813058, 7766427.357206052169204 ], [ 5513477.916337437927723, 7766457.276041310280561 ], [ 5513421.581094759516418, 7766458.937761144712567 ], [ 5513422.462599922902882, 7766488.856577686034143 ], [ 5513366.127254724502563, 7766490.518096717074513 ], [ 5513367.008651413023472, 7766520.436894537881017 ], [ 5513338.840928226709366, 7766521.267576446756721 ], [ 5513339.722265013493598, 7766551.186364784836769 ], [ 5513311.554491912946105, 7766552.016991876065731 ], [ 5513312.435768799856305, 7766581.935770734213293 ], [ 5513284.267945785075426, 7766582.766343008726835 ], [ 5513286.03036842867732, 7766642.603881519287825 ], [ 5513229.69452409632504, 7766644.26485239341855 ], [ 5513230.575621288269758, 7766674.183602807112038 ], [ 5513202.407648539170623, 7766675.014010641723871 ], [ 5513203.288685834035277, 7766704.932751579210162 ], [ 5513175.120663175359368, 7766705.763104600831866 ], [ 5513176.001640576869249, 7766735.681836060248315 ], [ 5513147.833568006753922, 7766736.51213426887989 ], [ 5513148.714485515840352, 7766766.430856248363853 ], [ 5513120.546363038942218, 7766767.261099647730589 ], [ 5513121.427220655605197, 7766797.179812150076032 ], [ 5513093.25904826913029, 7766798.010000742040575 ], [ 5513094.139845995232463, 7766827.928703763522208 ], [ 5513065.971623702906072, 7766828.758837548084557 ], [ 5513066.852361539378762, 7766858.677531091496348 ], [ 5513038.684089339338243, 7766859.507610065862536 ], [ 5513039.564767288975418, 7766889.426294133067131 ], [ 5512983.228121735155582, 7766891.086296897381544 ], [ 5512987.630855998955667, 7767040.679621250368655 ], [ 5513015.79942225292325, 7767039.84968881495297 ], [ 5513017.560533810406923, 7767099.68703531101346 ], [ 5513045.729195836000144, 7767098.857075771316886 ], [ 5513052.77357754483819, 7767338.206525841727853 ], [ 5512996.43547525908798, 7767339.866251620464027 ], [ 5512999.076640225946903, 7767429.622235964983702 ], [ 5512858.230632744729519, 7767433.770614526234567 ], [ 5512859.110755665227771, 7767463.68922932818532 ], [ 5512802.772246177308261, 7767465.348243342712522 ], [ 5512803.652260676957667, 7767495.266839439980686 ], [ 5512775.48295536916703, 7767496.096268868073821 ], [ 5512776.362910000607371, 7767526.014855488203466 ], [ 5512748.19355480466038, 7767526.844230130314827 ], [ 5512749.073449567891657, 7767556.76280727609992 ], [ 5512664.565230281092227, 7767559.250630133785307 ], [ 5512668.963806124404073, 7767708.843373766168952 ], [ 5512725.30310579109937, 7767707.184963039122522 ], [ 5512727.062651089392602, 7767767.02209568861872 ], [ 5512755.232396000996232, 7767766.192840442061424 ], [ 5512756.112200217321515, 7767796.111415627412498 ], [ 5512784.281992329284549, 7767795.282124055549502 ], [ 5512786.04166389349848, 7767855.11929215118289 ], [ 5512814.211551752872765, 7767854.289973478764296 ], [ 5512815.091419097967446, 7767884.208566391840577 ], [ 5512843.261354154907167, 7767883.379211392253637 ], [ 5512845.901033895090222, 7767973.135016353800893 ], [ 5512874.071113235317171, 7767972.305643489584327 ], [ 5512875.830940205603838, 7768032.142864035442472 ], [ 5512904.001115280203521, 7768031.3134640827775 ], [ 5512904.881060322746634, 7768061.232083220034838 ], [ 5512933.051282595843077, 7768060.402646945789456 ], [ 5512933.931264854036272, 7768090.321275074034929 ], [ 5513046.612334683537483, 7768087.003111378289759 ], [ 5513045.732158275321126, 7768057.084446315653622 ], [ 5513073.902373839169741, 7768056.254782269708812 ], [ 5513062.458418931812048, 7767667.311994167044759 ], [ 5513231.475897850468755, 7767662.332332819700241 ], [ 5513230.595223070122302, 7767632.41359968483448 ], [ 5513455.951398069038987, 7767625.771425919607282 ], [ 5513470.927930285222828, 7768134.391112746670842 ], [ 5513358.246552675962448, 7768137.711935702711344 ], [ 5513364.411049025133252, 7768347.143292245455086 ], [ 5513477.093785599805415, 7768343.82272807136178 ] ] ] ] } },
{ "type": "Feature", "properties": { "ID": 4, "Area_ha": 9054090.08, "x": 5514326.243, "y": 7766339.401, "CD_GEOCOD": "3127107", "NM_MUNICI": "Frutal", "NM_MESO": "Triângulo Mineiro e Alto Paranaíba", "NM_MICRO": "FRUTAL" }, "geometry": { "type": "MultiPolygon", "coordinates": [ [ [ [ 5514437.381135767325759, 7766488.837207531556487 ], [ 5514429.431545405648649, 7766219.56485581677407 ], [ 5514344.929836706258357, 7766222.062210788950324 ], [ 5514344.046637842431664, 7766192.14308716263622 ], [ 5514203.210672624409199, 7766196.304480042308569 ], [ 5514207.625339003279805, 7766345.899864417500794 ], [ 5514235.79277762118727, 7766345.067723273299634 ], [ 5514238.441586961969733, 7766434.824978766962886 ], [ 5514266.609169953502715, 7766433.992819800972939 ], [ 5514268.375083236023784, 7766493.831007432192564 ], [ 5514437.381135767325759, 7766488.837207531556487 ] ] ] ] } },
{ "type": "Feature", "properties": { "ID": 25, "Area_ha": 3174630.2, "x": 5884627.025, "y": 7749202.865, "CD_GEOCOD": "3135308", "NM_MUNICI": "Japaraíba", "NM_MESO": "Central Mineira", "NM_MICRO": "BOM DESPACHO" }, "geometry": { "type": "MultiPolygon", "coordinates": [ [ [ [ 5884752.227169330231845, 7749337.465063070878386 ], [ 5884750.699984140694141, 7749307.380406972020864 ], [ 5884778.839814859442413, 7749305.947328338399529 ], [ 5884772.730681513436139, 7749185.608651079237461 ], [ 5884744.591047585010529, 7749187.04179332498461 ], [ 5884741.536461832001805, 7749126.872492963448167 ], [ 5884685.257383811287582, 7749129.738704320043325 ], [ 5884683.730159966275096, 7749099.65408755838871 ], [ 5884599.31167312618345, 7749103.953110426664352 ], [ 5884597.784577306360006, 7749073.868542446754873 ], [ 5884457.087298822589219, 7749081.032748401165009 ], [ 5884463.194580645300448, 7749201.370708823204041 ], [ 5884519.473892600275576, 7749198.505290370434523 ], [ 5884521.000762520357966, 7749228.589814963750541 ], [ 5884549.140464215539396, 7749227.157053261995316 ], [ 5884552.194243725389242, 7749287.326137471944094 ], [ 5884608.473836943507195, 7749284.460540933534503 ], [ 5884611.527734937146306, 7749344.629693043418229 ], [ 5884752.227169330231845, 7749337.465063070878386 ] ] ] ] } },
{ "type": "Feature", "properties": { "ID": 4, "Area_ha": 9054090.08, "x": 5540242.796, "y": 7762649.611, "CD_GEOCOD": "3127107", "NM_MUNICI": "Frutal", "NM_MESO": "Triângulo Mineiro e Alto Paranaíba", "NM_MICRO": "FRUTAL" }, "geometry": { "type": "MultiPolygon", "coordinates": [ [ [ [ 5540316.387398027814925, 7762769.02264931704849 ], [ 5540314.52896873652935, 7762709.166816214099526 ], [ 5540342.690502798184752, 7762708.291361272335052 ], [ 5540338.043977492488921, 7762558.651726935058832 ], [ 5540281.721394611522555, 7762560.402688355185091 ], [ 5540280.792151099070907, 7762530.474780403077602 ], [ 5540168.147162986919284, 7762533.976194536313415 ], [ 5540169.076211828738451, 7762563.90406362619251 ], [ 5540140.914912587031722, 7762564.779293367639184 ], [ 5540144.630794037133455, 7762684.490729162469506 ], [ 5540172.792287942953408, 7762683.615538269281387 ], [ 5540175.579219811595976, 7762773.399142453446984 ], [ 5540316.387398027814925, 7762769.02264931704849 ] ] ] ] } },
{ "type": "Feature", "properties": { "ID": 4, "Area_ha": 9054090.08, "x": 5508708.229, "y": 7759530.784, "CD_GEOCOD": "3127008", "NM_MUNICI": "Fronteira", "NM_MESO": "Triângulo Mineiro e Alto Paranaíba", "NM_MICRO": "FRUTAL" }, "geometry": { "type": "MultiPolygon", "coordinates": [ [ [ [ 5508766.294597525149584, 7759588.96750651486218 ], [ 5508762.7886464279145, 7759469.297812667675316 ], [ 5508650.16360495146364, 7759472.600608333945274 ], [ 5508653.668776632286608, 7759592.270155931822956 ], [ 5508766.294597525149584, 7759588.96750651486218 ] ] ] ] } },
{ "type": "Feature", "properties": { "ID": 4, "Area_ha": 9054090.08, "x": 5530669.922, "y": 7752432.994, "CD_GEOCOD": "3127107", "NM_MUNICI": "Frutal", "NM_MESO": "Triângulo Mineiro e Alto Paranaíba", "NM_MICRO": "FRUTAL" }, "geometry": { "type": "MultiPolygon", "coordinates": [ [ [ [ 5530728.046226024627686, 7752491.116105042397976 ], [ 5530724.376806233078241, 7752371.416837425902486 ], [ 5530611.798050130717456, 7752374.871694307774305 ], [ 5530615.466687950305641, 7752494.570809571072459 ], [ 5530728.046226024627686, 7752491.116105042397976 ] ] ] ] } },
{ "type": "Feature", "properties": { "ID": 11, "Area_ha": 2403787.33, "x": 5832411.939, "y": 7737093.409, "CD_GEOCOD": "3105103", "NM_MUNICI": "Bambuí", "NM_MESO": "Oeste", "NM_MICRO": "PIUÍ" }, "geometry": { "type": "MultiPolygon", "coordinates": [ [ [ [ 5832222.992083887569606, 7737472.910576732829213 ], [ 5832220.101069332100451, 7737412.798957588151097 ], [ 5832388.822793039493263, 7737404.660444078035653 ], [ 5832384.485243944451213, 7737314.492753271013498 ], [ 5832440.725504427216947, 7737311.779459299519658 ], [ 5832434.941452635452151, 7737191.555764187127352 ], [ 5832603.66099536139518, 7737183.414424272254109 ], [ 5832590.643133672885597, 7736912.910354675725102 ], [ 5832675.00154119823128, 7736908.838663104921579 ], [ 5832673.554871805012226, 7736878.782614890486002 ], [ 5832701.674287144094706, 7736877.425277773290873 ], [ 5832694.44041683152318, 7736727.144974948838353 ], [ 5832469.487008629366755, 7736738.002985272556543 ], [ 5832472.379821413196623, 7736798.1148651111871 ], [ 5832444.260536607354879, 7736799.471880289725959 ], [ 5832447.153176910243928, 7736859.583733717910945 ], [ 5832390.914403017610312, 7736862.297566897235811 ], [ 5832393.806772025302052, 7736922.409364078193903 ], [ 5832337.567791647277772, 7736925.122954242862761 ], [ 5832339.013849713839591, 7736955.178824284113944 ], [ 5832310.894306799396873, 7736956.535535692237318 ], [ 5832319.569972111843526, 7737136.870684415102005 ], [ 5832235.210440785624087, 7737140.940275160595775 ], [ 5832236.656172352842987, 7737170.996091527864337 ], [ 5832152.296472915448248, 7737175.065225037746131 ], [ 5832160.969586485996842, 7737355.399872731417418 ], [ 5832104.729182988405228, 7737358.112220288254321 ], [ 5832110.510495357215405, 7737478.33521652687341 ], [ 5832222.992083887569606, 7737472.910576732829213 ] ] ] ] } },
{ "type": "Feature", "properties": { "ID": 4, "Area_ha": 9054090.08, "x": 5531555.478, "y": 7744751.055, "CD_GEOCOD": "3127107", "NM_MUNICI": "Frutal", "NM_MESO": "Triângulo Mineiro e Alto Paranaíba", "NM_MICRO": "FRUTAL" }, "geometry": { "type": "MultiPolygon", "coordinates": [ [ [ [ 5531591.830523677170277, 7744856.390222162008286 ], [ 5531590.90829873085022, 7744826.464984316378832 ], [ 5531619.040641877800226, 7744825.596976184286177 ], [ 5531618.118356162682176, 7744795.671728622168303 ], [ 5531646.250648859888315, 7744794.80366503354162 ], [ 5531642.561192498542368, 7744675.102634742856026 ], [ 5531614.429095937870443, 7744675.970736428163946 ], [ 5531613.506751541048288, 7744646.045487890020013 ], [ 5531500.978547267615795, 7744649.517473351210356 ], [ 5531501.900695521384478, 7744679.442683797329664 ], [ 5531473.768591875210404, 7744680.31055579520762 ], [ 5531479.300940791144967, 7744859.86175724491477 ], [ 5531591.830523677170277, 7744856.390222162008286 ] ] ] ] } },
{ "type": "Feature", "properties": { "ID": 4, "Area_ha": 9054090.08, "x": 5531896.617, "y": 7742870.028, "CD_GEOCOD": "3127107", "NM_MUNICI": "Frutal", "NM_MESO": "Triângulo Mineiro e Alto Paranaíba", "NM_MICRO": "FRUTAL" }, "geometry": { "type": "MultiPolygon", "coordinates": [ [ [ [ 5531954.723112707026303, 7742928.14066103938967 ], [ 5531951.02819393761456, 7742808.439087238162756 ], [ 5531838.512038584798574, 7742811.915969852358103 ], [ 5531842.206172183156013, 7742931.617391251027584 ], [ 5531954.723112707026303, 7742928.14066103938967 ] ] ] ] } },
{ "type": "Feature", "properties": { "ID": 4, "Area_ha": 9054090.08, "x": 5531667.956, "y": 7742241.115, "CD_GEOCOD": "3127107", "NM_MUNICI": "Frutal", "NM_MESO": "Triângulo Mineiro e Alto Paranaíba", "NM_MICRO": "FRUTAL" }, "geometry": { "type": "MultiPolygon", "coordinates": [ [ [ [ 5531775.789453618228436, 7742604.176773745566607 ], [ 5531773.942348311655223, 7742544.326097249053419 ], [ 5531858.328150398097932, 7742541.718522924929857 ], [ 5531851.861881294287741, 7742332.240949096158147 ], [ 5531823.733625594526529, 7742333.110253173857927 ], [ 5531821.886112631298602, 7742273.25953509286046 ], [ 5531793.757953681051731, 7742274.128812236711383 ], [ 5531786.367824897170067, 7742034.726008316501975 ], [ 5531758.240057229064405, 7742035.595315656624734 ], [ 5531750.849569818936288, 7741796.192575462162495 ], [ 5531582.085290428251028, 7741801.407910803332925 ], [ 5531588.549946087412536, 7742010.88490935601294 ], [ 5531504.166756255552173, 7742013.491756373085082 ], [ 5531520.784865356050432, 7742552.146337691694498 ], [ 5531577.042093730531633, 7742550.408828293904662 ], [ 5531577.965308697894216, 7742580.334099994972348 ], [ 5531606.093969834968448, 7742579.465285854414105 ], [ 5531607.017222145572305, 7742609.390566879883409 ], [ 5531775.789453618228436, 7742604.176773745566607 ] ] ] ] } },
{ "type": "Feature", "properties": { "ID": 4, "Area_ha": 9054090.08, "x": 5533365.08, "y": 7741776.179, "CD_GEOCOD": "3127107", "NM_MUNICI": "Frutal", "NM_MESO": "Triângulo Mineiro e Alto Paranaíba", "NM_MICRO": "FRUTAL" }, "geometry": { "type": "MultiPolygon", "coordinates": [ [ [ [ 5533414.069179985672235, 7741864.523889448493719 ], [ 5533413.142466628924012, 7741834.59798424039036 ], [ 5533441.269904852844775, 7741833.725916244089603 ], [ 5533437.56273727864027, 7741714.02225530706346 ], [ 5533409.435495441779494, 7741714.894361504353583 ], [ 5533408.508723204955459, 7741684.968455344438553 ], [ 5533295.999937998130918, 7741688.45645846799016 ], [ 5533301.559216457419097, 7741868.011663395911455 ], [ 5533414.069179985672235, 7741864.523889448493719 ] ] ] ] } },
{ "type": "Feature", "properties": { "ID": 4, "Area_ha": 9054090.08, "x": 5532525.838, "y": 7742123.031, "CD_GEOCOD": "3127107", "NM_MUNICI": "Frutal", "NM_MESO": "Triângulo Mineiro e Alto Paranaíba", "NM_MICRO": "FRUTAL" }, "geometry": { "type": "MultiPolygon", "coordinates": [ [ [ [ 5532661.653113843873143, 7743026.096958367154002 ], [ 5532660.728221987374127, 7742996.171327663585544 ], [ 5532688.857565245591104, 7742995.300909656099975 ], [ 5532679.607509173452854, 7742696.044496675953269 ], [ 5532707.736360269598663, 7742695.173937309533358 ], [ 5532701.260277747176588, 7742485.694370031356812 ], [ 5532616.874750858172774, 7742488.306110532954335 ], [ 5532608.548837573267519, 7742218.97548202238977 ], [ 5532636.676906201057136, 7742218.104861996136606 ], [ 5532635.751696845516562, 7742188.179226106032729 ], [ 5532692.007731653749943, 7742186.437829043716192 ], [ 5532686.455639507621527, 7742006.883895239792764 ], [ 5532770.838797429576516, 7742004.27128311432898 ], [ 5532760.65724212769419, 7741675.088738447055221 ], [ 5532788.784418540075421, 7741674.217670851387084 ], [ 5532784.155722886323929, 7741524.58918609842658 ], [ 5532756.028791974298656, 7741525.460301387123764 ], [ 5532754.177329581230879, 7741465.608925218693912 ], [ 5532669.796822908334434, 7741468.222052375786006 ], [ 5532665.168697664514184, 7741318.593751651234925 ], [ 5532524.535718999803066, 7741322.948282131925225 ], [ 5532528.237260622903705, 7741442.650732402689755 ], [ 5532443.856867084279656, 7741445.262784380465746 ], [ 5532444.782075790688396, 7741475.188367867842317 ], [ 5532360.401522130705416, 7741477.799977337941527 ], [ 5532367.801590207032859, 7741717.20440955273807 ], [ 5532255.292594206519425, 7741720.685606684535742 ], [ 5532260.840973345562816, 7741900.238694017753005 ], [ 5532401.478687652386725, 7741895.887368555180728 ], [ 5532402.403621849603951, 7741925.812930086627603 ], [ 5532486.78638063929975, 7741923.201611607335508 ], [ 5532499.736286953091621, 7742342.159853264689445 ], [ 5532274.710070454515517, 7742349.121381940320134 ], [ 5532275.634582921862602, 7742379.046892926096916 ], [ 5532219.377916406840086, 7742380.786796274594963 ], [ 5532220.302318956702948, 7742410.712288005277514 ], [ 5532192.173934483900666, 7742411.582161186262965 ], [ 5532193.098276200704277, 7742441.507643195800483 ], [ 5532164.969841223210096, 7742442.377460873685777 ], [ 5532165.894122109748423, 7742472.302933158352971 ], [ 5532137.765636629424989, 7742473.172695330344141 ], [ 5532143.310780748724937, 7742652.725467806681991 ], [ 5532255.825892055407166, 7742649.246371977031231 ], [ 5532254.901534426026046, 7742619.320872263051569 ], [ 5532479.931296172551811, 7742612.360397740267217 ], [ 5532490.102902435697615, 7742941.541722930036485 ], [ 5532546.361408310942352, 7742939.801354378461838 ], [ 5532549.135530304163694, 7743029.578132608905435 ], [ 5532661.653113843873143, 7743026.096958367154002 ] ] ] ] } },
{ "type": "Feature", "properties": { "ID": 5, "Area_ha": 4957537.89, "x": 5766706.848, "y": 7717652.513, "CD_GEOCOD": "3121209", "NM_MUNICI": "Delfinópolis", "NM_MESO": "Sul/Sudoeste", "NM_MICRO": "PASSOS" }, "geometry": { "type": "MultiPolygon", "coordinates": [ [ [ [ 5766840.204189942218363, 7717820.143849644809961 ], [ 5766833.47725697979331, 7717670.031159244477749 ], [ 5766749.2142339553684, 7717673.816228203475475 ], [ 5766741.142250549979508, 7717493.681265586987138 ], [ 5766713.054870604537427, 7717494.942944872193038 ], [ 5766710.36417336948216, 7717434.897989450022578 ], [ 5766598.015030913054943, 7717439.944353804923594 ], [ 5766604.740651670843363, 7717590.056473307311535 ], [ 5766632.828189196065068, 7717588.79501992277801 ], [ 5766643.588699080981314, 7717828.974551464430988 ], [ 5766840.204189942218363, 7717820.143849644809961 ] ] ] ] } },
{ "type": "Feature", "properties": { "ID": 5, "Area_ha": 4957537.89, "x": 5762535.154, "y": 7709650.615, "CD_GEOCOD": "3147907", "NM_MUNICI": "Passos", "NM_MESO": "Sul/Sudoeste", "NM_MICRO": "PASSOS" }, "geometry": { "type": "MultiPolygon", "coordinates": [ [ [ [ 5762593.988986015319824, 7709708.138031978160143 ], [ 5762588.616317952983081, 7709588.056052174419165 ], [ 5762476.319292305968702, 7709593.092160519212484 ], [ 5762481.691161649301648, 7709713.173923058435321 ], [ 5762593.988986015319824, 7709708.138031978160143 ] ] ] ] } },
{ "type": "Feature", "properties": { "ID": 5, "Area_ha": 4957537.89, "x": 5765026.012, "y": 7708962.868, "CD_GEOCOD": "3147907", "NM_MUNICI": "Passos", "NM_MESO": "Sul/Sudoeste", "NM_MICRO": "PASSOS" }, "geometry": { "type": "MultiPolygon", "coordinates": [ [ [ [ 5765096.421220083720982, 7709054.243544690310955 ], [ 5765088.333331543020904, 7708874.113297164440155 ], [ 5764947.96797445602715, 7708880.430538065731525 ], [ 5764953.358969079330564, 7709000.517094952985644 ], [ 5764981.432244416326284, 7708999.253793981857598 ], [ 5764984.127740120515227, 7709059.297103215940297 ], [ 5765096.421220083720982, 7709054.243544690310955 ] ] ] ] } },
{ "type": "Feature", "properties": { "ID": 5, "Area_ha": 4957537.89, "x": 5763495.139, "y": 7690868.313, "CD_GEOCOD": "3147907", "NM_MUNICI": "Passos", "NM_MESO": "Sul/Sudoeste", "NM_MICRO": "PASSOS" }, "geometry": { "type": "MultiPolygon", "coordinates": [ [ [ [ 5763669.023012708872557, 7691099.310296803712845 ], [ 5763667.666053012013435, 7691069.289241343736649 ], [ 5763695.709391351789236, 7691068.018608449026942 ], [ 5763686.20984854362905, 7690857.871142031624913 ], [ 5763630.123874085955322, 7690860.41255078278482 ], [ 5763620.624208317138255, 7690650.265303062275052 ], [ 5763592.581570115871727, 7690651.536032245494425 ], [ 5763591.224457789212465, 7690621.515012776479125 ], [ 5763394.92628338560462, 7690630.408905183896422 ], [ 5763396.283043498173356, 7690660.429829871281981 ], [ 5763368.240388381294906, 7690661.700185724534094 ], [ 5763369.597081299871206, 7690691.721097465604544 ], [ 5763341.554373753257096, 7690692.991393115371466 ], [ 5763342.910999478772283, 7690723.012291912920773 ], [ 5763314.868239504285157, 7690724.282527358271182 ], [ 5763316.224798038601875, 7690754.303413206711411 ], [ 5763288.181985636241734, 7690755.573588449507952 ], [ 5763297.677070646546781, 7690965.719711213372648 ], [ 5763353.763397702015936, 7690963.179503599181771 ], [ 5763357.832768558524549, 7691053.242217754013836 ], [ 5763470.006001012399793, 7691048.16140507068485 ], [ 5763471.36262543965131, 7691078.182365136221051 ], [ 5763499.405978576280177, 7691076.912058860063553 ], [ 5763500.762636430561543, 7691106.933033057488501 ], [ 5763669.023012708872557, 7691099.310296803712845 ] ] ] ] } },
{ "type": "Feature", "properties": { "ID": 5, "Area_ha": 4957537.89, "x": 5727837.621, "y": 7678616.349, "CD_GEOCOD": "3164704", "NM_MUNICI": "São Sebastião do Paraíso", "NM_MESO": "Sul/Sudoeste", "NM_MICRO": "SÃO SEBASTIÃO DO PARAÍSO" }, "geometry": { "type": "MultiPolygon", "coordinates": [ [ [ [ 5727924.290905200876296, 7678672.703508000820875 ], [ 5727919.084954314865172, 7678552.686468861997128 ], [ 5727750.951161700300872, 7678559.994775155559182 ], [ 5727756.155899661593139, 7678680.011505397036672 ], [ 5727924.290905200876296, 7678672.703508000820875 ] ] ] ] } },
{ "type": "Feature", "properties": { "ID": 5, "Area_ha": 4957537.89, "x": 5806224.897, "y": 7617056.762, "CD_GEOCOD": "3143005", "NM_MUNICI": "Monte Belo", "NM_MESO": "Sul/Sudoeste", "NM_MICRO": "SÃO SEBASTIÃO DO PARAÍSO" }, "geometry": { "type": "MultiPolygon", "coordinates": [ [ [ [ 5806249.506545789539814, 7617145.891101509332657 ], [ 5806248.024152497760952, 7617115.849018126726151 ], [ 5806331.776789355091751, 7617111.705069247633219 ], [ 5806325.846415312960744, 7616991.536574888974428 ], [ 5806270.011741476133466, 7616994.299367886036634 ], [ 5806268.529207143001258, 7616964.257274452596903 ], [ 5806156.860038594342768, 7616969.782342778518796 ], [ 5806158.342365404590964, 7616999.824379928410053 ], [ 5806130.425015470944345, 7617001.20551336556673 ], [ 5806137.836122674867511, 7617151.415640808641911 ], [ 5806249.506545789539814, 7617145.891101509332657 ] ] ] ] } },
{ "type": "Feature", "properties": { "ID": 5, "Area_ha": 4957537.89, "x": 5823681.833, "y": 7599224.754, "CD_GEOCOD": "3166907", "NM_MUNICI": "Serrania", "NM_MESO": "Sul/Sudoeste", "NM_MICRO": "ALFENAS" }, "geometry": { "type": "MultiPolygon", "coordinates": [ [ [ [ 5823713.934732290916145, 7599460.958891427144408 ], [ 5823712.408123259432614, 7599430.907966947183013 ], [ 5823768.181948634795845, 7599428.066611900925636 ], [ 5823757.494443563744426, 7599217.709964955225587 ], [ 5823869.04060158226639, 7599212.026276674121618 ], [ 5823865.986446588300169, 7599151.924270978197455 ], [ 5823893.872875437140465, 7599150.503200012259185 ], [ 5823887.764137694612145, 7599030.299142012372613 ], [ 5823553.129338544793427, 7599047.349506366997957 ], [ 5823554.655923113226891, 7599077.40034768730402 ], [ 5823526.76962165441364, 7599078.820884404703975 ], [ 5823546.612883808091283, 7599469.481716352514923 ], [ 5823713.934732290916145, 7599460.958891427144408 ] ] ] ] } }
]
}
